timestamp,parking_id,parking_name,parking_type,latitude,longitude,total_spaces,occupied_spaces,available_spaces,occupancy_rate,distance_km,price_per_hour,traffic_level,weather,is_weekend,is_peak_hour,event_flag,data_source
2026-01-01 08:00:00,P1,Central Mall Parking,Mall,12.9719,77.5937,200,65,135,0.325,0.8,40,high,clear,0,1,0,simulated
2026-01-01 08:00:00,P2,City Office Parking,Office,12.975,77.5945,150,67,83,0.4467,1.4,30,high,clear,0,1,0,simulated
2026-01-01 08:00:00,P3,Market Road Parking,Street,12.9698,77.5962,80,46,34,0.575,0.5,20,high,clear,0,1,0,simulated
2026-01-01 08:00:00,P4,Metro Station Parking,Transit,12.9784,77.5915,250,224,26,0.896,1.8,25,high,clear,0,1,0,simulated
2026-01-01 08:00:00,P5,College Campus Parking,Campus,12.9675,77.594,120,45,75,0.375,1.0,15,high,clear,0,1,0,simulated
2026-01-01 08:30:00,P1,Central Mall Parking,Mall,12.9719,77.5937,200,67,133,0.335,0.8,40,high,rain,0,1,0,simulated
2026-01-01 08:30:00,P2,City Office Parking,Office,12.975,77.5945,150,74,76,0.4933,1.4,30,high,rain,0,1,0,simulated
2026-01-01 08:30:00,P3,Market Road Parking,Street,12.9698,77.5962,80,51,29,0.6375,0.5,20,high,rain,0,1,0,simulated
2026-01-01 08:30:00,P4,Metro Station Parking,Transit,12.9784,77.5915,250,219,31,0.876,1.8,25,high,rain,0,1,0,simulated
2026-01-01 08:30:00,P5,College Campus Parking,Campus,12.9675,77.594,120,42,78,0.35,1.0,15,high,rain,0,1,0,simulated
2026-01-01 09:00:00,P1,Central Mall Parking,Mall,12.9719,77.5937,200,55,145,0.275,0.8,40,high,clear,0,1,0,simulated
2026-01-01 09:00:00,P2,City Office Parking,Office,12.975,77.5945,150,126,24,0.84,1.4,30,high,clear,0,1,0,simulated
2026-01-01 09:00:00,P3,Market Road Parking,Street,12.9698,77.5962,80,48,32,0.6,0.5,20,high,clear,0,1,0,simulated
2026-01-01 09:00:00,P4,Metro Station Parking,Transit,12.9784,77.5915,250,215,35,0.86,1.8,25,high,clear,0,1,0,simulated
2026-01-01 09:00:00,P5,College Campus Parking,Campus,12.9675,77.594,120,100,20,0.8333,1.0,15,high,clear,0,1,0,simulated
2026-01-01 09:30:00,P1,Central Mall Parking,Mall,12.9719,77.5937,200,51,149,0.255,0.8,40,high,cloudy,0,1,0,simulated
2026-01-01 09:30:00,P2,City Office Parking,Office,12.975,77.5945,150,125,25,0.8333,1.4,30,high,cloudy,0,1,0,simulated
2026-01-01 09:30:00,P3,Market Road Parking,Street,12.9698,77.5962,80,51,29,0.6375,0.5,20,high,cloudy,0,1,0,simulated
2026-01-01 09:30:00,P4,Metro Station Parking,Transit,12.9784,77.5915,250,221,29,0.884,1.8,25,high,cloudy,0,1,0,simulated
2026-01-01 09:30:00,P5,College Campus Parking,Campus,12.9675,77.594,120,97,23,0.8083,1.0,15,high,cloudy,0,1,0,simulated
2026-01-01 10:00:00,P1,Central Mall Parking,Mall,12.9719,77.5937,200,54,146,0.27,0.8,40,high,cloudy,0,1,0,simulated
2026-01-01 10:00:00,P2,City Office Parking,Office,12.975,77.5945,150,118,32,0.7867,1.4,30,high,cloudy,0,1,0,simulated
2026-01-01 10:00:00,P3,Market Road Parking,Street,12.9698,77.5962,80,47,33,0.5875,0.5,20,high,cloudy,0,1,0,simulated
2026-01-01 10:00:00,P4,Metro Station Parking,Transit,12.9784,77.5915,250,205,45,0.82,1.8,25,high,cloudy,0,1,0,simulated
2026-01-01 10:00:00,P5,College Campus Parking,Campus,12.9675,77.594,120,100,20,0.8333,1.0,15,high,cloudy,0,1,0,simulated
2026-01-01 10:30:00,P1,Central Mall Parking,Mall,12.9719,77.5937,200,46,154,0.23,0.8,40,medium,cloudy,0,0,0,simulated
2026-01-01 10:30:00,P2,City Office Parking,Office,12.975,77.5945,150,115,35,0.7667,1.4,30,medium,cloudy,0,0,0,simulated
2026-01-01 10:30:00,P3,Market Road Parking,Street,12.9698,77.5962,80,43,37,0.5375,0.5,20,medium,cloudy,0,0,0,simulated
2026-01-01 10:30:00,P4,Metro Station Parking,Transit,12.9784,77.5915,250,138,112,0.552,1.8,25,medium,cloudy,0,0,0,simulated
2026-01-01 10:30:00,P5,College Campus Parking,Campus,12.9675,77.594,120,86,34,0.7167,1.0,15,medium,cloudy,0,0,0,simulated
2026-01-01 11:00:00,P1,Central Mall Parking,Mall,12.9719,77.5937,200,122,78,0.61,0.8,40,medium,clear,0,0,0,simulated
2026-01-01 11:00:00,P2,City Office Parking,Office,12.975,77.5945,150,108,42,0.72,1.4,30,medium,clear,0,0,0,simulated
2026-01-01 11:00:00,P3,Market Road Parking,Street,12.9698,77.5962,80,47,33,0.5875,0.5,20,medium,clear,0,0,0,simulated
2026-01-01 11:00:00,P4,Metro Station Parking,Transit,12.9784,77.5915,250,118,132,0.472,1.8,25,medium,clear,0,0,0,simulated
2026-01-01 11:00:00,P5,College Campus Parking,Campus,12.9675,77.594,120,90,30,0.75,1.0,15,medium,clear,0,0,0,simulated
2026-01-01 11:30:00,P1,Central Mall Parking,Mall,12.9719,77.5937,200,121,79,0.605,0.8,40,medium,clear,0,0,0,simulated
2026-01-01 11:30:00,P2,City Office Parking,Office,12.975,77.5945,150,133,17,0.8867,1.4,30,medium,clear,0,0,0,simulated
2026-01-01 11:30:00,P3,Market Road Parking,Street,12.9698,77.5962,80,53,27,0.6625,0.5,20,medium,clear,0,0,0,simulated
2026-01-01 11:30:00,P4,Metro Station Parking,Transit,12.9784,77.5915,250,130,120,0.52,1.8,25,medium,clear,0,0,0,simulated
2026-01-01 11:30:00,P5,College Campus Parking,Campus,12.9675,77.594,120,94,26,0.7833,1.0,15,medium,clear,0,0,0,simulated
2026-01-01 12:00:00,P1,Central Mall Parking,Mall,12.9719,77.5937,200,132,68,0.66,0.8,40,medium,cloudy,0,0,0,simulated
2026-01-01 12:00:00,P2,City Office Parking,Office,12.975,77.5945,150,138,12,0.92,1.4,30,medium,cloudy,0,0,0,simulated
2026-01-01 12:00:00,P3,Market Road Parking,Street,12.9698,77.5962,80,46,34,0.575,0.5,20,medium,cloudy,0,0,0,simulated
2026-01-01 12:00:00,P4,Metro Station Parking,Transit,12.9784,77.5915,250,141,109,0.564,1.8,25,medium,cloudy,0,0,0,simulated
2026-01-01 12:00:00,P5,College Campus Parking,Campus,12.9675,77.594,120,91,29,0.7583,1.0,15,medium,cloudy,0,0,0,simulated
2026-01-01 12:30:00,P1,Central Mall Parking,Mall,12.9719,77.5937,200,127,73,0.635,0.8,40,medium,cloudy,0,0,0,simulated
2026-01-01 12:30:00,P2,City Office Parking,Office,12.975,77.5945,150,124,26,0.8267,1.4,30,medium,cloudy,0,0,0,simulated
2026-01-01 12:30:00,P3,Market Road Parking,Street,12.9698,77.5962,80,53,27,0.6625,0.5,20,medium,cloudy,0,0,0,simulated
2026-01-01 12:30:00,P4,Metro Station Parking,Transit,12.9784,77.5915,250,135,115,0.54,1.8,25,medium,cloudy,0,0,0,simulated
2026-01-01 12:30:00,P5,College Campus Parking,Campus,12.9675,77.594,120,103,17,0.8583,1.0,15,medium,cloudy,0,0,0,simulated
2026-01-01 13:00:00,P1,Central Mall Parking,Mall,12.9719,77.5937,200,140,60,0.7,0.8,40,medium,rain,0,0,0,simulated
2026-01-01 13:00:00,P2,City Office Parking,Office,12.975,77.5945,150,131,19,0.8733,1.4,30,medium,rain,0,0,0,simulated
2026-01-01 13:00:00,P3,Market Road Parking,Street,12.9698,77.5962,80,50,30,0.625,0.5,20,medium,rain,0,0,0,simulated
2026-01-01 13:00:00,P4,Metro Station Parking,Transit,12.9784,77.5915,250,132,118,0.528,1.8,25,medium,rain,0,0,0,simulated
2026-01-01 13:00:00,P5,College Campus Parking,Campus,12.9675,77.594,120,98,22,0.8167,1.0,15,medium,rain,0,0,0,simulated
2026-01-01 13:30:00,P1,Central Mall Parking,Mall,12.9719,77.5937,200,135,65,0.675,0.8,40,medium,cloudy,0,0,0,simulated
2026-01-01 13:30:00,P2,City Office Parking,Office,12.975,77.5945,150,135,15,0.9,1.4,30,medium,cloudy,0,0,0,simulated
2026-01-01 13:30:00,P3,Market Road Parking,Street,12.9698,77.5962,80,52,28,0.65,0.5,20,medium,cloudy,0,0,0,simulated
2026-01-01 13:30:00,P4,Metro Station Parking,Transit,12.9784,77.5915,250,132,118,0.528,1.8,25,medium,cloudy,0,0,0,simulated
2026-01-01 13:30:00,P5,College Campus Parking,Campus,12.9675,77.594,120,95,25,0.7917,1.0,15,medium,cloudy,0,0,0,simulated
2026-01-01 14:00:00,P1,Central Mall Parking,Mall,12.9719,77.5937,200,132,68,0.66,0.8,40,medium,clear,0,0,0,simulated
2026-01-01 14:00:00,P2,City Office Parking,Office,12.975,77.5945,150,127,23,0.8467,1.4,30,medium,clear,0,0,0,simulated
2026-01-01 14:00:00,P3,Market Road Parking,Street,12.9698,77.5962,80,52,28,0.65,0.5,20,medium,clear,0,0,0,simulated
2026-01-01 14:00:00,P4,Metro Station Parking,Transit,12.9784,77.5915,250,117,133,0.468,1.8,25,medium,clear,0,0,0,simulated
2026-01-01 14:00:00,P5,College Campus Parking,Campus,12.9675,77.594,120,101,19,0.8417,1.0,15,medium,clear,0,0,0,simulated
2026-01-01 14:30:00,P1,Central Mall Parking,Mall,12.9719,77.5937,200,133,67,0.665,0.8,40,medium,clear,0,0,0,simulated
2026-01-01 14:30:00,P2,City Office Parking,Office,12.975,77.5945,150,129,21,0.86,1.4,30,medium,clear,0,0,0,simulated
2026-01-01 14:30:00,P3,Market Road Parking,Street,12.9698,77.5962,80,54,26,0.675,0.5,20,medium,clear,0,0,0,simulated
2026-01-01 14:30:00,P4,Metro Station Parking,Transit,12.9784,77.5915,250,117,133,0.468,1.8,25,medium,clear,0,0,0,simulated
2026-01-01 14:30:00,P5,College Campus Parking,Campus,12.9675,77.594,120,104,16,0.8667,1.0,15,medium,clear,0,0,0,simulated
2026-01-01 15:00:00,P1,Central Mall Parking,Mall,12.9719,77.5937,200,135,65,0.675,0.8,40,low,clear,0,0,0,simulated
2026-01-01 15:00:00,P2,City Office Parking,Office,12.975,77.5945,150,131,19,0.8733,1.4,30,low,clear,0,0,0,simulated
2026-01-01 15:00:00,P3,Market Road Parking,Street,12.9698,77.5962,80,45,35,0.5625,0.5,20,low,clear,0,0,0,simulated
2026-01-01 15:00:00,P4,Metro Station Parking,Transit,12.9784,77.5915,250,139,111,0.556,1.8,25,low,clear,0,0,0,simulated
2026-01-01 15:00:00,P5,College Campus Parking,Campus,12.9675,77.594,120,95,25,0.7917,1.0,15,low,clear,0,0,0,simulated
2026-01-01 15:30:00,P1,Central Mall Parking,Mall,12.9719,77.5937,200,144,56,0.72,0.8,40,low,clear,0,0,0,simulated
2026-01-01 15:30:00,P2,City Office Parking,Office,12.975,77.5945,150,115,35,0.7667,1.4,30,low,clear,0,0,0,simulated
2026-01-01 15:30:00,P3,Market Road Parking,Street,12.9698,77.5962,80,38,42,0.475,0.5,20,low,clear,0,0,0,simulated
2026-01-01 15:30:00,P4,Metro Station Parking,Transit,12.9784,77.5915,250,142,108,0.568,1.8,25,low,clear,0,0,0,simulated
2026-01-01 15:30:00,P5,College Campus Parking,Campus,12.9675,77.594,120,98,22,0.8167,1.0,15,low,clear,0,0,0,simulated
2026-01-01 16:00:00,P1,Central Mall Parking,Mall,12.9719,77.5937,200,151,49,0.755,0.8,40,medium,clear,0,0,0,simulated
2026-01-01 16:00:00,P2,City Office Parking,Office,12.975,77.5945,150,115,35,0.7667,1.4,30,medium,clear,0,0,0,simulated
2026-01-01 16:00:00,P3,Market Road Parking,Street,12.9698,77.5962,80,41,39,0.5125,0.5,20,medium,clear,0,0,0,simulated
2026-01-01 16:00:00,P4,Metro Station Parking,Transit,12.9784,77.5915,250,142,108,0.568,1.8,25,medium,clear,0,0,0,simulated
2026-01-01 16:00:00,P5,College Campus Parking,Campus,12.9675,77.594,120,100,20,0.8333,1.0,15,medium,clear,0,0,0,simulated
2026-01-01 16:30:00,P1,Central Mall Parking,Mall,12.9719,77.5937,200,147,53,0.735,0.8,40,medium,clear,0,0,0,simulated
2026-01-01 16:30:00,P2,City Office Parking,Office,12.975,77.5945,150,112,38,0.7467,1.4,30,medium,clear,0,0,0,simulated
2026-01-01 16:30:00,P3,Market Road Parking,Street,12.9698,77.5962,80,40,40,0.5,0.5,20,medium,clear,0,0,0,simulated
2026-01-01 16:30:00,P4,Metro Station Parking,Transit,12.9784,77.5915,250,116,134,0.464,1.8,25,medium,clear,0,0,0,simulated
2026-01-01 16:30:00,P5,College Campus Parking,Campus,12.9675,77.594,120,58,62,0.4833,1.0,15,medium,clear,0,0,0,simulated
2026-01-01 17:00:00,P1,Central Mall Parking,Mall,12.9719,77.5937,200,166,34,0.83,0.8,40,high,clear,0,1,0,simulated
2026-01-01 17:00:00,P2,City Office Parking,Office,12.975,77.5945,150,126,24,0.84,1.4,30,high,clear,0,1,0,simulated
2026-01-01 17:00:00,P3,Market Road Parking,Street,12.9698,77.5962,80,47,33,0.5875,0.5,20,high,clear,0,1,0,simulated
2026-01-01 17:00:00,P4,Metro Station Parking,Transit,12.9784,77.5915,250,225,25,0.9,1.8,25,high,clear,0,1,0,simulated
2026-01-01 17:00:00,P5,College Campus Parking,Campus,12.9675,77.594,120,63,57,0.525,1.0,15,high,clear,0,1,0,simulated
2026-01-01 17:30:00,P1,Central Mall Parking,Mall,12.9719,77.5937,200,153,47,0.765,0.8,40,high,cloudy,0,1,0,simulated
2026-01-01 17:30:00,P2,City Office Parking,Office,12.975,77.5945,150,127,23,0.8467,1.4,30,high,cloudy,0,1,0,simulated
2026-01-01 17:30:00,P3,Market Road Parking,Street,12.9698,77.5962,80,45,35,0.5625,0.5,20,high,cloudy,0,1,0,simulated
2026-01-01 17:30:00,P4,Metro Station Parking,Transit,12.9784,77.5915,250,213,37,0.852,1.8,25,high,cloudy,0,1,0,simulated
2026-01-01 17:30:00,P5,College Campus Parking,Campus,12.9675,77.594,120,65,55,0.5417,1.0,15,high,cloudy,0,1,0,simulated
2026-01-01 18:00:00,P1,Central Mall Parking,Mall,12.9719,77.5937,200,152,48,0.76,0.8,40,high,cloudy,0,1,0,simulated
2026-01-01 18:00:00,P2,City Office Parking,Office,12.975,77.5945,150,128,22,0.8533,1.4,30,high,cloudy,0,1,0,simulated
2026-01-01 18:00:00,P3,Market Road Parking,Street,12.9698,77.5962,80,46,34,0.575,0.5,20,high,cloudy,0,1,0,simulated
2026-01-01 18:00:00,P4,Metro Station Parking,Transit,12.9784,77.5915,250,238,12,0.952,1.8,25,high,cloudy,0,1,0,simulated
2026-01-01 18:00:00,P5,College Campus Parking,Campus,12.9675,77.594,120,67,53,0.5583,1.0,15,high,cloudy,0,1,0,simulated
2026-01-01 18:30:00,P1,Central Mall Parking,Mall,12.9719,77.5937,200,144,56,0.72,0.8,40,medium,clear,0,1,0,simulated
2026-01-01 18:30:00,P2,City Office Parking,Office,12.975,77.5945,150,77,73,0.5133,1.4,30,medium,clear,0,1,0,simulated
2026-01-01 18:30:00,P3,Market Road Parking,Street,12.9698,77.5962,80,42,38,0.525,0.5,20,medium,clear,0,1,0,simulated
2026-01-01 18:30:00,P4,Metro Station Parking,Transit,12.9784,77.5915,250,223,27,0.892,1.8,25,medium,clear,0,1,0,simulated
2026-01-01 18:30:00,P5,College Campus Parking,Campus,12.9675,77.594,120,27,93,0.225,1.0,15,medium,clear,0,1,0,simulated
2026-01-01 19:00:00,P1,Central Mall Parking,Mall,12.9719,77.5937,200,159,41,0.795,0.8,40,medium,cloudy,0,1,0,simulated
2026-01-01 19:00:00,P2,City Office Parking,Office,12.975,77.5945,150,70,80,0.4667,1.4,30,medium,cloudy,0,1,0,simulated
2026-01-01 19:00:00,P3,Market Road Parking,Street,12.9698,77.5962,80,45,35,0.5625,0.5,20,medium,cloudy,0,1,0,simulated
2026-01-01 19:00:00,P4,Metro Station Parking,Transit,12.9784,77.5915,250,224,26,0.896,1.8,25,medium,cloudy,0,1,0,simulated
2026-01-01 19:00:00,P5,College Campus Parking,Campus,12.9675,77.594,120,35,85,0.2917,1.0,15,medium,cloudy,0,1,0,simulated
2026-01-01 19:30:00,P1,Central Mall Parking,Mall,12.9719,77.5937,200,159,41,0.795,0.8,40,high,rain,0,1,0,simulated
2026-01-01 19:30:00,P2,City Office Parking,Office,12.975,77.5945,150,81,69,0.54,1.4,30,high,rain,0,1,0,simulated
2026-01-01 19:30:00,P3,Market Road Parking,Street,12.9698,77.5962,80,45,35,0.5625,0.5,20,high,rain,0,1,0,simulated
2026-01-01 19:30:00,P4,Metro Station Parking,Transit,12.9784,77.5915,250,229,21,0.916,1.8,25,high,rain,0,1,0,simulated
2026-01-01 19:30:00,P5,College Campus Parking,Campus,12.9675,77.594,120,31,89,0.2583,1.0,15,high,rain,0,1,0,simulated
2026-01-01 20:00:00,P1,Central Mall Parking,Mall,12.9719,77.5937,200,155,45,0.775,0.8,40,high,cloudy,0,1,0,simulated
2026-01-01 20:00:00,P2,City Office Parking,Office,12.975,77.5945,150,75,75,0.5,1.4,30,high,cloudy,0,1,0,simulated
2026-01-01 20:00:00,P3,Market Road Parking,Street,12.9698,77.5962,80,49,31,0.6125,0.5,20,high,cloudy,0,1,0,simulated
2026-01-01 20:00:00,P4,Metro Station Parking,Transit,12.9784,77.5915,250,213,37,0.852,1.8,25,high,cloudy,0,1,0,simulated
2026-01-01 20:00:00,P5,College Campus Parking,Campus,12.9675,77.594,120,32,88,0.2667,1.0,15,high,cloudy,0,1,0,simulated
2026-01-02 08:00:00,P1,Central Mall Parking,Mall,12.9719,77.5937,200,49,151,0.245,0.8,40,high,clear,0,1,0,simulated
2026-01-02 08:00:00,P2,City Office Parking,Office,12.975,77.5945,150,61,89,0.4067,1.4,30,high,clear,0,1,0,simulated
2026-01-02 08:00:00,P3,Market Road Parking,Street,12.9698,77.5962,80,48,32,0.6,0.5,20,high,clear,0,1,0,simulated
2026-01-02 08:00:00,P4,Metro Station Parking,Transit,12.9784,77.5915,250,223,27,0.892,1.8,25,high,clear,0,1,0,simulated
2026-01-02 08:00:00,P5,College Campus Parking,Campus,12.9675,77.594,120,45,75,0.375,1.0,15,high,clear,0,1,0,simulated
2026-01-02 08:30:00,P1,Central Mall Parking,Mall,12.9719,77.5937,200,63,137,0.315,0.8,40,high,clear,0,1,0,simulated
2026-01-02 08:30:00,P2,City Office Parking,Office,12.975,77.5945,150,59,91,0.3933,1.4,30,high,clear,0,1,0,simulated
2026-01-02 08:30:00,P3,Market Road Parking,Street,12.9698,77.5962,80,44,36,0.55,0.5,20,high,clear,0,1,0,simulated
2026-01-02 08:30:00,P4,Metro Station Parking,Transit,12.9784,77.5915,250,219,31,0.876,1.8,25,high,clear,0,1,0,simulated
2026-01-02 08:30:00,P5,College Campus Parking,Campus,12.9675,77.594,120,39,81,0.325,1.0,15,high,clear,0,1,0,simulated
2026-01-02 09:00:00,P1,Central Mall Parking,Mall,12.9719,77.5937,200,51,149,0.255,0.8,40,high,rain,0,1,0,simulated
2026-01-02 09:00:00,P2,City Office Parking,Office,12.975,77.5945,150,123,27,0.82,1.4,30,high,rain,0,1,0,simulated
2026-01-02 09:00:00,P3,Market Road Parking,Street,12.9698,77.5962,80,45,35,0.5625,0.5,20,high,rain,0,1,0,simulated
2026-01-02 09:00:00,P4,Metro Station Parking,Transit,12.9784,77.5915,250,224,26,0.896,1.8,25,high,rain,0,1,0,simulated
2026-01-02 09:00:00,P5,College Campus Parking,Campus,12.9675,77.594,120,98,22,0.8167,1.0,15,high,rain,0,1,0,simulated
2026-01-02 09:30:00,P1,Central Mall Parking,Mall,12.9719,77.5937,200,56,144,0.28,0.8,40,medium,clear,0,1,0,simulated
2026-01-02 09:30:00,P2,City Office Parking,Office,12.975,77.5945,150,116,34,0.7733,1.4,30,medium,clear,0,1,0,simulated
2026-01-02 09:30:00,P3,Market Road Parking,Street,12.9698,77.5962,80,47,33,0.5875,0.5,20,medium,clear,0,1,0,simulated
2026-01-02 09:30:00,P4,Metro Station Parking,Transit,12.9784,77.5915,250,201,49,0.804,1.8,25,medium,clear,0,1,0,simulated
2026-01-02 09:30:00,P5,College Campus Parking,Campus,12.9675,77.594,120,86,34,0.7167,1.0,15,medium,clear,0,1,0,simulated
2026-01-02 10:00:00,P1,Central Mall Parking,Mall,12.9719,77.5937,200,59,141,0.295,0.8,40,high,cloudy,0,1,0,simulated
2026-01-02 10:00:00,P2,City Office Parking,Office,12.975,77.5945,150,116,34,0.7733,1.4,30,high,cloudy,0,1,0,simulated
2026-01-02 10:00:00,P3,Market Road Parking,Street,12.9698,77.5962,80,48,32,0.6,0.5,20,high,cloudy,0,1,0,simulated
2026-01-02 10:00:00,P4,Metro Station Parking,Transit,12.9784,77.5915,250,215,35,0.86,1.8,25,high,cloudy,0,1,0,simulated
2026-01-02 10:00:00,P5,College Campus Parking,Campus,12.9675,77.594,120,99,21,0.825,1.0,15,high,cloudy,0,1,0,simulated
2026-01-02 10:30:00,P1,Central Mall Parking,Mall,12.9719,77.5937,200,55,145,0.275,0.8,40,low,clear,0,0,0,simulated
2026-01-02 10:30:00,P2,City Office Parking,Office,12.975,77.5945,150,119,31,0.7933,1.4,30,low,clear,0,0,0,simulated
2026-01-02 10:30:00,P3,Market Road Parking,Street,12.9698,77.5962,80,43,37,0.5375,0.5,20,low,clear,0,0,0,simulated
2026-01-02 10:30:00,P4,Metro Station Parking,Transit,12.9784,77.5915,250,143,107,0.572,1.8,25,low,clear,0,0,0,simulated
2026-01-02 10:30:00,P5,College Campus Parking,Campus,12.9675,77.594,120,89,31,0.7417,1.0,15,low,clear,0,0,0,simulated
2026-01-02 11:00:00,P1,Central Mall Parking,Mall,12.9719,77.5937,200,127,73,0.635,0.8,40,medium,clear,0,0,0,simulated
2026-01-02 11:00:00,P2,City Office Parking,Office,12.975,77.5945,150,114,36,0.76,1.4,30,medium,clear,0,0,0,simulated
2026-01-02 11:00:00,P3,Market Road Parking,Street,12.9698,77.5962,80,45,35,0.5625,0.5,20,medium,clear,0,0,0,simulated
2026-01-02 11:00:00,P4,Metro Station Parking,Transit,12.9784,77.5915,250,123,127,0.492,1.8,25,medium,clear,0,0,0,simulated
2026-01-02 11:00:00,P5,College Campus Parking,Campus,12.9675,77.594,120,97,23,0.8083,1.0,15,medium,clear,0,0,0,simulated
2026-01-02 11:30:00,P1,Central Mall Parking,Mall,12.9719,77.5937,200,126,74,0.63,0.8,40,medium,rain,0,0,0,simulated
2026-01-02 11:30:00,P2,City Office Parking,Office,12.975,77.5945,150,141,9,0.94,1.4,30,medium,rain,0,0,0,simulated
2026-01-02 11:30:00,P3,Market Road Parking,Street,12.9698,77.5962,80,55,25,0.6875,0.5,20,medium,rain,0,0,0,simulated
2026-01-02 11:30:00,P4,Metro Station Parking,Transit,12.9784,77.5915,250,142,108,0.568,1.8,25,medium,rain,0,0,0,simulated
2026-01-02 11:30:00,P5,College Campus Parking,Campus,12.9675,77.594,120,95,25,0.7917,1.0,15,medium,rain,0,0,0,simulated
2026-01-02 12:00:00,P1,Central Mall Parking,Mall,12.9719,77.5937,200,127,73,0.635,0.8,40,medium,clear,0,0,0,simulated
2026-01-02 12:00:00,P2,City Office Parking,Office,12.975,77.5945,150,126,24,0.84,1.4,30,medium,clear,0,0,0,simulated
2026-01-02 12:00:00,P3,Market Road Parking,Street,12.9698,77.5962,80,51,29,0.6375,0.5,20,medium,clear,0,0,0,simulated
2026-01-02 12:00:00,P4,Metro Station Parking,Transit,12.9784,77.5915,250,128,122,0.512,1.8,25,medium,clear,0,0,0,simulated
2026-01-02 12:00:00,P5,College Campus Parking,Campus,12.9675,77.594,120,85,35,0.7083,1.0,15,medium,clear,0,0,0,simulated
2026-01-02 12:30:00,P1,Central Mall Parking,Mall,12.9719,77.5937,200,133,67,0.665,0.8,40,low,cloudy,0,0,0,simulated
2026-01-02 12:30:00,P2,City Office Parking,Office,12.975,77.5945,150,129,21,0.86,1.4,30,low,cloudy,0,0,0,simulated
2026-01-02 12:30:00,P3,Market Road Parking,Street,12.9698,77.5962,80,49,31,0.6125,0.5,20,low,cloudy,0,0,0,simulated
2026-01-02 12:30:00,P4,Metro Station Parking,Transit,12.9784,77.5915,250,143,107,0.572,1.8,25,low,cloudy,0,0,0,simulated
2026-01-02 12:30:00,P5,College Campus Parking,Campus,12.9675,77.594,120,106,14,0.8833,1.0,15,low,cloudy,0,0,0,simulated
2026-01-02 13:00:00,P1,Central Mall Parking,Mall,12.9719,77.5937,200,124,76,0.62,0.8,40,low,clear,0,0,0,simulated
2026-01-02 13:00:00,P2,City Office Parking,Office,12.975,77.5945,150,132,18,0.88,1.4,30,low,clear,0,0,0,simulated
2026-01-02 13:00:00,P3,Market Road Parking,Street,12.9698,77.5962,80,53,27,0.6625,0.5,20,low,clear,0,0,0,simulated
2026-01-02 13:00:00,P4,Metro Station Parking,Transit,12.9784,77.5915,250,127,123,0.508,1.8,25,low,clear,0,0,0,simulated
2026-01-02 13:00:00,P5,College Campus Parking,Campus,12.9675,77.594,120,102,18,0.85,1.0,15,low,clear,0,0,0,simulated
2026-01-02 13:30:00,P1,Central Mall Parking,Mall,12.9719,77.5937,200,118,82,0.59,0.8,40,medium,clear,0,0,0,simulated
2026-01-02 13:30:00,P2,City Office Parking,Office,12.975,77.5945,150,132,18,0.88,1.4,30,medium,clear,0,0,0,simulated
2026-01-02 13:30:00,P3,Market Road Parking,Street,12.9698,77.5962,80,47,33,0.5875,0.5,20,medium,clear,0,0,0,simulated
2026-01-02 13:30:00,P4,Metro Station Parking,Transit,12.9784,77.5915,250,123,127,0.492,1.8,25,medium,clear,0,0,0,simulated
2026-01-02 13:30:00,P5,College Campus Parking,Campus,12.9675,77.594,120,101,19,0.8417,1.0,15,medium,clear,0,0,0,simulated
2026-01-02 14:00:00,P1,Central Mall Parking,Mall,12.9719,77.5937,200,121,79,0.605,0.8,40,low,clear,0,0,0,simulated
2026-01-02 14:00:00,P2,City Office Parking,Office,12.975,77.5945,150,139,11,0.9267,1.4,30,low,clear,0,0,0,simulated
2026-01-02 14:00:00,P3,Market Road Parking,Street,12.9698,77.5962,80,46,34,0.575,0.5,20,low,clear,0,0,0,simulated
2026-01-02 14:00:00,P4,Metro Station Parking,Transit,12.9784,77.5915,250,135,115,0.54,1.8,25,low,clear,0,0,0,simulated
2026-01-02 14:00:00,P5,College Campus Parking,Campus,12.9675,77.594,120,106,14,0.8833,1.0,15,low,clear,0,0,0,simulated
2026-01-02 14:30:00,P1,Central Mall Parking,Mall,12.9719,77.5937,200,125,75,0.625,0.8,40,medium,rain,0,0,0,simulated
2026-01-02 14:30:00,P2,City Office Parking,Office,12.975,77.5945,150,142,8,0.9467,1.4,30,medium,rain,0,0,0,simulated
2026-01-02 14:30:00,P3,Market Road Parking,Street,12.9698,77.5962,80,54,26,0.675,0.5,20,medium,rain,0,0,0,simulated
2026-01-02 14:30:00,P4,Metro Station Parking,Transit,12.9784,77.5915,250,126,124,0.504,1.8,25,medium,rain,0,0,0,simulated
2026-01-02 14:30:00,P5,College Campus Parking,Campus,12.9675,77.594,120,103,17,0.8583,1.0,15,medium,rain,0,0,0,simulated
2026-01-02 15:00:00,P1,Central Mall Parking,Mall,12.9719,77.5937,200,124,76,0.62,0.8,40,medium,clear,0,0,0,simulated
2026-01-02 15:00:00,P2,City Office Parking,Office,12.975,77.5945,150,134,16,0.8933,1.4,30,medium,clear,0,0,0,simulated
2026-01-02 15:00:00,P3,Market Road Parking,Street,12.9698,77.5962,80,53,27,0.6625,0.5,20,medium,clear,0,0,0,simulated
2026-01-02 15:00:00,P4,Metro Station Parking,Transit,12.9784,77.5915,250,117,133,0.468,1.8,25,medium,clear,0,0,0,simulated
2026-01-02 15:00:00,P5,College Campus Parking,Campus,12.9675,77.594,120,106,14,0.8833,1.0,15,medium,clear,0,0,0,simulated
2026-01-02 15:30:00,P1,Central Mall Parking,Mall,12.9719,77.5937,200,151,49,0.755,0.8,40,low,cloudy,0,0,0,simulated
2026-01-02 15:30:00,P2,City Office Parking,Office,12.975,77.5945,150,125,25,0.8333,1.4,30,low,cloudy,0,0,0,simulated
2026-01-02 15:30:00,P3,Market Road Parking,Street,12.9698,77.5962,80,40,40,0.5,0.5,20,low,cloudy,0,0,0,simulated
2026-01-02 15:30:00,P4,Metro Station Parking,Transit,12.9784,77.5915,250,129,121,0.516,1.8,25,low,cloudy,0,0,0,simulated
2026-01-02 15:30:00,P5,College Campus Parking,Campus,12.9675,77.594,120,102,18,0.85,1.0,15,low,cloudy,0,0,0,simulated
2026-01-02 16:00:00,P1,Central Mall Parking,Mall,12.9719,77.5937,200,157,43,0.785,0.8,40,medium,clear,0,0,0,simulated
2026-01-02 16:00:00,P2,City Office Parking,Office,12.975,77.5945,150,114,36,0.76,1.4,30,medium,clear,0,0,0,simulated
2026-01-02 16:00:00,P3,Market Road Parking,Street,12.9698,77.5962,80,43,37,0.5375,0.5,20,medium,clear,0,0,0,simulated
2026-01-02 16:00:00,P4,Metro Station Parking,Transit,12.9784,77.5915,250,132,118,0.528,1.8,25,medium,clear,0,0,0,simulated
2026-01-02 16:00:00,P5,College Campus Parking,Campus,12.9675,77.594,120,104,16,0.8667,1.0,15,medium,clear,0,0,0,simulated
2026-01-02 16:30:00,P1,Central Mall Parking,Mall,12.9719,77.5937,200,154,46,0.77,0.8,40,low,cloudy,0,0,0,simulated
2026-01-02 16:30:00,P2,City Office Parking,Office,12.975,77.5945,150,123,27,0.82,1.4,30,low,cloudy,0,0,0,simulated
2026-01-02 16:30:00,P3,Market Road Parking,Street,12.9698,77.5962,80,37,43,0.4625,0.5,20,low,cloudy,0,0,0,simulated
2026-01-02 16:30:00,P4,Metro Station Parking,Transit,12.9784,77.5915,250,138,112,0.552,1.8,25,low,cloudy,0,0,0,simulated
2026-01-02 16:30:00,P5,College Campus Parking,Campus,12.9675,77.594,120,58,62,0.4833,1.0,15,low,cloudy,0,0,0,simulated
2026-01-02 17:00:00,P1,Central Mall Parking,Mall,12.9719,77.5937,200,164,36,0.82,0.8,40,high,clear,0,1,0,simulated
2026-01-02 17:00:00,P2,City Office Parking,Office,12.975,77.5945,150,122,28,0.8133,1.4,30,high,clear,0,1,0,simulated
2026-01-02 17:00:00,P3,Market Road Parking,Street,12.9698,77.5962,80,50,30,0.625,0.5,20,high,clear,0,1,0,simulated
2026-01-02 17:00:00,P4,Metro Station Parking,Transit,12.9784,77.5915,250,218,32,0.872,1.8,25,high,clear,0,1,0,simulated
2026-01-02 17:00:00,P5,College Campus Parking,Campus,12.9675,77.594,120,62,58,0.5167,1.0,15,high,clear,0,1,0,simulated
2026-01-02 17:30:00,P1,Central Mall Parking,Mall,12.9719,77.5937,200,144,56,0.72,0.8,40,medium,clear,0,1,0,simulated
2026-01-02 17:30:00,P2,City Office Parking,Office,12.975,77.5945,150,113,37,0.7533,1.4,30,medium,clear,0,1,0,simulated
2026-01-02 17:30:00,P3,Market Road Parking,Street,12.9698,77.5962,80,40,40,0.5,0.5,20,medium,clear,0,1,0,simulated
2026-01-02 17:30:00,P4,Metro Station Parking,Transit,12.9784,77.5915,250,219,31,0.876,1.8,25,medium,clear,0,1,0,simulated
2026-01-02 17:30:00,P5,College Campus Parking,Campus,12.9675,77.594,120,54,66,0.45,1.0,15,medium,clear,0,1,0,simulated
2026-01-02 18:00:00,P1,Central Mall Parking,Mall,12.9719,77.5937,200,148,52,0.74,0.8,40,high,cloudy,0,1,0,simulated
2026-01-02 18:00:00,P2,City Office Parking,Office,12.975,77.5945,150,114,36,0.76,1.4,30,high,cloudy,0,1,0,simulated
2026-01-02 18:00:00,P3,Market Road Parking,Street,12.9698,77.5962,80,43,37,0.5375,0.5,20,high,cloudy,0,1,0,simulated
2026-01-02 18:00:00,P4,Metro Station Parking,Transit,12.9784,77.5915,250,237,13,0.948,1.8,25,high,cloudy,0,1,0,simulated
2026-01-02 18:00:00,P5,College Campus Parking,Campus,12.9675,77.594,120,67,53,0.5583,1.0,15,high,cloudy,0,1,0,simulated
2026-01-02 18:30:00,P1,Central Mall Parking,Mall,12.9719,77.5937,200,153,47,0.765,0.8,40,high,rain,0,1,0,simulated
2026-01-02 18:30:00,P2,City Office Parking,Office,12.975,77.5945,150,86,64,0.5733,1.4,30,high,rain,0,1,0,simulated
2026-01-02 18:30:00,P3,Market Road Parking,Street,12.9698,77.5962,80,49,31,0.6125,0.5,20,high,rain,0,1,0,simulated
2026-01-02 18:30:00,P4,Metro Station Parking,Transit,12.9784,77.5915,250,221,29,0.884,1.8,25,high,rain,0,1,0,simulated
2026-01-02 18:30:00,P5,College Campus Parking,Campus,12.9675,77.594,120,40,80,0.3333,1.0,15,high,rain,0,1,0,simulated
2026-01-02 19:00:00,P1,Central Mall Parking,Mall,12.9719,77.5937,200,152,48,0.76,0.8,40,high,cloudy,0,1,0,simulated
2026-01-02 19:00:00,P2,City Office Parking,Office,12.975,77.5945,150,75,75,0.5,1.4,30,high,cloudy,0,1,0,simulated
2026-01-02 19:00:00,P3,Market Road Parking,Street,12.9698,77.5962,80,42,38,0.525,0.5,20,high,cloudy,0,1,0,simulated
2026-01-02 19:00:00,P4,Metro Station Parking,Transit,12.9784,77.5915,250,234,16,0.936,1.8,25,high,cloudy,0,1,0,simulated
2026-01-02 19:00:00,P5,College Campus Parking,Campus,12.9675,77.594,120,34,86,0.2833,1.0,15,high,cloudy,0,1,0,simulated
2026-01-02 19:30:00,P1,Central Mall Parking,Mall,12.9719,77.5937,200,157,43,0.785,0.8,40,high,cloudy,0,1,0,simulated
2026-01-02 19:30:00,P2,City Office Parking,Office,12.975,77.5945,150,74,76,0.4933,1.4,30,high,cloudy,0,1,0,simulated
2026-01-02 19:30:00,P3,Market Road Parking,Street,12.9698,77.5962,80,47,33,0.5875,0.5,20,high,cloudy,0,1,0,simulated
2026-01-02 19:30:00,P4,Metro Station Parking,Transit,12.9784,77.5915,250,215,35,0.86,1.8,25,high,cloudy,0,1,0,simulated
2026-01-02 19:30:00,P5,College Campus Parking,Campus,12.9675,77.594,120,36,84,0.3,1.0,15,high,cloudy,0,1,0,simulated
2026-01-02 20:00:00,P1,Central Mall Parking,Mall,12.9719,77.5937,200,148,52,0.74,0.8,40,high,clear,0,1,0,simulated
2026-01-02 20:00:00,P2,City Office Parking,Office,12.975,77.5945,150,76,74,0.5067,1.4,30,high,clear,0,1,0,simulated
2026-01-02 20:00:00,P3,Market Road Parking,Street,12.9698,77.5962,80,44,36,0.55,0.5,20,high,clear,0,1,0,simulated
2026-01-02 20:00:00,P4,Metro Station Parking,Transit,12.9784,77.5915,250,214,36,0.856,1.8,25,high,clear,0,1,0,simulated
2026-01-02 20:00:00,P5,College Campus Parking,Campus,12.9675,77.594,120,27,93,0.225,1.0,15,high,clear,0,1,0,simulated
2026-01-03 08:00:00,P1,Central Mall Parking,Mall,12.9719,77.5937,200,101,99,0.505,0.8,40,high,clear,1,1,0,simulated
2026-01-03 08:00:00,P2,City Office Parking,Office,12.975,77.5945,150,39,111,0.26,1.4,30,high,clear,1,1,0,simulated
2026-01-03 08:00:00,P3,Market Road Parking,Street,12.9698,77.5962,80,49,31,0.6125,0.5,20,high,clear,1,1,0,simulated
2026-01-03 08:00:00,P4,Metro Station Parking,Transit,12.9784,77.5915,250,188,62,0.752,1.8,25,high,clear,1,1,0,simulated
2026-01-03 08:00:00,P5,College Campus Parking,Campus,12.9675,77.594,120,17,103,0.1417,1.0,15,high,clear,1,1,0,simulated
2026-01-03 08:30:00,P1,Central Mall Parking,Mall,12.9719,77.5937,200,98,102,0.49,0.8,40,high,cloudy,1,1,0,simulated
2026-01-03 08:30:00,P2,City Office Parking,Office,12.975,77.5945,150,36,114,0.24,1.4,30,high,cloudy,1,1,0,simulated
2026-01-03 08:30:00,P3,Market Road Parking,Street,12.9698,77.5962,80,53,27,0.6625,0.5,20,high,cloudy,1,1,0,simulated
2026-01-03 08:30:00,P4,Metro Station Parking,Transit,12.9784,77.5915,250,199,51,0.796,1.8,25,high,cloudy,1,1,0,simulated
2026-01-03 08:30:00,P5,College Campus Parking,Campus,12.9675,77.594,120,29,91,0.2417,1.0,15,high,cloudy,1,1,0,simulated
2026-01-03 09:00:00,P1,Central Mall Parking,Mall,12.9719,77.5937,200,87,113,0.435,0.8,40,high,rain,1,1,0,simulated
2026-01-03 09:00:00,P2,City Office Parking,Office,12.975,77.5945,150,39,111,0.26,1.4,30,high,rain,1,1,0,simulated
2026-01-03 09:00:00,P3,Market Road Parking,Street,12.9698,77.5962,80,54,26,0.675,0.5,20,high,rain,1,1,0,simulated
2026-01-03 09:00:00,P4,Metro Station Parking,Transit,12.9784,77.5915,250,195,55,0.78,1.8,25,high,rain,1,1,0,simulated
2026-01-03 09:00:00,P5,College Campus Parking,Campus,12.9675,77.594,120,26,94,0.2167,1.0,15,high,rain,1,1,0,simulated
2026-01-03 09:30:00,P1,Central Mall Parking,Mall,12.9719,77.5937,200,83,117,0.415,0.8,40,medium,clear,1,1,0,simulated
2026-01-03 09:30:00,P2,City Office Parking,Office,12.975,77.5945,150,41,109,0.2733,1.4,30,medium,clear,1,1,0,simulated
2026-01-03 09:30:00,P3,Market Road Parking,Street,12.9698,77.5962,80,47,33,0.5875,0.5,20,medium,clear,1,1,0,simulated
2026-01-03 09:30:00,P4,Metro Station Parking,Transit,12.9784,77.5915,250,185,65,0.74,1.8,25,medium,clear,1,1,0,simulated
2026-01-03 09:30:00,P5,College Campus Parking,Campus,12.9675,77.594,120,20,100,0.1667,1.0,15,medium,clear,1,1,0,simulated
2026-01-03 10:00:00,P1,Central Mall Parking,Mall,12.9719,77.5937,200,94,106,0.47,0.8,40,high,clear,1,1,0,simulated
2026-01-03 10:00:00,P2,City Office Parking,Office,12.975,77.5945,150,48,102,0.32,1.4,30,high,clear,1,1,0,simulated
2026-01-03 10:00:00,P3,Market Road Parking,Street,12.9698,77.5962,80,53,27,0.6625,0.5,20,high,clear,1,1,0,simulated
2026-01-03 10:00:00,P4,Metro Station Parking,Transit,12.9784,77.5915,250,196,54,0.784,1.8,25,high,clear,1,1,0,simulated
2026-01-03 10:00:00,P5,College Campus Parking,Campus,12.9675,77.594,120,18,102,0.15,1.0,15,high,clear,1,1,0,simulated
2026-01-03 10:30:00,P1,Central Mall Parking,Mall,12.9719,77.5937,200,76,124,0.38,0.8,40,low,clear,1,0,0,simulated
2026-01-03 10:30:00,P2,City Office Parking,Office,12.975,77.5945,150,45,105,0.3,1.4,30,low,clear,1,0,0,simulated
2026-01-03 10:30:00,P3,Market Road Parking,Street,12.9698,77.5962,80,41,39,0.5125,0.5,20,low,clear,1,0,0,simulated
2026-01-03 10:30:00,P4,Metro Station Parking,Transit,12.9784,77.5915,250,94,156,0.376,1.8,25,low,clear,1,0,0,simulated
2026-01-03 10:30:00,P5,College Campus Parking,Campus,12.9675,77.594,120,15,105,0.125,1.0,15,low,clear,1,0,0,simulated
2026-01-03 11:00:00,P1,Central Mall Parking,Mall,12.9719,77.5937,200,172,28,0.86,0.8,40,low,clear,1,0,0,simulated
2026-01-03 11:00:00,P2,City Office Parking,Office,12.975,77.5945,150,37,113,0.2467,1.4,30,low,clear,1,0,0,simulated
2026-01-03 11:00:00,P3,Market Road Parking,Street,12.9698,77.5962,80,50,30,0.625,0.5,20,low,clear,1,0,0,simulated
2026-01-03 11:00:00,P4,Metro Station Parking,Transit,12.9784,77.5915,250,106,144,0.424,1.8,25,low,clear,1,0,0,simulated
2026-01-03 11:00:00,P5,College Campus Parking,Campus,12.9675,77.594,120,16,104,0.1333,1.0,15,low,clear,1,0,0,simulated
2026-01-03 11:30:00,P1,Central Mall Parking,Mall,12.9719,77.5937,200,177,23,0.885,0.8,40,medium,cloudy,1,0,0,simulated
2026-01-03 11:30:00,P2,City Office Parking,Office,12.975,77.5945,150,44,106,0.2933,1.4,30,medium,cloudy,1,0,0,simulated
2026-01-03 11:30:00,P3,Market Road Parking,Street,12.9698,77.5962,80,51,29,0.6375,0.5,20,medium,cloudy,1,0,0,simulated
2026-01-03 11:30:00,P4,Metro Station Parking,Transit,12.9784,77.5915,250,115,135,0.46,1.8,25,medium,cloudy,1,0,0,simulated
2026-01-03 11:30:00,P5,College Campus Parking,Campus,12.9675,77.594,120,19,101,0.1583,1.0,15,medium,cloudy,1,0,0,simulated
2026-01-03 12:00:00,P1,Central Mall Parking,Mall,12.9719,77.5937,200,174,26,0.87,0.8,40,medium,clear,1,0,0,simulated
2026-01-03 12:00:00,P2,City Office Parking,Office,12.975,77.5945,150,32,118,0.2133,1.4,30,medium,clear,1,0,0,simulated
2026-01-03 12:00:00,P3,Market Road Parking,Street,12.9698,77.5962,80,57,23,0.7125,0.5,20,medium,clear,1,0,0,simulated
2026-01-03 12:00:00,P4,Metro Station Parking,Transit,12.9784,77.5915,250,91,159,0.364,1.8,25,medium,clear,1,0,0,simulated
2026-01-03 12:00:00,P5,College Campus Parking,Campus,12.9675,77.594,120,18,102,0.15,1.0,15,medium,clear,1,0,0,simulated
2026-01-03 12:30:00,P1,Central Mall Parking,Mall,12.9719,77.5937,200,176,24,0.88,0.8,40,medium,cloudy,1,0,0,simulated
2026-01-03 12:30:00,P2,City Office Parking,Office,12.975,77.5945,150,31,119,0.2067,1.4,30,medium,cloudy,1,0,0,simulated
2026-01-03 12:30:00,P3,Market Road Parking,Street,12.9698,77.5962,80,52,28,0.65,0.5,20,medium,cloudy,1,0,0,simulated
2026-01-03 12:30:00,P4,Metro Station Parking,Transit,12.9784,77.5915,250,114,136,0.456,1.8,25,medium,cloudy,1,0,0,simulated
2026-01-03 12:30:00,P5,College Campus Parking,Campus,12.9675,77.594,120,17,103,0.1417,1.0,15,medium,cloudy,1,0,0,simulated
2026-01-03 13:00:00,P1,Central Mall Parking,Mall,12.9719,77.5937,200,172,28,0.86,0.8,40,low,clear,1,0,0,simulated
2026-01-03 13:00:00,P2,City Office Parking,Office,12.975,77.5945,150,43,107,0.2867,1.4,30,low,clear,1,0,0,simulated
2026-01-03 13:00:00,P3,Market Road Parking,Street,12.9698,77.5962,80,50,30,0.625,0.5,20,low,clear,1,0,0,simulated
2026-01-03 13:00:00,P4,Metro Station Parking,Transit,12.9784,77.5915,250,102,148,0.408,1.8,25,low,clear,1,0,0,simulated
2026-01-03 13:00:00,P5,College Campus Parking,Campus,12.9675,77.594,120,23,97,0.1917,1.0,15,low,clear,1,0,0,simulated
2026-01-03 13:30:00,P1,Central Mall Parking,Mall,12.9719,77.5937,200,168,32,0.84,0.8,40,medium,cloudy,1,0,0,simulated
2026-01-03 13:30:00,P2,City Office Parking,Office,12.975,77.5945,150,45,105,0.3,1.4,30,medium,cloudy,1,0,0,simulated
2026-01-03 13:30:00,P3,Market Road Parking,Street,12.9698,77.5962,80,50,30,0.625,0.5,20,medium,cloudy,1,0,0,simulated
2026-01-03 13:30:00,P4,Metro Station Parking,Transit,12.9784,77.5915,250,94,156,0.376,1.8,25,medium,cloudy,1,0,0,simulated
2026-01-03 13:30:00,P5,College Campus Parking,Campus,12.9675,77.594,120,25,95,0.2083,1.0,15,medium,cloudy,1,0,0,simulated
2026-01-03 14:00:00,P1,Central Mall Parking,Mall,12.9719,77.5937,200,167,33,0.835,0.8,40,medium,clear,1,0,0,simulated
2026-01-03 14:00:00,P2,City Office Parking,Office,12.975,77.5945,150,30,120,0.2,1.4,30,medium,clear,1,0,0,simulated
2026-01-03 14:00:00,P3,Market Road Parking,Street,12.9698,77.5962,80,56,24,0.7,0.5,20,medium,clear,1,0,0,simulated
2026-01-03 14:00:00,P4,Metro Station Parking,Transit,12.9784,77.5915,250,98,152,0.392,1.8,25,medium,clear,1,0,0,simulated
2026-01-03 14:00:00,P5,College Campus Parking,Campus,12.9675,77.594,120,21,99,0.175,1.0,15,medium,clear,1,0,0,simulated
2026-01-03 14:30:00,P1,Central Mall Parking,Mall,12.9719,77.5937,200,162,38,0.81,0.8,40,medium,clear,1,0,0,simulated
2026-01-03 14:30:00,P2,City Office Parking,Office,12.975,77.5945,150,35,115,0.2333,1.4,30,medium,clear,1,0,0,simulated
2026-01-03 14:30:00,P3,Market Road Parking,Street,12.9698,77.5962,80,51,29,0.6375,0.5,20,medium,clear,1,0,0,simulated
2026-01-03 14:30:00,P4,Metro Station Parking,Transit,12.9784,77.5915,250,102,148,0.408,1.8,25,medium,clear,1,0,0,simulated
2026-01-03 14:30:00,P5,College Campus Parking,Campus,12.9675,77.594,120,15,105,0.125,1.0,15,medium,clear,1,0,0,simulated
2026-01-03 15:00:00,P1,Central Mall Parking,Mall,12.9719,77.5937,200,176,24,0.88,0.8,40,low,cloudy,1,0,0,simulated
2026-01-03 15:00:00,P2,City Office Parking,Office,12.975,77.5945,150,41,109,0.2733,1.4,30,low,cloudy,1,0,0,simulated
2026-01-03 15:00:00,P3,Market Road Parking,Street,12.9698,77.5962,80,54,26,0.675,0.5,20,low,cloudy,1,0,0,simulated
2026-01-03 15:00:00,P4,Metro Station Parking,Transit,12.9784,77.5915,250,108,142,0.432,1.8,25,low,cloudy,1,0,0,simulated
2026-01-03 15:00:00,P5,College Campus Parking,Campus,12.9675,77.594,120,16,104,0.1333,1.0,15,low,cloudy,1,0,0,simulated
2026-01-03 15:30:00,P1,Central Mall Parking,Mall,12.9719,77.5937,200,179,21,0.895,0.8,40,medium,cloudy,1,0,0,simulated
2026-01-03 15:30:00,P2,City Office Parking,Office,12.975,77.5945,150,29,121,0.1933,1.4,30,medium,cloudy,1,0,0,simulated
2026-01-03 15:30:00,P3,Market Road Parking,Street,12.9698,77.5962,80,44,36,0.55,0.5,20,medium,cloudy,1,0,0,simulated
2026-01-03 15:30:00,P4,Metro Station Parking,Transit,12.9784,77.5915,250,113,137,0.452,1.8,25,medium,cloudy,1,0,0,simulated
2026-01-03 15:30:00,P5,College Campus Parking,Campus,12.9675,77.594,120,20,100,0.1667,1.0,15,medium,cloudy,1,0,0,simulated
2026-01-03 16:00:00,P1,Central Mall Parking,Mall,12.9719,77.5937,200,173,27,0.865,0.8,40,medium,cloudy,1,0,0,simulated
2026-01-03 16:00:00,P2,City Office Parking,Office,12.975,77.5945,150,27,123,0.18,1.4,30,medium,cloudy,1,0,0,simulated
2026-01-03 16:00:00,P3,Market Road Parking,Street,12.9698,77.5962,80,46,34,0.575,0.5,20,medium,cloudy,1,0,0,simulated
2026-01-03 16:00:00,P4,Metro Station Parking,Transit,12.9784,77.5915,250,94,156,0.376,1.8,25,medium,cloudy,1,0,0,simulated
2026-01-03 16:00:00,P5,College Campus Parking,Campus,12.9675,77.594,120,13,107,0.1083,1.0,15,medium,cloudy,1,0,0,simulated
2026-01-03 16:30:00,P1,Central Mall Parking,Mall,12.9719,77.5937,200,185,15,0.925,0.8,40,medium,clear,1,0,0,simulated
2026-01-03 16:30:00,P2,City Office Parking,Office,12.975,77.5945,150,28,122,0.1867,1.4,30,medium,clear,1,0,0,simulated
2026-01-03 16:30:00,P3,Market Road Parking,Street,12.9698,77.5962,80,40,40,0.5,0.5,20,medium,clear,1,0,0,simulated
2026-01-03 16:30:00,P4,Metro Station Parking,Transit,12.9784,77.5915,250,106,144,0.424,1.8,25,medium,clear,1,0,0,simulated
2026-01-03 16:30:00,P5,College Campus Parking,Campus,12.9675,77.594,120,13,107,0.1083,1.0,15,medium,clear,1,0,0,simulated
2026-01-03 17:00:00,P1,Central Mall Parking,Mall,12.9719,77.5937,200,194,6,0.97,0.8,40,high,clear,1,1,0,simulated
2026-01-03 17:00:00,P2,City Office Parking,Office,12.975,77.5945,150,38,112,0.2533,1.4,30,high,clear,1,1,0,simulated
2026-01-03 17:00:00,P3,Market Road Parking,Street,12.9698,77.5962,80,50,30,0.625,0.5,20,high,clear,1,1,0,simulated
2026-01-03 17:00:00,P4,Metro Station Parking,Transit,12.9784,77.5915,250,212,38,0.848,1.8,25,high,clear,1,1,0,simulated
2026-01-03 17:00:00,P5,College Campus Parking,Campus,12.9675,77.594,120,18,102,0.15,1.0,15,high,clear,1,1,0,simulated
2026-01-03 17:30:00,P1,Central Mall Parking,Mall,12.9719,77.5937,200,178,22,0.89,0.8,40,high,clear,1,1,0,simulated
2026-01-03 17:30:00,P2,City Office Parking,Office,12.975,77.5945,150,32,118,0.2133,1.4,30,high,clear,1,1,0,simulated
2026-01-03 17:30:00,P3,Market Road Parking,Street,12.9698,77.5962,80,46,34,0.575,0.5,20,high,clear,1,1,0,simulated
2026-01-03 17:30:00,P4,Metro Station Parking,Transit,12.9784,77.5915,250,210,40,0.84,1.8,25,high,clear,1,1,0,simulated
2026-01-03 17:30:00,P5,College Campus Parking,Campus,12.9675,77.594,120,28,92,0.2333,1.0,15,high,clear,1,1,0,simulated
2026-01-03 18:00:00,P1,Central Mall Parking,Mall,12.9719,77.5937,200,178,22,0.89,0.8,40,medium,clear,1,1,0,simulated
2026-01-03 18:00:00,P2,City Office Parking,Office,12.975,77.5945,150,32,118,0.2133,1.4,30,medium,clear,1,1,0,simulated
2026-01-03 18:00:00,P3,Market Road Parking,Street,12.9698,77.5962,80,46,34,0.575,0.5,20,medium,clear,1,1,0,simulated
2026-01-03 18:00:00,P4,Metro Station Parking,Transit,12.9784,77.5915,250,197,53,0.788,1.8,25,medium,clear,1,1,0,simulated
2026-01-03 18:00:00,P5,College Campus Parking,Campus,12.9675,77.594,120,13,107,0.1083,1.0,15,medium,clear,1,1,0,simulated
2026-01-03 18:30:00,P1,Central Mall Parking,Mall,12.9719,77.5937,200,194,6,0.97,0.8,40,high,clear,1,1,0,simulated
2026-01-03 18:30:00,P2,City Office Parking,Office,12.975,77.5945,150,39,111,0.26,1.4,30,high,clear,1,1,0,simulated
2026-01-03 18:30:00,P3,Market Road Parking,Street,12.9698,77.5962,80,53,27,0.6625,0.5,20,high,clear,1,1,0,simulated
2026-01-03 18:30:00,P4,Metro Station Parking,Transit,12.9784,77.5915,250,199,51,0.796,1.8,25,high,clear,1,1,0,simulated
2026-01-03 18:30:00,P5,College Campus Parking,Campus,12.9675,77.594,120,25,95,0.2083,1.0,15,high,clear,1,1,0,simulated
2026-01-03 19:00:00,P1,Central Mall Parking,Mall,12.9719,77.5937,200,192,8,0.96,0.8,40,high,clear,1,1,0,simulated
2026-01-03 19:00:00,P2,City Office Parking,Office,12.975,77.5945,150,43,107,0.2867,1.4,30,high,clear,1,1,0,simulated
2026-01-03 19:00:00,P3,Market Road Parking,Street,12.9698,77.5962,80,47,33,0.5875,0.5,20,high,clear,1,1,0,simulated
2026-01-03 19:00:00,P4,Metro Station Parking,Transit,12.9784,77.5915,250,190,60,0.76,1.8,25,high,clear,1,1,0,simulated
2026-01-03 19:00:00,P5,College Campus Parking,Campus,12.9675,77.594,120,20,100,0.1667,1.0,15,high,clear,1,1,0,simulated
2026-01-03 19:30:00,P1,Central Mall Parking,Mall,12.9719,77.5937,200,181,19,0.905,0.8,40,high,clear,1,1,0,simulated
2026-01-03 19:30:00,P2,City Office Parking,Office,12.975,77.5945,150,41,109,0.2733,1.4,30,high,clear,1,1,0,simulated
2026-01-03 19:30:00,P3,Market Road Parking,Street,12.9698,77.5962,80,50,30,0.625,0.5,20,high,clear,1,1,0,simulated
2026-01-03 19:30:00,P4,Metro Station Parking,Transit,12.9784,77.5915,250,196,54,0.784,1.8,25,high,clear,1,1,0,simulated
2026-01-03 19:30:00,P5,College Campus Parking,Campus,12.9675,77.594,120,24,96,0.2,1.0,15,high,clear,1,1,0,simulated
2026-01-03 20:00:00,P1,Central Mall Parking,Mall,12.9719,77.5937,200,188,12,0.94,0.8,40,high,clear,1,1,0,simulated
2026-01-03 20:00:00,P2,City Office Parking,Office,12.975,77.5945,150,31,119,0.2067,1.4,30,high,clear,1,1,0,simulated
2026-01-03 20:00:00,P3,Market Road Parking,Street,12.9698,77.5962,80,51,29,0.6375,0.5,20,high,clear,1,1,0,simulated
2026-01-03 20:00:00,P4,Metro Station Parking,Transit,12.9784,77.5915,250,201,49,0.804,1.8,25,high,clear,1,1,0,simulated
2026-01-03 20:00:00,P5,College Campus Parking,Campus,12.9675,77.594,120,22,98,0.1833,1.0,15,high,clear,1,1,0,simulated
2026-01-04 08:00:00,P1,Central Mall Parking,Mall,12.9719,77.5937,200,96,104,0.48,0.8,40,high,clear,1,1,0,simulated
2026-01-04 08:00:00,P2,City Office Parking,Office,12.975,77.5945,150,42,108,0.28,1.4,30,high,clear,1,1,0,simulated
2026-01-04 08:00:00,P3,Market Road Parking,Street,12.9698,77.5962,80,46,34,0.575,0.5,20,high,clear,1,1,0,simulated
2026-01-04 08:00:00,P4,Metro Station Parking,Transit,12.9784,77.5915,250,198,52,0.792,1.8,25,high,clear,1,1,0,simulated
2026-01-04 08:00:00,P5,College Campus Parking,Campus,12.9675,77.594,120,26,94,0.2167,1.0,15,high,clear,1,1,0,simulated
2026-01-04 08:30:00,P1,Central Mall Parking,Mall,12.9719,77.5937,200,91,109,0.455,0.8,40,high,clear,1,1,0,simulated
2026-01-04 08:30:00,P2,City Office Parking,Office,12.975,77.5945,150,34,116,0.2267,1.4,30,high,clear,1,1,0,simulated
2026-01-04 08:30:00,P3,Market Road Parking,Street,12.9698,77.5962,80,49,31,0.6125,0.5,20,high,clear,1,1,0,simulated
2026-01-04 08:30:00,P4,Metro Station Parking,Transit,12.9784,77.5915,250,186,64,0.744,1.8,25,high,clear,1,1,0,simulated
2026-01-04 08:30:00,P5,College Campus Parking,Campus,12.9675,77.594,120,22,98,0.1833,1.0,15,high,clear,1,1,0,simulated
2026-01-04 09:00:00,P1,Central Mall Parking,Mall,12.9719,77.5937,200,95,105,0.475,0.8,40,high,clear,1,1,0,simulated
2026-01-04 09:00:00,P2,City Office Parking,Office,12.975,77.5945,150,43,107,0.2867,1.4,30,high,clear,1,1,0,simulated
2026-01-04 09:00:00,P3,Market Road Parking,Street,12.9698,77.5962,80,52,28,0.65,0.5,20,high,clear,1,1,0,simulated
2026-01-04 09:00:00,P4,Metro Station Parking,Transit,12.9784,77.5915,250,190,60,0.76,1.8,25,high,clear,1,1,0,simulated
2026-01-04 09:00:00,P5,College Campus Parking,Campus,12.9675,77.594,120,24,96,0.2,1.0,15,high,clear,1,1,0,simulated
2026-01-04 09:30:00,P1,Central Mall Parking,Mall,12.9719,77.5937,200,101,99,0.505,0.8,40,high,clear,1,1,0,simulated
2026-01-04 09:30:00,P2,City Office Parking,Office,12.975,77.5945,150,33,117,0.22,1.4,30,high,clear,1,1,0,simulated
2026-01-04 09:30:00,P3,Market Road Parking,Street,12.9698,77.5962,80,47,33,0.5875,0.5,20,high,clear,1,1,0,simulated
2026-01-04 09:30:00,P4,Metro Station Parking,Transit,12.9784,77.5915,250,185,65,0.74,1.8,25,high,clear,1,1,0,simulated
2026-01-04 09:30:00,P5,College Campus Parking,Campus,12.9675,77.594,120,25,95,0.2083,1.0,15,high,clear,1,1,0,simulated
2026-01-04 10:00:00,P1,Central Mall Parking,Mall,12.9719,77.5937,200,100,100,0.5,0.8,40,high,clear,1,1,0,simulated
2026-01-04 10:00:00,P2,City Office Parking,Office,12.975,77.5945,150,41,109,0.2733,1.4,30,high,clear,1,1,0,simulated
2026-01-04 10:00:00,P3,Market Road Parking,Street,12.9698,77.5962,80,49,31,0.6125,0.5,20,high,clear,1,1,0,simulated
2026-01-04 10:00:00,P4,Metro Station Parking,Transit,12.9784,77.5915,250,184,66,0.736,1.8,25,high,clear,1,1,0,simulated
2026-01-04 10:00:00,P5,College Campus Parking,Campus,12.9675,77.594,120,23,97,0.1917,1.0,15,high,clear,1,1,0,simulated
2026-01-04 10:30:00,P1,Central Mall Parking,Mall,12.9719,77.5937,200,77,123,0.385,0.8,40,medium,clear,1,0,0,simulated
2026-01-04 10:30:00,P2,City Office Parking,Office,12.975,77.5945,150,45,105,0.3,1.4,30,medium,clear,1,0,0,simulated
2026-01-04 10:30:00,P3,Market Road Parking,Street,12.9698,77.5962,80,41,39,0.5125,0.5,20,medium,clear,1,0,0,simulated
2026-01-04 10:30:00,P4,Metro Station Parking,Transit,12.9784,77.5915,250,111,139,0.444,1.8,25,medium,clear,1,0,0,simulated
2026-01-04 10:30:00,P5,College Campus Parking,Campus,12.9675,77.594,120,20,100,0.1667,1.0,15,medium,clear,1,0,0,simulated
2026-01-04 11:00:00,P1,Central Mall Parking,Mall,12.9719,77.5937,200,173,27,0.865,0.8,40,medium,clear,1,0,0,simulated
2026-01-04 11:00:00,P2,City Office Parking,Office,12.975,77.5945,150,44,106,0.2933,1.4,30,medium,clear,1,0,0,simulated
2026-01-04 11:00:00,P3,Market Road Parking,Street,12.9698,77.5962,80,53,27,0.6625,0.5,20,medium,clear,1,0,0,simulated
2026-01-04 11:00:00,P4,Metro Station Parking,Transit,12.9784,77.5915,250,106,144,0.424,1.8,25,medium,clear,1,0,0,simulated
2026-01-04 11:00:00,P5,College Campus Parking,Campus,12.9675,77.594,120,17,103,0.1417,1.0,15,medium,clear,1,0,0,simulated
2026-01-04 11:30:00,P1,Central Mall Parking,Mall,12.9719,77.5937,200,166,34,0.83,0.8,40,medium,clear,1,0,0,simulated
2026-01-04 11:30:00,P2,City Office Parking,Office,12.975,77.5945,150,42,108,0.28,1.4,30,medium,clear,1,0,0,simulated
2026-01-04 11:30:00,P3,Market Road Parking,Street,12.9698,77.5962,80,53,27,0.6625,0.5,20,medium,clear,1,0,0,simulated
2026-01-04 11:30:00,P4,Metro Station Parking,Transit,12.9784,77.5915,250,114,136,0.456,1.8,25,medium,clear,1,0,0,simulated
2026-01-04 11:30:00,P5,College Campus Parking,Campus,12.9675,77.594,120,14,106,0.1167,1.0,15,medium,clear,1,0,0,simulated
2026-01-04 12:00:00,P1,Central Mall Parking,Mall,12.9719,77.5937,200,167,33,0.835,0.8,40,medium,cloudy,1,0,0,simulated
2026-01-04 12:00:00,P2,City Office Parking,Office,12.975,77.5945,150,37,113,0.2467,1.4,30,medium,cloudy,1,0,0,simulated
2026-01-04 12:00:00,P3,Market Road Parking,Street,12.9698,77.5962,80,49,31,0.6125,0.5,20,medium,cloudy,1,0,0,simulated
2026-01-04 12:00:00,P4,Metro Station Parking,Transit,12.9784,77.5915,250,96,154,0.384,1.8,25,medium,cloudy,1,0,0,simulated
2026-01-04 12:00:00,P5,College Campus Parking,Campus,12.9675,77.594,120,13,107,0.1083,1.0,15,medium,cloudy,1,0,0,simulated
2026-01-04 12:30:00,P1,Central Mall Parking,Mall,12.9719,77.5937,200,168,32,0.84,0.8,40,medium,clear,1,0,0,simulated
2026-01-04 12:30:00,P2,City Office Parking,Office,12.975,77.5945,150,38,112,0.2533,1.4,30,medium,clear,1,0,0,simulated
2026-01-04 12:30:00,P3,Market Road Parking,Street,12.9698,77.5962,80,56,24,0.7,0.5,20,medium,clear,1,0,0,simulated
2026-01-04 12:30:00,P4,Metro Station Parking,Transit,12.9784,77.5915,250,104,146,0.416,1.8,25,medium,clear,1,0,0,simulated
2026-01-04 12:30:00,P5,College Campus Parking,Campus,12.9675,77.594,120,14,106,0.1167,1.0,15,medium,clear,1,0,0,simulated
2026-01-04 13:00:00,P1,Central Mall Parking,Mall,12.9719,77.5937,200,164,36,0.82,0.8,40,medium,clear,1,0,0,simulated
2026-01-04 13:00:00,P2,City Office Parking,Office,12.975,77.5945,150,40,110,0.2667,1.4,30,medium,clear,1,0,0,simulated
2026-01-04 13:00:00,P3,Market Road Parking,Street,12.9698,77.5962,80,54,26,0.675,0.5,20,medium,clear,1,0,0,simulated
2026-01-04 13:00:00,P4,Metro Station Parking,Transit,12.9784,77.5915,250,119,131,0.476,1.8,25,medium,clear,1,0,0,simulated
2026-01-04 13:00:00,P5,College Campus Parking,Campus,12.9675,77.594,120,25,95,0.2083,1.0,15,medium,clear,1,0,0,simulated
2026-01-04 13:30:00,P1,Central Mall Parking,Mall,12.9719,77.5937,200,169,31,0.845,0.8,40,medium,clear,1,0,0,simulated
2026-01-04 13:30:00,P2,City Office Parking,Office,12.975,77.5945,150,41,109,0.2733,1.4,30,medium,clear,1,0,0,simulated
2026-01-04 13:30:00,P3,Market Road Parking,Street,12.9698,77.5962,80,50,30,0.625,0.5,20,medium,clear,1,0,0,simulated
2026-01-04 13:30:00,P4,Metro Station Parking,Transit,12.9784,77.5915,250,92,158,0.368,1.8,25,medium,clear,1,0,0,simulated
2026-01-04 13:30:00,P5,College Campus Parking,Campus,12.9675,77.594,120,20,100,0.1667,1.0,15,medium,clear,1,0,0,simulated
2026-01-04 14:00:00,P1,Central Mall Parking,Mall,12.9719,77.5937,200,165,35,0.825,0.8,40,medium,clear,1,0,0,simulated
2026-01-04 14:00:00,P2,City Office Parking,Office,12.975,77.5945,150,35,115,0.2333,1.4,30,medium,clear,1,0,0,simulated
2026-01-04 14:00:00,P3,Market Road Parking,Street,12.9698,77.5962,80,50,30,0.625,0.5,20,medium,clear,1,0,0,simulated
2026-01-04 14:00:00,P4,Metro Station Parking,Transit,12.9784,77.5915,250,116,134,0.464,1.8,25,medium,clear,1,0,0,simulated
2026-01-04 14:00:00,P5,College Campus Parking,Campus,12.9675,77.594,120,22,98,0.1833,1.0,15,medium,clear,1,0,0,simulated
2026-01-04 14:30:00,P1,Central Mall Parking,Mall,12.9719,77.5937,200,158,42,0.79,0.8,40,medium,clear,1,0,0,simulated
2026-01-04 14:30:00,P2,City Office Parking,Office,12.975,77.5945,150,30,120,0.2,1.4,30,medium,clear,1,0,0,simulated
2026-01-04 14:30:00,P3,Market Road Parking,Street,12.9698,77.5962,80,54,26,0.675,0.5,20,medium,clear,1,0,0,simulated
2026-01-04 14:30:00,P4,Metro Station Parking,Transit,12.9784,77.5915,250,95,155,0.38,1.8,25,medium,clear,1,0,0,simulated
2026-01-04 14:30:00,P5,College Campus Parking,Campus,12.9675,77.594,120,17,103,0.1417,1.0,15,medium,clear,1,0,0,simulated
2026-01-04 15:00:00,P1,Central Mall Parking,Mall,12.9719,77.5937,200,179,21,0.895,0.8,40,medium,cloudy,1,0,0,simulated
2026-01-04 15:00:00,P2,City Office Parking,Office,12.975,77.5945,150,38,112,0.2533,1.4,30,medium,cloudy,1,0,0,simulated
2026-01-04 15:00:00,P3,Market Road Parking,Street,12.9698,77.5962,80,49,31,0.6125,0.5,20,medium,cloudy,1,0,0,simulated
2026-01-04 15:00:00,P4,Metro Station Parking,Transit,12.9784,77.5915,250,113,137,0.452,1.8,25,medium,cloudy,1,0,0,simulated
2026-01-04 15:00:00,P5,College Campus Parking,Campus,12.9675,77.594,120,15,105,0.125,1.0,15,medium,cloudy,1,0,0,simulated
2026-01-04 15:30:00,P1,Central Mall Parking,Mall,12.9719,77.5937,200,164,36,0.82,0.8,40,medium,clear,1,0,0,simulated
2026-01-04 15:30:00,P2,City Office Parking,Office,12.975,77.5945,150,40,110,0.2667,1.4,30,medium,clear,1,0,0,simulated
2026-01-04 15:30:00,P3,Market Road Parking,Street,12.9698,77.5962,80,42,38,0.525,0.5,20,medium,clear,1,0,0,simulated
2026-01-04 15:30:00,P4,Metro Station Parking,Transit,12.9784,77.5915,250,102,148,0.408,1.8,25,medium,clear,1,0,0,simulated
2026-01-04 15:30:00,P5,College Campus Parking,Campus,12.9675,77.594,120,17,103,0.1417,1.0,15,medium,clear,1,0,0,simulated
2026-01-04 16:00:00,P1,Central Mall Parking,Mall,12.9719,77.5937,200,176,24,0.88,0.8,40,medium,clear,1,0,0,simulated
2026-01-04 16:00:00,P2,City Office Parking,Office,12.975,77.5945,150,29,121,0.1933,1.4,30,medium,clear,1,0,0,simulated
2026-01-04 16:00:00,P3,Market Road Parking,Street,12.9698,77.5962,80,40,40,0.5,0.5,20,medium,clear,1,0,0,simulated
2026-01-04 16:00:00,P4,Metro Station Parking,Transit,12.9784,77.5915,250,96,154,0.384,1.8,25,medium,clear,1,0,0,simulated
2026-01-04 16:00:00,P5,College Campus Parking,Campus,12.9675,77.594,120,13,107,0.1083,1.0,15,medium,clear,1,0,0,simulated
2026-01-04 16:30:00,P1,Central Mall Parking,Mall,12.9719,77.5937,200,183,17,0.915,0.8,40,medium,clear,1,0,0,simulated
2026-01-04 16:30:00,P2,City Office Parking,Office,12.975,77.5945,150,28,122,0.1867,1.4,30,medium,clear,1,0,0,simulated
2026-01-04 16:30:00,P3,Market Road Parking,Street,12.9698,77.5962,80,47,33,0.5875,0.5,20,medium,clear,1,0,0,simulated
2026-01-04 16:30:00,P4,Metro Station Parking,Transit,12.9784,77.5915,250,94,156,0.376,1.8,25,medium,clear,1,0,0,simulated
2026-01-04 16:30:00,P5,College Campus Parking,Campus,12.9675,77.594,120,22,98,0.1833,1.0,15,medium,clear,1,0,0,simulated
2026-01-04 17:00:00,P1,Central Mall Parking,Mall,12.9719,77.5937,200,180,20,0.9,0.8,40,high,cloudy,1,1,0,simulated
2026-01-04 17:00:00,P2,City Office Parking,Office,12.975,77.5945,150,33,117,0.22,1.4,30,high,cloudy,1,1,0,simulated
2026-01-04 17:00:00,P3,Market Road Parking,Street,12.9698,77.5962,80,51,29,0.6375,0.5,20,high,cloudy,1,1,0,simulated
2026-01-04 17:00:00,P4,Metro Station Parking,Transit,12.9784,77.5915,250,191,59,0.764,1.8,25,high,cloudy,1,1,0,simulated
2026-01-04 17:00:00,P5,College Campus Parking,Campus,12.9675,77.594,120,27,93,0.225,1.0,15,high,cloudy,1,1,0,simulated
2026-01-04 17:30:00,P1,Central Mall Parking,Mall,12.9719,77.5937,200,194,6,0.97,0.8,40,high,cloudy,1,1,0,simulated
2026-01-04 17:30:00,P2,City Office Parking,Office,12.975,77.5945,150,43,107,0.2867,1.4,30,high,cloudy,1,1,0,simulated
2026-01-04 17:30:00,P3,Market Road Parking,Street,12.9698,77.5962,80,49,31,0.6125,0.5,20,high,cloudy,1,1,0,simulated
2026-01-04 17:30:00,P4,Metro Station Parking,Transit,12.9784,77.5915,250,204,46,0.816,1.8,25,high,cloudy,1,1,0,simulated
2026-01-04 17:30:00,P5,College Campus Parking,Campus,12.9675,77.594,120,26,94,0.2167,1.0,15,high,cloudy,1,1,0,simulated
2026-01-04 18:00:00,P1,Central Mall Parking,Mall,12.9719,77.5937,200,179,21,0.895,0.8,40,high,clear,1,1,0,simulated
2026-01-04 18:00:00,P2,City Office Parking,Office,12.975,77.5945,150,44,106,0.2933,1.4,30,high,clear,1,1,0,simulated
2026-01-04 18:00:00,P3,Market Road Parking,Street,12.9698,77.5962,80,46,34,0.575,0.5,20,high,clear,1,1,0,simulated
2026-01-04 18:00:00,P4,Metro Station Parking,Transit,12.9784,77.5915,250,195,55,0.78,1.8,25,high,clear,1,1,0,simulated
2026-01-04 18:00:00,P5,College Campus Parking,Campus,12.9675,77.594,120,28,92,0.2333,1.0,15,high,clear,1,1,0,simulated
2026-01-04 18:30:00,P1,Central Mall Parking,Mall,12.9719,77.5937,200,190,10,0.95,0.8,40,high,clear,1,1,0,simulated
2026-01-04 18:30:00,P2,City Office Parking,Office,12.975,77.5945,150,30,120,0.2,1.4,30,high,clear,1,1,0,simulated
2026-01-04 18:30:00,P3,Market Road Parking,Street,12.9698,77.5962,80,54,26,0.675,0.5,20,high,clear,1,1,0,simulated
2026-01-04 18:30:00,P4,Metro Station Parking,Transit,12.9784,77.5915,250,187,63,0.748,1.8,25,high,clear,1,1,0,simulated
2026-01-04 18:30:00,P5,College Campus Parking,Campus,12.9675,77.594,120,18,102,0.15,1.0,15,high,clear,1,1,0,simulated
2026-01-04 19:00:00,P1,Central Mall Parking,Mall,12.9719,77.5937,200,193,7,0.965,0.8,40,high,clear,1,1,0,simulated
2026-01-04 19:00:00,P2,City Office Parking,Office,12.975,77.5945,150,34,116,0.2267,1.4,30,high,clear,1,1,0,simulated
2026-01-04 19:00:00,P3,Market Road Parking,Street,12.9698,77.5962,80,50,30,0.625,0.5,20,high,clear,1,1,0,simulated
2026-01-04 19:00:00,P4,Metro Station Parking,Transit,12.9784,77.5915,250,189,61,0.756,1.8,25,high,clear,1,1,0,simulated
2026-01-04 19:00:00,P5,College Campus Parking,Campus,12.9675,77.594,120,19,101,0.1583,1.0,15,high,clear,1,1,0,simulated
2026-01-04 19:30:00,P1,Central Mall Parking,Mall,12.9719,77.5937,200,194,6,0.97,0.8,40,high,rain,1,1,0,simulated
2026-01-04 19:30:00,P2,City Office Parking,Office,12.975,77.5945,150,43,107,0.2867,1.4,30,high,rain,1,1,0,simulated
2026-01-04 19:30:00,P3,Market Road Parking,Street,12.9698,77.5962,80,49,31,0.6125,0.5,20,high,rain,1,1,0,simulated
2026-01-04 19:30:00,P4,Metro Station Parking,Transit,12.9784,77.5915,250,210,40,0.84,1.8,25,high,rain,1,1,0,simulated
2026-01-04 19:30:00,P5,College Campus Parking,Campus,12.9675,77.594,120,23,97,0.1917,1.0,15,high,rain,1,1,0,simulated
2026-01-04 20:00:00,P1,Central Mall Parking,Mall,12.9719,77.5937,200,193,7,0.965,0.8,40,high,clear,1,1,0,simulated
2026-01-04 20:00:00,P2,City Office Parking,Office,12.975,77.5945,150,44,106,0.2933,1.4,30,high,clear,1,1,0,simulated
2026-01-04 20:00:00,P3,Market Road Parking,Street,12.9698,77.5962,80,51,29,0.6375,0.5,20,high,clear,1,1,0,simulated
2026-01-04 20:00:00,P4,Metro Station Parking,Transit,12.9784,77.5915,250,213,37,0.852,1.8,25,high,clear,1,1,0,simulated
2026-01-04 20:00:00,P5,College Campus Parking,Campus,12.9675,77.594,120,17,103,0.1417,1.0,15,high,clear,1,1,0,simulated
2026-01-05 08:00:00,P1,Central Mall Parking,Mall,12.9719,77.5937,200,48,152,0.24,0.8,40,medium,clear,0,1,0,simulated
2026-01-05 08:00:00,P2,City Office Parking,Office,12.975,77.5945,150,56,94,0.3733,1.4,30,medium,clear,0,1,0,simulated
2026-01-05 08:00:00,P3,Market Road Parking,Street,12.9698,77.5962,80,42,38,0.525,0.5,20,medium,clear,0,1,0,simulated
2026-01-05 08:00:00,P4,Metro Station Parking,Transit,12.9784,77.5915,250,218,32,0.872,1.8,25,medium,clear,0,1,0,simulated
2026-01-05 08:00:00,P5,College Campus Parking,Campus,12.9675,77.594,120,41,79,0.3417,1.0,15,medium,clear,0,1,0,simulated
2026-01-05 08:30:00,P1,Central Mall Parking,Mall,12.9719,77.5937,200,49,151,0.245,0.8,40,high,cloudy,0,1,0,simulated
2026-01-05 08:30:00,P2,City Office Parking,Office,12.975,77.5945,150,68,82,0.4533,1.4,30,high,cloudy,0,1,0,simulated
2026-01-05 08:30:00,P3,Market Road Parking,Street,12.9698,77.5962,80,48,32,0.6,0.5,20,high,cloudy,0,1,0,simulated
2026-01-05 08:30:00,P4,Metro Station Parking,Transit,12.9784,77.5915,250,224,26,0.896,1.8,25,high,cloudy,0,1,0,simulated
2026-01-05 08:30:00,P5,College Campus Parking,Campus,12.9675,77.594,120,40,80,0.3333,1.0,15,high,cloudy,0,1,0,simulated
2026-01-05 09:00:00,P1,Central Mall Parking,Mall,12.9719,77.5937,200,49,151,0.245,0.8,40,high,clear,0,1,0,simulated
2026-01-05 09:00:00,P2,City Office Parking,Office,12.975,77.5945,150,112,38,0.7467,1.4,30,high,clear,0,1,0,simulated
2026-01-05 09:00:00,P3,Market Road Parking,Street,12.9698,77.5962,80,43,37,0.5375,0.5,20,high,clear,0,1,0,simulated
2026-01-05 09:00:00,P4,Metro Station Parking,Transit,12.9784,77.5915,250,204,46,0.816,1.8,25,high,clear,0,1,0,simulated
2026-01-05 09:00:00,P5,College Campus Parking,Campus,12.9675,77.594,120,98,22,0.8167,1.0,15,high,clear,0,1,0,simulated
2026-01-05 09:30:00,P1,Central Mall Parking,Mall,12.9719,77.5937,200,65,135,0.325,0.8,40,high,rain,0,1,0,simulated
2026-01-05 09:30:00,P2,City Office Parking,Office,12.975,77.5945,150,121,29,0.8067,1.4,30,high,rain,0,1,0,simulated
2026-01-05 09:30:00,P3,Market Road Parking,Street,12.9698,77.5962,80,45,35,0.5625,0.5,20,high,rain,0,1,0,simulated
2026-01-05 09:30:00,P4,Metro Station Parking,Transit,12.9784,77.5915,250,210,40,0.84,1.8,25,high,rain,0,1,0,simulated
2026-01-05 09:30:00,P5,College Campus Parking,Campus,12.9675,77.594,120,93,27,0.775,1.0,15,high,rain,0,1,0,simulated
2026-01-05 10:00:00,P1,Central Mall Parking,Mall,12.9719,77.5937,200,58,142,0.29,0.8,40,high,cloudy,0,1,0,simulated
2026-01-05 10:00:00,P2,City Office Parking,Office,12.975,77.5945,150,115,35,0.7667,1.4,30,high,cloudy,0,1,0,simulated
2026-01-05 10:00:00,P3,Market Road Parking,Street,12.9698,77.5962,80,48,32,0.6,0.5,20,high,cloudy,0,1,0,simulated
2026-01-05 10:00:00,P4,Metro Station Parking,Transit,12.9784,77.5915,250,217,33,0.868,1.8,25,high,cloudy,0,1,0,simulated
2026-01-05 10:00:00,P5,College Campus Parking,Campus,12.9675,77.594,120,98,22,0.8167,1.0,15,high,cloudy,0,1,0,simulated
2026-01-05 10:30:00,P1,Central Mall Parking,Mall,12.9719,77.5937,200,41,159,0.205,0.8,40,medium,cloudy,0,0,0,simulated
2026-01-05 10:30:00,P2,City Office Parking,Office,12.975,77.5945,150,112,38,0.7467,1.4,30,medium,cloudy,0,0,0,simulated
2026-01-05 10:30:00,P3,Market Road Parking,Street,12.9698,77.5962,80,39,41,0.4875,0.5,20,medium,cloudy,0,0,0,simulated
2026-01-05 10:30:00,P4,Metro Station Parking,Transit,12.9784,77.5915,250,117,133,0.468,1.8,25,medium,cloudy,0,0,0,simulated
2026-01-05 10:30:00,P5,College Campus Parking,Campus,12.9675,77.594,120,90,30,0.75,1.0,15,medium,cloudy,0,0,0,simulated
2026-01-05 11:00:00,P1,Central Mall Parking,Mall,12.9719,77.5937,200,117,83,0.585,0.8,40,medium,cloudy,0,0,0,simulated
2026-01-05 11:00:00,P2,City Office Parking,Office,12.975,77.5945,150,109,41,0.7267,1.4,30,medium,cloudy,0,0,0,simulated
2026-01-05 11:00:00,P3,Market Road Parking,Street,12.9698,77.5962,80,46,34,0.575,0.5,20,medium,cloudy,0,0,0,simulated
2026-01-05 11:00:00,P4,Metro Station Parking,Transit,12.9784,77.5915,250,139,111,0.556,1.8,25,medium,cloudy,0,0,0,simulated
2026-01-05 11:00:00,P5,College Campus Parking,Campus,12.9675,77.594,120,91,29,0.7583,1.0,15,medium,cloudy,0,0,0,simulated
2026-01-05 11:30:00,P1,Central Mall Parking,Mall,12.9719,77.5937,200,119,81,0.595,0.8,40,medium,clear,0,0,0,simulated
2026-01-05 11:30:00,P2,City Office Parking,Office,12.975,77.5945,150,134,16,0.8933,1.4,30,medium,clear,0,0,0,simulated
2026-01-05 11:30:00,P3,Market Road Parking,Street,12.9698,77.5962,80,47,33,0.5875,0.5,20,medium,clear,0,0,0,simulated
2026-01-05 11:30:00,P4,Metro Station Parking,Transit,12.9784,77.5915,250,140,110,0.56,1.8,25,medium,clear,0,0,0,simulated
2026-01-05 11:30:00,P5,College Campus Parking,Campus,12.9675,77.594,120,86,34,0.7167,1.0,15,medium,clear,0,0,0,simulated
2026-01-05 12:00:00,P1,Central Mall Parking,Mall,12.9719,77.5937,200,129,71,0.645,0.8,40,medium,clear,0,0,0,simulated
2026-01-05 12:00:00,P2,City Office Parking,Office,12.975,77.5945,150,131,19,0.8733,1.4,30,medium,clear,0,0,0,simulated
2026-01-05 12:00:00,P3,Market Road Parking,Street,12.9698,77.5962,80,47,33,0.5875,0.5,20,medium,clear,0,0,0,simulated
2026-01-05 12:00:00,P4,Metro Station Parking,Transit,12.9784,77.5915,250,126,124,0.504,1.8,25,medium,clear,0,0,0,simulated
2026-01-05 12:00:00,P5,College Campus Parking,Campus,12.9675,77.594,120,90,30,0.75,1.0,15,medium,clear,0,0,0,simulated
2026-01-05 12:30:00,P1,Central Mall Parking,Mall,12.9719,77.5937,200,119,81,0.595,0.8,40,medium,clear,0,0,0,simulated
2026-01-05 12:30:00,P2,City Office Parking,Office,12.975,77.5945,150,130,20,0.8667,1.4,30,medium,clear,0,0,0,simulated
2026-01-05 12:30:00,P3,Market Road Parking,Street,12.9698,77.5962,80,52,28,0.65,0.5,20,medium,clear,0,0,0,simulated
2026-01-05 12:30:00,P4,Metro Station Parking,Transit,12.9784,77.5915,250,138,112,0.552,1.8,25,medium,clear,0,0,0,simulated
2026-01-05 12:30:00,P5,College Campus Parking,Campus,12.9675,77.594,120,98,22,0.8167,1.0,15,medium,clear,0,0,0,simulated
2026-01-05 13:00:00,P1,Central Mall Parking,Mall,12.9719,77.5937,200,115,85,0.575,0.8,40,medium,clear,0,0,0,simulated
2026-01-05 13:00:00,P2,City Office Parking,Office,12.975,77.5945,150,139,11,0.9267,1.4,30,medium,clear,0,0,0,simulated
2026-01-05 13:00:00,P3,Market Road Parking,Street,12.9698,77.5962,80,50,30,0.625,0.5,20,medium,clear,0,0,0,simulated
2026-01-05 13:00:00,P4,Metro Station Parking,Transit,12.9784,77.5915,250,118,132,0.472,1.8,25,medium,clear,0,0,0,simulated
2026-01-05 13:00:00,P5,College Campus Parking,Campus,12.9675,77.594,120,100,20,0.8333,1.0,15,medium,clear,0,0,0,simulated
2026-01-05 13:30:00,P1,Central Mall Parking,Mall,12.9719,77.5937,200,130,70,0.65,0.8,40,medium,rain,0,0,0,simulated
2026-01-05 13:30:00,P2,City Office Parking,Office,12.975,77.5945,150,143,7,0.9533,1.4,30,medium,rain,0,0,0,simulated
2026-01-05 13:30:00,P3,Market Road Parking,Street,12.9698,77.5962,80,52,28,0.65,0.5,20,medium,rain,0,0,0,simulated
2026-01-05 13:30:00,P4,Metro Station Parking,Transit,12.9784,77.5915,250,146,104,0.584,1.8,25,medium,rain,0,0,0,simulated
2026-01-05 13:30:00,P5,College Campus Parking,Campus,12.9675,77.594,120,105,15,0.875,1.0,15,medium,rain,0,0,0,simulated
2026-01-05 14:00:00,P1,Central Mall Parking,Mall,12.9719,77.5937,200,133,67,0.665,0.8,40,medium,rain,0,0,0,simulated
2026-01-05 14:00:00,P2,City Office Parking,Office,12.975,77.5945,150,132,18,0.88,1.4,30,medium,rain,0,0,0,simulated
2026-01-05 14:00:00,P3,Market Road Parking,Street,12.9698,77.5962,80,56,24,0.7,0.5,20,medium,rain,0,0,0,simulated
2026-01-05 14:00:00,P4,Metro Station Parking,Transit,12.9784,77.5915,250,149,101,0.596,1.8,25,medium,rain,0,0,0,simulated
2026-01-05 14:00:00,P5,College Campus Parking,Campus,12.9675,77.594,120,100,20,0.8333,1.0,15,medium,rain,0,0,0,simulated
2026-01-05 14:30:00,P1,Central Mall Parking,Mall,12.9719,77.5937,200,119,81,0.595,0.8,40,medium,clear,0,0,0,simulated
2026-01-05 14:30:00,P2,City Office Parking,Office,12.975,77.5945,150,126,24,0.84,1.4,30,medium,clear,0,0,0,simulated
2026-01-05 14:30:00,P3,Market Road Parking,Street,12.9698,77.5962,80,46,34,0.575,0.5,20,medium,clear,0,0,0,simulated
2026-01-05 14:30:00,P4,Metro Station Parking,Transit,12.9784,77.5915,250,141,109,0.564,1.8,25,medium,clear,0,0,0,simulated
2026-01-05 14:30:00,P5,College Campus Parking,Campus,12.9675,77.594,120,95,25,0.7917,1.0,15,medium,clear,0,0,0,simulated
2026-01-05 15:00:00,P1,Central Mall Parking,Mall,12.9719,77.5937,200,120,80,0.6,0.8,40,medium,cloudy,0,0,0,simulated
2026-01-05 15:00:00,P2,City Office Parking,Office,12.975,77.5945,150,129,21,0.86,1.4,30,medium,cloudy,0,0,0,simulated
2026-01-05 15:00:00,P3,Market Road Parking,Street,12.9698,77.5962,80,52,28,0.65,0.5,20,medium,cloudy,0,0,0,simulated
2026-01-05 15:00:00,P4,Metro Station Parking,Transit,12.9784,77.5915,250,133,117,0.532,1.8,25,medium,cloudy,0,0,0,simulated
2026-01-05 15:00:00,P5,College Campus Parking,Campus,12.9675,77.594,120,97,23,0.8083,1.0,15,medium,cloudy,0,0,0,simulated
2026-01-05 15:30:00,P1,Central Mall Parking,Mall,12.9719,77.5937,200,150,50,0.75,0.8,40,medium,clear,0,0,0,simulated
2026-01-05 15:30:00,P2,City Office Parking,Office,12.975,77.5945,150,112,38,0.7467,1.4,30,medium,clear,0,0,0,simulated
2026-01-05 15:30:00,P3,Market Road Parking,Street,12.9698,77.5962,80,38,42,0.475,0.5,20,medium,clear,0,0,0,simulated
2026-01-05 15:30:00,P4,Metro Station Parking,Transit,12.9784,77.5915,250,127,123,0.508,1.8,25,medium,clear,0,0,0,simulated
2026-01-05 15:30:00,P5,College Campus Parking,Campus,12.9675,77.594,120,104,16,0.8667,1.0,15,medium,clear,0,0,0,simulated
2026-01-05 16:00:00,P1,Central Mall Parking,Mall,12.9719,77.5937,200,152,48,0.76,0.8,40,low,rain,0,0,0,simulated
2026-01-05 16:00:00,P2,City Office Parking,Office,12.975,77.5945,150,128,22,0.8533,1.4,30,low,rain,0,0,0,simulated
2026-01-05 16:00:00,P3,Market Road Parking,Street,12.9698,77.5962,80,38,42,0.475,0.5,20,low,rain,0,0,0,simulated
2026-01-05 16:00:00,P4,Metro Station Parking,Transit,12.9784,77.5915,250,143,107,0.572,1.8,25,low,rain,0,0,0,simulated
2026-01-05 16:00:00,P5,College Campus Parking,Campus,12.9675,77.594,120,98,22,0.8167,1.0,15,low,rain,0,0,0,simulated
2026-01-05 16:30:00,P1,Central Mall Parking,Mall,12.9719,77.5937,200,149,51,0.745,0.8,40,medium,clear,0,0,0,simulated
2026-01-05 16:30:00,P2,City Office Parking,Office,12.975,77.5945,150,118,32,0.7867,1.4,30,medium,clear,0,0,0,simulated
2026-01-05 16:30:00,P3,Market Road Parking,Street,12.9698,77.5962,80,37,43,0.4625,0.5,20,medium,clear,0,0,0,simulated
2026-01-05 16:30:00,P4,Metro Station Parking,Transit,12.9784,77.5915,250,125,125,0.5,1.8,25,medium,clear,0,0,0,simulated
2026-01-05 16:30:00,P5,College Campus Parking,Campus,12.9675,77.594,120,59,61,0.4917,1.0,15,medium,clear,0,0,0,simulated
2026-01-05 17:00:00,P1,Central Mall Parking,Mall,12.9719,77.5937,200,156,44,0.78,0.8,40,high,clear,0,1,0,simulated
2026-01-05 17:00:00,P2,City Office Parking,Office,12.975,77.5945,150,116,34,0.7733,1.4,30,high,clear,0,1,0,simulated
2026-01-05 17:00:00,P3,Market Road Parking,Street,12.9698,77.5962,80,44,36,0.55,0.5,20,high,clear,0,1,0,simulated
2026-01-05 17:00:00,P4,Metro Station Parking,Transit,12.9784,77.5915,250,238,12,0.952,1.8,25,high,clear,0,1,0,simulated
2026-01-05 17:00:00,P5,College Campus Parking,Campus,12.9675,77.594,120,64,56,0.5333,1.0,15,high,clear,0,1,0,simulated
2026-01-05 17:30:00,P1,Central Mall Parking,Mall,12.9719,77.5937,200,164,36,0.82,0.8,40,high,clear,0,1,0,simulated
2026-01-05 17:30:00,P2,City Office Parking,Office,12.975,77.5945,150,124,26,0.8267,1.4,30,high,clear,0,1,0,simulated
2026-01-05 17:30:00,P3,Market Road Parking,Street,12.9698,77.5962,80,50,30,0.625,0.5,20,high,clear,0,1,0,simulated
2026-01-05 17:30:00,P4,Metro Station Parking,Transit,12.9784,77.5915,250,216,34,0.864,1.8,25,high,clear,0,1,0,simulated
2026-01-05 17:30:00,P5,College Campus Parking,Campus,12.9675,77.594,120,67,53,0.5583,1.0,15,high,clear,0,1,0,simulated
2026-01-05 18:00:00,P1,Central Mall Parking,Mall,12.9719,77.5937,200,154,46,0.77,0.8,40,medium,clear,0,1,0,simulated
2026-01-05 18:00:00,P2,City Office Parking,Office,12.975,77.5945,150,120,30,0.8,1.4,30,medium,clear,0,1,0,simulated
2026-01-05 18:00:00,P3,Market Road Parking,Street,12.9698,77.5962,80,42,38,0.525,0.5,20,medium,clear,0,1,0,simulated
2026-01-05 18:00:00,P4,Metro Station Parking,Transit,12.9784,77.5915,250,208,42,0.832,1.8,25,medium,clear,0,1,0,simulated
2026-01-05 18:00:00,P5,College Campus Parking,Campus,12.9675,77.594,120,59,61,0.4917,1.0,15,medium,clear,0,1,0,simulated
2026-01-05 18:30:00,P1,Central Mall Parking,Mall,12.9719,77.5937,200,164,36,0.82,0.8,40,high,clear,0,1,0,simulated
2026-01-05 18:30:00,P2,City Office Parking,Office,12.975,77.5945,150,70,80,0.4667,1.4,30,high,clear,0,1,0,simulated
2026-01-05 18:30:00,P3,Market Road Parking,Street,12.9698,77.5962,80,46,34,0.575,0.5,20,high,clear,0,1,0,simulated
2026-01-05 18:30:00,P4,Metro Station Parking,Transit,12.9784,77.5915,250,224,26,0.896,1.8,25,high,clear,0,1,0,simulated
2026-01-05 18:30:00,P5,College Campus Parking,Campus,12.9675,77.594,120,36,84,0.3,1.0,15,high,clear,0,1,0,simulated
2026-01-05 19:00:00,P1,Central Mall Parking,Mall,12.9719,77.5937,200,159,41,0.795,0.8,40,high,clear,0,1,0,simulated
2026-01-05 19:00:00,P2,City Office Parking,Office,12.975,77.5945,150,74,76,0.4933,1.4,30,high,clear,0,1,0,simulated
2026-01-05 19:00:00,P3,Market Road Parking,Street,12.9698,77.5962,80,43,37,0.5375,0.5,20,high,clear,0,1,0,simulated
2026-01-05 19:00:00,P4,Metro Station Parking,Transit,12.9784,77.5915,250,224,26,0.896,1.8,25,high,clear,0,1,0,simulated
2026-01-05 19:00:00,P5,College Campus Parking,Campus,12.9675,77.594,120,39,81,0.325,1.0,15,high,clear,0,1,0,simulated
2026-01-05 19:30:00,P1,Central Mall Parking,Mall,12.9719,77.5937,200,151,49,0.755,0.8,40,medium,clear,0,1,0,simulated
2026-01-05 19:30:00,P2,City Office Parking,Office,12.975,77.5945,150,79,71,0.5267,1.4,30,medium,clear,0,1,0,simulated
2026-01-05 19:30:00,P3,Market Road Parking,Street,12.9698,77.5962,80,45,35,0.5625,0.5,20,medium,clear,0,1,0,simulated
2026-01-05 19:30:00,P4,Metro Station Parking,Transit,12.9784,77.5915,250,219,31,0.876,1.8,25,medium,clear,0,1,0,simulated
2026-01-05 19:30:00,P5,College Campus Parking,Campus,12.9675,77.594,120,26,94,0.2167,1.0,15,medium,clear,0,1,0,simulated
2026-01-05 20:00:00,P1,Central Mall Parking,Mall,12.9719,77.5937,200,160,40,0.8,0.8,40,high,clear,0,1,0,simulated
2026-01-05 20:00:00,P2,City Office Parking,Office,12.975,77.5945,150,84,66,0.56,1.4,30,high,clear,0,1,0,simulated
2026-01-05 20:00:00,P3,Market Road Parking,Street,12.9698,77.5962,80,44,36,0.55,0.5,20,high,clear,0,1,0,simulated
2026-01-05 20:00:00,P4,Metro Station Parking,Transit,12.9784,77.5915,250,233,17,0.932,1.8,25,high,clear,0,1,0,simulated
2026-01-05 20:00:00,P5,College Campus Parking,Campus,12.9675,77.594,120,29,91,0.2417,1.0,15,high,clear,0,1,0,simulated
2026-01-06 08:00:00,P1,Central Mall Parking,Mall,12.9719,77.5937,200,48,152,0.24,0.8,40,high,clear,0,1,0,simulated
2026-01-06 08:00:00,P2,City Office Parking,Office,12.975,77.5945,150,61,89,0.4067,1.4,30,high,clear,0,1,0,simulated
2026-01-06 08:00:00,P3,Market Road Parking,Street,12.9698,77.5962,80,49,31,0.6125,0.5,20,high,clear,0,1,0,simulated
2026-01-06 08:00:00,P4,Metro Station Parking,Transit,12.9784,77.5915,250,215,35,0.86,1.8,25,high,clear,0,1,0,simulated
2026-01-06 08:00:00,P5,College Campus Parking,Campus,12.9675,77.594,120,47,73,0.3917,1.0,15,high,clear,0,1,0,simulated
2026-01-06 08:30:00,P1,Central Mall Parking,Mall,12.9719,77.5937,200,52,148,0.26,0.8,40,high,clear,0,1,0,simulated
2026-01-06 08:30:00,P2,City Office Parking,Office,12.975,77.5945,150,59,91,0.3933,1.4,30,high,clear,0,1,0,simulated
2026-01-06 08:30:00,P3,Market Road Parking,Street,12.9698,77.5962,80,46,34,0.575,0.5,20,high,clear,0,1,0,simulated
2026-01-06 08:30:00,P4,Metro Station Parking,Transit,12.9784,77.5915,250,216,34,0.864,1.8,25,high,clear,0,1,0,simulated
2026-01-06 08:30:00,P5,College Campus Parking,Campus,12.9675,77.594,120,47,73,0.3917,1.0,15,high,clear,0,1,0,simulated
2026-01-06 09:00:00,P1,Central Mall Parking,Mall,12.9719,77.5937,200,62,138,0.31,0.8,40,high,clear,0,1,0,simulated
2026-01-06 09:00:00,P2,City Office Parking,Office,12.975,77.5945,150,117,33,0.78,1.4,30,high,clear,0,1,0,simulated
2026-01-06 09:00:00,P3,Market Road Parking,Street,12.9698,77.5962,80,44,36,0.55,0.5,20,high,clear,0,1,0,simulated
2026-01-06 09:00:00,P4,Metro Station Parking,Transit,12.9784,77.5915,250,211,39,0.844,1.8,25,high,clear,0,1,0,simulated
2026-01-06 09:00:00,P5,College Campus Parking,Campus,12.9675,77.594,120,99,21,0.825,1.0,15,high,clear,0,1,0,simulated
2026-01-06 09:30:00,P1,Central Mall Parking,Mall,12.9719,77.5937,200,55,145,0.275,0.8,40,high,clear,0,1,0,simulated
2026-01-06 09:30:00,P2,City Office Parking,Office,12.975,77.5945,150,122,28,0.8133,1.4,30,high,clear,0,1,0,simulated
2026-01-06 09:30:00,P3,Market Road Parking,Street,12.9698,77.5962,80,48,32,0.6,0.5,20,high,clear,0,1,0,simulated
2026-01-06 09:30:00,P4,Metro Station Parking,Transit,12.9784,77.5915,250,217,33,0.868,1.8,25,high,clear,0,1,0,simulated
2026-01-06 09:30:00,P5,College Campus Parking,Campus,12.9675,77.594,120,88,32,0.7333,1.0,15,high,clear,0,1,0,simulated
2026-01-06 10:00:00,P1,Central Mall Parking,Mall,12.9719,77.5937,200,57,143,0.285,0.8,40,high,clear,0,1,0,simulated
2026-01-06 10:00:00,P2,City Office Parking,Office,12.975,77.5945,150,112,38,0.7467,1.4,30,high,clear,0,1,0,simulated
2026-01-06 10:00:00,P3,Market Road Parking,Street,12.9698,77.5962,80,48,32,0.6,0.5,20,high,clear,0,1,0,simulated
2026-01-06 10:00:00,P4,Metro Station Parking,Transit,12.9784,77.5915,250,216,34,0.864,1.8,25,high,clear,0,1,0,simulated
2026-01-06 10:00:00,P5,College Campus Parking,Campus,12.9675,77.594,120,94,26,0.7833,1.0,15,high,clear,0,1,0,simulated
2026-01-06 10:30:00,P1,Central Mall Parking,Mall,12.9719,77.5937,200,55,145,0.275,0.8,40,medium,rain,0,0,0,simulated
2026-01-06 10:30:00,P2,City Office Parking,Office,12.975,77.5945,150,123,27,0.82,1.4,30,medium,rain,0,0,0,simulated
2026-01-06 10:30:00,P3,Market Road Parking,Street,12.9698,77.5962,80,39,41,0.4875,0.5,20,medium,rain,0,0,0,simulated
2026-01-06 10:30:00,P4,Metro Station Parking,Transit,12.9784,77.5915,250,138,112,0.552,1.8,25,medium,rain,0,0,0,simulated
2026-01-06 10:30:00,P5,College Campus Parking,Campus,12.9675,77.594,120,91,29,0.7583,1.0,15,medium,rain,0,0,0,simulated
2026-01-06 11:00:00,P1,Central Mall Parking,Mall,12.9719,77.5937,200,123,77,0.615,0.8,40,medium,clear,0,0,0,simulated
2026-01-06 11:00:00,P2,City Office Parking,Office,12.975,77.5945,150,108,42,0.72,1.4,30,medium,clear,0,0,0,simulated
2026-01-06 11:00:00,P3,Market Road Parking,Street,12.9698,77.5962,80,53,27,0.6625,0.5,20,medium,clear,0,0,0,simulated
2026-01-06 11:00:00,P4,Metro Station Parking,Transit,12.9784,77.5915,250,119,131,0.476,1.8,25,medium,clear,0,0,0,simulated
2026-01-06 11:00:00,P5,College Campus Parking,Campus,12.9675,77.594,120,95,25,0.7917,1.0,15,medium,clear,0,0,0,simulated
2026-01-06 11:30:00,P1,Central Mall Parking,Mall,12.9719,77.5937,200,114,86,0.57,0.8,40,low,cloudy,0,0,0,simulated
2026-01-06 11:30:00,P2,City Office Parking,Office,12.975,77.5945,150,128,22,0.8533,1.4,30,low,cloudy,0,0,0,simulated
2026-01-06 11:30:00,P3,Market Road Parking,Street,12.9698,77.5962,80,47,33,0.5875,0.5,20,low,cloudy,0,0,0,simulated
2026-01-06 11:30:00,P4,Metro Station Parking,Transit,12.9784,77.5915,250,123,127,0.492,1.8,25,low,cloudy,0,0,0,simulated
2026-01-06 11:30:00,P5,College Campus Parking,Campus,12.9675,77.594,120,91,29,0.7583,1.0,15,low,cloudy,0,0,0,simulated
2026-01-06 12:00:00,P1,Central Mall Parking,Mall,12.9719,77.5937,200,137,63,0.685,0.8,40,medium,rain,0,0,0,simulated
2026-01-06 12:00:00,P2,City Office Parking,Office,12.975,77.5945,150,129,21,0.86,1.4,30,medium,rain,0,0,0,simulated
2026-01-06 12:00:00,P3,Market Road Parking,Street,12.9698,77.5962,80,53,27,0.6625,0.5,20,medium,rain,0,0,0,simulated
2026-01-06 12:00:00,P4,Metro Station Parking,Transit,12.9784,77.5915,250,139,111,0.556,1.8,25,medium,rain,0,0,0,simulated
2026-01-06 12:00:00,P5,College Campus Parking,Campus,12.9675,77.594,120,95,25,0.7917,1.0,15,medium,rain,0,0,0,simulated
2026-01-06 12:30:00,P1,Central Mall Parking,Mall,12.9719,77.5937,200,127,73,0.635,0.8,40,low,clear,0,0,0,simulated
2026-01-06 12:30:00,P2,City Office Parking,Office,12.975,77.5945,150,139,11,0.9267,1.4,30,low,clear,0,0,0,simulated
2026-01-06 12:30:00,P3,Market Road Parking,Street,12.9698,77.5962,80,48,32,0.6,0.5,20,low,clear,0,0,0,simulated
2026-01-06 12:30:00,P4,Metro Station Parking,Transit,12.9784,77.5915,250,136,114,0.544,1.8,25,low,clear,0,0,0,simulated
2026-01-06 12:30:00,P5,College Campus Parking,Campus,12.9675,77.594,120,98,22,0.8167,1.0,15,low,clear,0,0,0,simulated
2026-01-06 13:00:00,P1,Central Mall Parking,Mall,12.9719,77.5937,200,120,80,0.6,0.8,40,medium,clear,0,0,0,simulated
2026-01-06 13:00:00,P2,City Office Parking,Office,12.975,77.5945,150,127,23,0.8467,1.4,30,medium,clear,0,0,0,simulated
2026-01-06 13:00:00,P3,Market Road Parking,Street,12.9698,77.5962,80,51,29,0.6375,0.5,20,medium,clear,0,0,0,simulated
2026-01-06 13:00:00,P4,Metro Station Parking,Transit,12.9784,77.5915,250,135,115,0.54,1.8,25,medium,clear,0,0,0,simulated
2026-01-06 13:00:00,P5,College Campus Parking,Campus,12.9675,77.594,120,98,22,0.8167,1.0,15,medium,clear,0,0,0,simulated
2026-01-06 13:30:00,P1,Central Mall Parking,Mall,12.9719,77.5937,200,122,78,0.61,0.8,40,low,cloudy,0,0,0,simulated
2026-01-06 13:30:00,P2,City Office Parking,Office,12.975,77.5945,150,138,12,0.92,1.4,30,low,cloudy,0,0,0,simulated
2026-01-06 13:30:00,P3,Market Road Parking,Street,12.9698,77.5962,80,53,27,0.6625,0.5,20,low,cloudy,0,0,0,simulated
2026-01-06 13:30:00,P4,Metro Station Parking,Transit,12.9784,77.5915,250,139,111,0.556,1.8,25,low,cloudy,0,0,0,simulated
2026-01-06 13:30:00,P5,College Campus Parking,Campus,12.9675,77.594,120,98,22,0.8167,1.0,15,low,cloudy,0,0,0,simulated
2026-01-06 14:00:00,P1,Central Mall Parking,Mall,12.9719,77.5937,200,121,79,0.605,0.8,40,medium,cloudy,0,0,0,simulated
2026-01-06 14:00:00,P2,City Office Parking,Office,12.975,77.5945,150,139,11,0.9267,1.4,30,medium,cloudy,0,0,0,simulated
2026-01-06 14:00:00,P3,Market Road Parking,Street,12.9698,77.5962,80,53,27,0.6625,0.5,20,medium,cloudy,0,0,0,simulated
2026-01-06 14:00:00,P4,Metro Station Parking,Transit,12.9784,77.5915,250,134,116,0.536,1.8,25,medium,cloudy,0,0,0,simulated
2026-01-06 14:00:00,P5,College Campus Parking,Campus,12.9675,77.594,120,106,14,0.8833,1.0,15,medium,cloudy,0,0,0,simulated
2026-01-06 14:30:00,P1,Central Mall Parking,Mall,12.9719,77.5937,200,136,64,0.68,0.8,40,medium,rain,0,0,0,simulated
2026-01-06 14:30:00,P2,City Office Parking,Office,12.975,77.5945,150,139,11,0.9267,1.4,30,medium,rain,0,0,0,simulated
2026-01-06 14:30:00,P3,Market Road Parking,Street,12.9698,77.5962,80,53,27,0.6625,0.5,20,medium,rain,0,0,0,simulated
2026-01-06 14:30:00,P4,Metro Station Parking,Transit,12.9784,77.5915,250,126,124,0.504,1.8,25,medium,rain,0,0,0,simulated
2026-01-06 14:30:00,P5,College Campus Parking,Campus,12.9675,77.594,120,105,15,0.875,1.0,15,medium,rain,0,0,0,simulated
2026-01-06 15:00:00,P1,Central Mall Parking,Mall,12.9719,77.5937,200,128,72,0.64,0.8,40,medium,rain,0,0,0,simulated
2026-01-06 15:00:00,P2,City Office Parking,Office,12.975,77.5945,150,129,21,0.86,1.4,30,medium,rain,0,0,0,simulated
2026-01-06 15:00:00,P3,Market Road Parking,Street,12.9698,77.5962,80,48,32,0.6,0.5,20,medium,rain,0,0,0,simulated
2026-01-06 15:00:00,P4,Metro Station Parking,Transit,12.9784,77.5915,250,129,121,0.516,1.8,25,medium,rain,0,0,0,simulated
2026-01-06 15:00:00,P5,College Campus Parking,Campus,12.9675,77.594,120,98,22,0.8167,1.0,15,medium,rain,0,0,0,simulated
2026-01-06 15:30:00,P1,Central Mall Parking,Mall,12.9719,77.5937,200,144,56,0.72,0.8,40,medium,clear,0,0,0,simulated
2026-01-06 15:30:00,P2,City Office Parking,Office,12.975,77.5945,150,125,25,0.8333,1.4,30,medium,clear,0,0,0,simulated
2026-01-06 15:30:00,P3,Market Road Parking,Street,12.9698,77.5962,80,43,37,0.5375,0.5,20,medium,clear,0,0,0,simulated
2026-01-06 15:30:00,P4,Metro Station Parking,Transit,12.9784,77.5915,250,122,128,0.488,1.8,25,medium,clear,0,0,0,simulated
2026-01-06 15:30:00,P5,College Campus Parking,Campus,12.9675,77.594,120,95,25,0.7917,1.0,15,medium,clear,0,0,0,simulated
2026-01-06 16:00:00,P1,Central Mall Parking,Mall,12.9719,77.5937,200,149,51,0.745,0.8,40,low,clear,0,0,0,simulated
2026-01-06 16:00:00,P2,City Office Parking,Office,12.975,77.5945,150,125,25,0.8333,1.4,30,low,clear,0,0,0,simulated
2026-01-06 16:00:00,P3,Market Road Parking,Street,12.9698,77.5962,80,41,39,0.5125,0.5,20,low,clear,0,0,0,simulated
2026-01-06 16:00:00,P4,Metro Station Parking,Transit,12.9784,77.5915,250,129,121,0.516,1.8,25,low,clear,0,0,0,simulated
2026-01-06 16:00:00,P5,College Campus Parking,Campus,12.9675,77.594,120,98,22,0.8167,1.0,15,low,clear,0,0,0,simulated
2026-01-06 16:30:00,P1,Central Mall Parking,Mall,12.9719,77.5937,200,160,40,0.8,0.8,40,medium,clear,0,0,0,simulated
2026-01-06 16:30:00,P2,City Office Parking,Office,12.975,77.5945,150,110,40,0.7333,1.4,30,medium,clear,0,0,0,simulated
2026-01-06 16:30:00,P3,Market Road Parking,Street,12.9698,77.5962,80,41,39,0.5125,0.5,20,medium,clear,0,0,0,simulated
2026-01-06 16:30:00,P4,Metro Station Parking,Transit,12.9784,77.5915,250,129,121,0.516,1.8,25,medium,clear,0,0,0,simulated
2026-01-06 16:30:00,P5,College Campus Parking,Campus,12.9675,77.594,120,55,65,0.4583,1.0,15,medium,clear,0,0,0,simulated
2026-01-06 17:00:00,P1,Central Mall Parking,Mall,12.9719,77.5937,200,152,48,0.76,0.8,40,high,clear,0,1,0,simulated
2026-01-06 17:00:00,P2,City Office Parking,Office,12.975,77.5945,150,116,34,0.7733,1.4,30,high,clear,0,1,0,simulated
2026-01-06 17:00:00,P3,Market Road Parking,Street,12.9698,77.5962,80,42,38,0.525,0.5,20,high,clear,0,1,0,simulated
2026-01-06 17:00:00,P4,Metro Station Parking,Transit,12.9784,77.5915,250,225,25,0.9,1.8,25,high,clear,0,1,0,simulated
2026-01-06 17:00:00,P5,College Campus Parking,Campus,12.9675,77.594,120,58,62,0.4833,1.0,15,high,clear,0,1,0,simulated
2026-01-06 17:30:00,P1,Central Mall Parking,Mall,12.9719,77.5937,200,168,32,0.84,0.8,40,high,clear,0,1,0,simulated
2026-01-06 17:30:00,P2,City Office Parking,Office,12.975,77.5945,150,122,28,0.8133,1.4,30,high,clear,0,1,0,simulated
2026-01-06 17:30:00,P3,Market Road Parking,Street,12.9698,77.5962,80,50,30,0.625,0.5,20,high,clear,0,1,0,simulated
2026-01-06 17:30:00,P4,Metro Station Parking,Transit,12.9784,77.5915,250,224,26,0.896,1.8,25,high,clear,0,1,0,simulated
2026-01-06 17:30:00,P5,College Campus Parking,Campus,12.9675,77.594,120,67,53,0.5583,1.0,15,high,clear,0,1,0,simulated
2026-01-06 18:00:00,P1,Central Mall Parking,Mall,12.9719,77.5937,200,158,42,0.79,0.8,40,high,cloudy,0,1,0,simulated
2026-01-06 18:00:00,P2,City Office Parking,Office,12.975,77.5945,150,123,27,0.82,1.4,30,high,cloudy,0,1,0,simulated
2026-01-06 18:00:00,P3,Market Road Parking,Street,12.9698,77.5962,80,44,36,0.55,0.5,20,high,cloudy,0,1,0,simulated
2026-01-06 18:00:00,P4,Metro Station Parking,Transit,12.9784,77.5915,250,227,23,0.908,1.8,25,high,cloudy,0,1,0,simulated
2026-01-06 18:00:00,P5,College Campus Parking,Campus,12.9675,77.594,120,57,63,0.475,1.0,15,high,cloudy,0,1,0,simulated
2026-01-06 18:30:00,P1,Central Mall Parking,Mall,12.9719,77.5937,200,147,53,0.735,0.8,40,medium,clear,0,1,0,simulated
2026-01-06 18:30:00,P2,City Office Parking,Office,12.975,77.5945,150,77,73,0.5133,1.4,30,medium,clear,0,1,0,simulated
2026-01-06 18:30:00,P3,Market Road Parking,Street,12.9698,77.5962,80,47,33,0.5875,0.5,20,medium,clear,0,1,0,simulated
2026-01-06 18:30:00,P4,Metro Station Parking,Transit,12.9784,77.5915,250,225,25,0.9,1.8,25,medium,clear,0,1,0,simulated
2026-01-06 18:30:00,P5,College Campus Parking,Campus,12.9675,77.594,120,31,89,0.2583,1.0,15,medium,clear,0,1,0,simulated
2026-01-06 19:00:00,P1,Central Mall Parking,Mall,12.9719,77.5937,200,164,36,0.82,0.8,40,high,clear,0,1,0,simulated
2026-01-06 19:00:00,P2,City Office Parking,Office,12.975,77.5945,150,70,80,0.4667,1.4,30,high,clear,0,1,0,simulated
2026-01-06 19:00:00,P3,Market Road Parking,Street,12.9698,77.5962,80,44,36,0.55,0.5,20,high,clear,0,1,0,simulated
2026-01-06 19:00:00,P4,Metro Station Parking,Transit,12.9784,77.5915,250,230,20,0.92,1.8,25,high,clear,0,1,0,simulated
2026-01-06 19:00:00,P5,College Campus Parking,Campus,12.9675,77.594,120,34,86,0.2833,1.0,15,high,clear,0,1,0,simulated
2026-01-06 19:30:00,P1,Central Mall Parking,Mall,12.9719,77.5937,200,160,40,0.8,0.8,40,high,clear,0,1,0,simulated
2026-01-06 19:30:00,P2,City Office Parking,Office,12.975,77.5945,150,83,67,0.5533,1.4,30,high,clear,0,1,0,simulated
2026-01-06 19:30:00,P3,Market Road Parking,Street,12.9698,77.5962,80,46,34,0.575,0.5,20,high,clear,0,1,0,simulated
2026-01-06 19:30:00,P4,Metro Station Parking,Transit,12.9784,77.5915,250,227,23,0.908,1.8,25,high,clear,0,1,0,simulated
2026-01-06 19:30:00,P5,College Campus Parking,Campus,12.9675,77.594,120,28,92,0.2333,1.0,15,high,clear,0,1,0,simulated
2026-01-06 20:00:00,P1,Central Mall Parking,Mall,12.9719,77.5937,200,154,46,0.77,0.8,40,high,clear,0,1,0,simulated
2026-01-06 20:00:00,P2,City Office Parking,Office,12.975,77.5945,150,75,75,0.5,1.4,30,high,clear,0,1,0,simulated
2026-01-06 20:00:00,P3,Market Road Parking,Street,12.9698,77.5962,80,48,32,0.6,0.5,20,high,clear,0,1,0,simulated
2026-01-06 20:00:00,P4,Metro Station Parking,Transit,12.9784,77.5915,250,224,26,0.896,1.8,25,high,clear,0,1,0,simulated
2026-01-06 20:00:00,P5,College Campus Parking,Campus,12.9675,77.594,120,40,80,0.3333,1.0,15,high,clear,0,1,0,simulated
2026-01-07 08:00:00,P1,Central Mall Parking,Mall,12.9719,77.5937,200,44,156,0.22,0.8,40,medium,clear,0,1,0,simulated
2026-01-07 08:00:00,P2,City Office Parking,Office,12.975,77.5945,150,53,97,0.3533,1.4,30,medium,clear,0,1,0,simulated
2026-01-07 08:00:00,P3,Market Road Parking,Street,12.9698,77.5962,80,46,34,0.575,0.5,20,medium,clear,0,1,0,simulated
2026-01-07 08:00:00,P4,Metro Station Parking,Transit,12.9784,77.5915,250,210,40,0.84,1.8,25,medium,clear,0,1,0,simulated
2026-01-07 08:00:00,P5,College Campus Parking,Campus,12.9675,77.594,120,46,74,0.3833,1.0,15,medium,clear,0,1,0,simulated
2026-01-07 08:30:00,P1,Central Mall Parking,Mall,12.9719,77.5937,200,50,150,0.25,0.8,40,medium,clear,0,1,0,simulated
2026-01-07 08:30:00,P2,City Office Parking,Office,12.975,77.5945,150,61,89,0.4067,1.4,30,medium,clear,0,1,0,simulated
2026-01-07 08:30:00,P3,Market Road Parking,Street,12.9698,77.5962,80,47,33,0.5875,0.5,20,medium,clear,0,1,0,simulated
2026-01-07 08:30:00,P4,Metro Station Parking,Transit,12.9784,77.5915,250,208,42,0.832,1.8,25,medium,clear,0,1,0,simulated
2026-01-07 08:30:00,P5,College Campus Parking,Campus,12.9675,77.594,120,46,74,0.3833,1.0,15,medium,clear,0,1,0,simulated
2026-01-07 09:00:00,P1,Central Mall Parking,Mall,12.9719,77.5937,200,69,131,0.345,0.8,40,high,rain,0,1,0,simulated
2026-01-07 09:00:00,P2,City Office Parking,Office,12.975,77.5945,150,129,21,0.86,1.4,30,high,rain,0,1,0,simulated
2026-01-07 09:00:00,P3,Market Road Parking,Street,12.9698,77.5962,80,51,29,0.6375,0.5,20,high,rain,0,1,0,simulated
2026-01-07 09:00:00,P4,Metro Station Parking,Transit,12.9784,77.5915,250,233,17,0.932,1.8,25,high,rain,0,1,0,simulated
2026-01-07 09:00:00,P5,College Campus Parking,Campus,12.9675,77.594,120,98,22,0.8167,1.0,15,high,rain,0,1,0,simulated
2026-01-07 09:30:00,P1,Central Mall Parking,Mall,12.9719,77.5937,200,61,139,0.305,0.8,40,high,clear,0,1,0,simulated
2026-01-07 09:30:00,P2,City Office Parking,Office,12.975,77.5945,150,124,26,0.8267,1.4,30,high,clear,0,1,0,simulated
2026-01-07 09:30:00,P3,Market Road Parking,Street,12.9698,77.5962,80,45,35,0.5625,0.5,20,high,clear,0,1,0,simulated
2026-01-07 09:30:00,P4,Metro Station Parking,Transit,12.9784,77.5915,250,202,48,0.808,1.8,25,high,clear,0,1,0,simulated
2026-01-07 09:30:00,P5,College Campus Parking,Campus,12.9675,77.594,120,92,28,0.7667,1.0,15,high,clear,0,1,0,simulated
2026-01-07 10:00:00,P1,Central Mall Parking,Mall,12.9719,77.5937,200,46,154,0.23,0.8,40,medium,clear,0,1,0,simulated
2026-01-07 10:00:00,P2,City Office Parking,Office,12.975,77.5945,150,111,39,0.74,1.4,30,medium,clear,0,1,0,simulated
2026-01-07 10:00:00,P3,Market Road Parking,Street,12.9698,77.5962,80,47,33,0.5875,0.5,20,medium,clear,0,1,0,simulated
2026-01-07 10:00:00,P4,Metro Station Parking,Transit,12.9784,77.5915,250,198,52,0.792,1.8,25,medium,clear,0,1,0,simulated
2026-01-07 10:00:00,P5,College Campus Parking,Campus,12.9675,77.594,120,94,26,0.7833,1.0,15,medium,clear,0,1,0,simulated
2026-01-07 10:30:00,P1,Central Mall Parking,Mall,12.9719,77.5937,200,55,145,0.275,0.8,40,medium,clear,0,0,0,simulated
2026-01-07 10:30:00,P2,City Office Parking,Office,12.975,77.5945,150,114,36,0.76,1.4,30,medium,clear,0,0,0,simulated
2026-01-07 10:30:00,P3,Market Road Parking,Street,12.9698,77.5962,80,39,41,0.4875,0.5,20,medium,clear,0,0,0,simulated
2026-01-07 10:30:00,P4,Metro Station Parking,Transit,12.9784,77.5915,250,116,134,0.464,1.8,25,medium,clear,0,0,0,simulated
2026-01-07 10:30:00,P5,College Campus Parking,Campus,12.9675,77.594,120,91,29,0.7583,1.0,15,medium,clear,0,0,0,simulated
2026-01-07 11:00:00,P1,Central Mall Parking,Mall,12.9719,77.5937,200,135,65,0.675,0.8,40,low,rain,0,0,0,simulated
2026-01-07 11:00:00,P2,City Office Parking,Office,12.975,77.5945,150,121,29,0.8067,1.4,30,low,rain,0,0,0,simulated
2026-01-07 11:00:00,P3,Market Road Parking,Street,12.9698,77.5962,80,50,30,0.625,0.5,20,low,rain,0,0,0,simulated
2026-01-07 11:00:00,P4,Metro Station Parking,Transit,12.9784,77.5915,250,129,121,0.516,1.8,25,low,rain,0,0,0,simulated
2026-01-07 11:00:00,P5,College Campus Parking,Campus,12.9675,77.594,120,96,24,0.8,1.0,15,low,rain,0,0,0,simulated
2026-01-07 11:30:00,P1,Central Mall Parking,Mall,12.9719,77.5937,200,120,80,0.6,0.8,40,medium,clear,0,0,0,simulated
2026-01-07 11:30:00,P2,City Office Parking,Office,12.975,77.5945,150,135,15,0.9,1.4,30,medium,clear,0,0,0,simulated
2026-01-07 11:30:00,P3,Market Road Parking,Street,12.9698,77.5962,80,53,27,0.6625,0.5,20,medium,clear,0,0,0,simulated
2026-01-07 11:30:00,P4,Metro Station Parking,Transit,12.9784,77.5915,250,137,113,0.548,1.8,25,medium,clear,0,0,0,simulated
2026-01-07 11:30:00,P5,College Campus Parking,Campus,12.9675,77.594,120,87,33,0.725,1.0,15,medium,clear,0,0,0,simulated
2026-01-07 12:00:00,P1,Central Mall Parking,Mall,12.9719,77.5937,200,119,81,0.595,0.8,40,medium,clear,0,0,0,simulated
2026-01-07 12:00:00,P2,City Office Parking,Office,12.975,77.5945,150,138,12,0.92,1.4,30,medium,clear,0,0,0,simulated
2026-01-07 12:00:00,P3,Market Road Parking,Street,12.9698,77.5962,80,50,30,0.625,0.5,20,medium,clear,0,0,0,simulated
2026-01-07 12:00:00,P4,Metro Station Parking,Transit,12.9784,77.5915,250,131,119,0.524,1.8,25,medium,clear,0,0,0,simulated
2026-01-07 12:00:00,P5,College Campus Parking,Campus,12.9675,77.594,120,93,27,0.775,1.0,15,medium,clear,0,0,0,simulated
2026-01-07 12:30:00,P1,Central Mall Parking,Mall,12.9719,77.5937,200,130,70,0.65,0.8,40,medium,clear,0,0,0,simulated
2026-01-07 12:30:00,P2,City Office Parking,Office,12.975,77.5945,150,134,16,0.8933,1.4,30,medium,clear,0,0,0,simulated
2026-01-07 12:30:00,P3,Market Road Parking,Street,12.9698,77.5962,80,52,28,0.65,0.5,20,medium,clear,0,0,0,simulated
2026-01-07 12:30:00,P4,Metro Station Parking,Transit,12.9784,77.5915,250,130,120,0.52,1.8,25,medium,clear,0,0,0,simulated
2026-01-07 12:30:00,P5,College Campus Parking,Campus,12.9675,77.594,120,107,13,0.8917,1.0,15,medium,clear,0,0,0,simulated
2026-01-07 13:00:00,P1,Central Mall Parking,Mall,12.9719,77.5937,200,124,76,0.62,0.8,40,low,rain,0,0,0,simulated
2026-01-07 13:00:00,P2,City Office Parking,Office,12.975,77.5945,150,136,14,0.9067,1.4,30,low,rain,0,0,0,simulated
2026-01-07 13:00:00,P3,Market Road Parking,Street,12.9698,77.5962,80,48,32,0.6,0.5,20,low,rain,0,0,0,simulated
2026-01-07 13:00:00,P4,Metro Station Parking,Transit,12.9784,77.5915,250,142,108,0.568,1.8,25,low,rain,0,0,0,simulated
2026-01-07 13:00:00,P5,College Campus Parking,Campus,12.9675,77.594,120,100,20,0.8333,1.0,15,low,rain,0,0,0,simulated
2026-01-07 13:30:00,P1,Central Mall Parking,Mall,12.9719,77.5937,200,114,86,0.57,0.8,40,medium,cloudy,0,0,0,simulated
2026-01-07 13:30:00,P2,City Office Parking,Office,12.975,77.5945,150,135,15,0.9,1.4,30,medium,cloudy,0,0,0,simulated
2026-01-07 13:30:00,P3,Market Road Parking,Street,12.9698,77.5962,80,51,29,0.6375,0.5,20,medium,cloudy,0,0,0,simulated
2026-01-07 13:30:00,P4,Metro Station Parking,Transit,12.9784,77.5915,250,126,124,0.504,1.8,25,medium,cloudy,0,0,0,simulated
2026-01-07 13:30:00,P5,College Campus Parking,Campus,12.9675,77.594,120,106,14,0.8833,1.0,15,medium,cloudy,0,0,0,simulated
2026-01-07 14:00:00,P1,Central Mall Parking,Mall,12.9719,77.5937,200,131,69,0.655,0.8,40,medium,clear,0,0,0,simulated
2026-01-07 14:00:00,P2,City Office Parking,Office,12.975,77.5945,150,140,10,0.9333,1.4,30,medium,clear,0,0,0,simulated
2026-01-07 14:00:00,P3,Market Road Parking,Street,12.9698,77.5962,80,53,27,0.6625,0.5,20,medium,clear,0,0,0,simulated
2026-01-07 14:00:00,P4,Metro Station Parking,Transit,12.9784,77.5915,250,136,114,0.544,1.8,25,medium,clear,0,0,0,simulated
2026-01-07 14:00:00,P5,College Campus Parking,Campus,12.9675,77.594,120,107,13,0.8917,1.0,15,medium,clear,0,0,0,simulated
2026-01-07 14:30:00,P1,Central Mall Parking,Mall,12.9719,77.5937,200,132,68,0.66,0.8,40,medium,clear,0,0,0,simulated
2026-01-07 14:30:00,P2,City Office Parking,Office,12.975,77.5945,150,126,24,0.84,1.4,30,medium,clear,0,0,0,simulated
2026-01-07 14:30:00,P3,Market Road Parking,Street,12.9698,77.5962,80,45,35,0.5625,0.5,20,medium,clear,0,0,0,simulated
2026-01-07 14:30:00,P4,Metro Station Parking,Transit,12.9784,77.5915,250,118,132,0.472,1.8,25,medium,clear,0,0,0,simulated
2026-01-07 14:30:00,P5,College Campus Parking,Campus,12.9675,77.594,120,95,25,0.7917,1.0,15,medium,clear,0,0,0,simulated
2026-01-07 15:00:00,P1,Central Mall Parking,Mall,12.9719,77.5937,200,118,82,0.59,0.8,40,medium,clear,0,0,0,simulated
2026-01-07 15:00:00,P2,City Office Parking,Office,12.975,77.5945,150,137,13,0.9133,1.4,30,medium,clear,0,0,0,simulated
2026-01-07 15:00:00,P3,Market Road Parking,Street,12.9698,77.5962,80,45,35,0.5625,0.5,20,medium,clear,0,0,0,simulated
2026-01-07 15:00:00,P4,Metro Station Parking,Transit,12.9784,77.5915,250,139,111,0.556,1.8,25,medium,clear,0,0,0,simulated
2026-01-07 15:00:00,P5,College Campus Parking,Campus,12.9675,77.594,120,98,22,0.8167,1.0,15,medium,clear,0,0,0,simulated
2026-01-07 15:30:00,P1,Central Mall Parking,Mall,12.9719,77.5937,200,155,45,0.775,0.8,40,medium,cloudy,0,0,0,simulated
2026-01-07 15:30:00,P2,City Office Parking,Office,12.975,77.5945,150,113,37,0.7533,1.4,30,medium,cloudy,0,0,0,simulated
2026-01-07 15:30:00,P3,Market Road Parking,Street,12.9698,77.5962,80,43,37,0.5375,0.5,20,medium,cloudy,0,0,0,simulated
2026-01-07 15:30:00,P4,Metro Station Parking,Transit,12.9784,77.5915,250,138,112,0.552,1.8,25,medium,cloudy,0,0,0,simulated
2026-01-07 15:30:00,P5,College Campus Parking,Campus,12.9675,77.594,120,99,21,0.825,1.0,15,medium,cloudy,0,0,0,simulated
2026-01-07 16:00:00,P1,Central Mall Parking,Mall,12.9719,77.5937,200,157,43,0.785,0.8,40,medium,cloudy,0,0,0,simulated
2026-01-07 16:00:00,P2,City Office Parking,Office,12.975,77.5945,150,122,28,0.8133,1.4,30,medium,cloudy,0,0,0,simulated
2026-01-07 16:00:00,P3,Market Road Parking,Street,12.9698,77.5962,80,41,39,0.5125,0.5,20,medium,cloudy,0,0,0,simulated
2026-01-07 16:00:00,P4,Metro Station Parking,Transit,12.9784,77.5915,250,134,116,0.536,1.8,25,medium,cloudy,0,0,0,simulated
2026-01-07 16:00:00,P5,College Campus Parking,Campus,12.9675,77.594,120,100,20,0.8333,1.0,15,medium,cloudy,0,0,0,simulated
2026-01-07 16:30:00,P1,Central Mall Parking,Mall,12.9719,77.5937,200,148,52,0.74,0.8,40,medium,clear,0,0,0,simulated
2026-01-07 16:30:00,P2,City Office Parking,Office,12.975,77.5945,150,125,25,0.8333,1.4,30,medium,clear,0,0,0,simulated
2026-01-07 16:30:00,P3,Market Road Parking,Street,12.9698,77.5962,80,39,41,0.4875,0.5,20,medium,clear,0,0,0,simulated
2026-01-07 16:30:00,P4,Metro Station Parking,Transit,12.9784,77.5915,250,130,120,0.52,1.8,25,medium,clear,0,0,0,simulated
2026-01-07 16:30:00,P5,College Campus Parking,Campus,12.9675,77.594,120,61,59,0.5083,1.0,15,medium,clear,0,0,0,simulated
2026-01-07 17:00:00,P1,Central Mall Parking,Mall,12.9719,77.5937,200,153,47,0.765,0.8,40,high,clear,0,1,0,simulated
2026-01-07 17:00:00,P2,City Office Parking,Office,12.975,77.5945,150,117,33,0.78,1.4,30,high,clear,0,1,0,simulated
2026-01-07 17:00:00,P3,Market Road Parking,Street,12.9698,77.5962,80,47,33,0.5875,0.5,20,high,clear,0,1,0,simulated
2026-01-07 17:00:00,P4,Metro Station Parking,Transit,12.9784,77.5915,250,219,31,0.876,1.8,25,high,clear,0,1,0,simulated
2026-01-07 17:00:00,P5,College Campus Parking,Campus,12.9675,77.594,120,66,54,0.55,1.0,15,high,clear,0,1,0,simulated
2026-01-07 17:30:00,P1,Central Mall Parking,Mall,12.9719,77.5937,200,156,44,0.78,0.8,40,high,clear,0,1,0,simulated
2026-01-07 17:30:00,P2,City Office Parking,Office,12.975,77.5945,150,125,25,0.8333,1.4,30,high,clear,0,1,0,simulated
2026-01-07 17:30:00,P3,Market Road Parking,Street,12.9698,77.5962,80,46,34,0.575,0.5,20,high,clear,0,1,0,simulated
2026-01-07 17:30:00,P4,Metro Station Parking,Transit,12.9784,77.5915,250,223,27,0.892,1.8,25,high,clear,0,1,0,simulated
2026-01-07 17:30:00,P5,College Campus Parking,Campus,12.9675,77.594,120,66,54,0.55,1.0,15,high,clear,0,1,0,simulated
2026-01-07 18:00:00,P1,Central Mall Parking,Mall,12.9719,77.5937,200,149,51,0.745,0.8,40,medium,clear,0,1,0,simulated
2026-01-07 18:00:00,P2,City Office Parking,Office,12.975,77.5945,150,122,28,0.8133,1.4,30,medium,clear,0,1,0,simulated
2026-01-07 18:00:00,P3,Market Road Parking,Street,12.9698,77.5962,80,48,32,0.6,0.5,20,medium,clear,0,1,0,simulated
2026-01-07 18:00:00,P4,Metro Station Parking,Transit,12.9784,77.5915,250,206,44,0.824,1.8,25,medium,clear,0,1,0,simulated
2026-01-07 18:00:00,P5,College Campus Parking,Campus,12.9675,77.594,120,63,57,0.525,1.0,15,medium,clear,0,1,0,simulated
2026-01-07 18:30:00,P1,Central Mall Parking,Mall,12.9719,77.5937,200,152,48,0.76,0.8,40,high,cloudy,0,1,0,simulated
2026-01-07 18:30:00,P2,City Office Parking,Office,12.975,77.5945,150,83,67,0.5533,1.4,30,high,cloudy,0,1,0,simulated
2026-01-07 18:30:00,P3,Market Road Parking,Street,12.9698,77.5962,80,47,33,0.5875,0.5,20,high,cloudy,0,1,0,simulated
2026-01-07 18:30:00,P4,Metro Station Parking,Transit,12.9784,77.5915,250,229,21,0.916,1.8,25,high,cloudy,0,1,0,simulated
2026-01-07 18:30:00,P5,College Campus Parking,Campus,12.9675,77.594,120,33,87,0.275,1.0,15,high,cloudy,0,1,0,simulated
2026-01-07 19:00:00,P1,Central Mall Parking,Mall,12.9719,77.5937,200,156,44,0.78,0.8,40,medium,clear,0,1,0,simulated
2026-01-07 19:00:00,P2,City Office Parking,Office,12.975,77.5945,150,77,73,0.5133,1.4,30,medium,clear,0,1,0,simulated
2026-01-07 19:00:00,P3,Market Road Parking,Street,12.9698,77.5962,80,46,34,0.575,0.5,20,medium,clear,0,1,0,simulated
2026-01-07 19:00:00,P4,Metro Station Parking,Transit,12.9784,77.5915,250,221,29,0.884,1.8,25,medium,clear,0,1,0,simulated
2026-01-07 19:00:00,P5,College Campus Parking,Campus,12.9675,77.594,120,33,87,0.275,1.0,15,medium,clear,0,1,0,simulated
2026-01-07 19:30:00,P1,Central Mall Parking,Mall,12.9719,77.5937,200,160,40,0.8,0.8,40,high,clear,0,1,0,simulated
2026-01-07 19:30:00,P2,City Office Parking,Office,12.975,77.5945,150,78,72,0.52,1.4,30,high,clear,0,1,0,simulated
2026-01-07 19:30:00,P3,Market Road Parking,Street,12.9698,77.5962,80,44,36,0.55,0.5,20,high,clear,0,1,0,simulated
2026-01-07 19:30:00,P4,Metro Station Parking,Transit,12.9784,77.5915,250,232,18,0.928,1.8,25,high,clear,0,1,0,simulated
2026-01-07 19:30:00,P5,College Campus Parking,Campus,12.9675,77.594,120,35,85,0.2917,1.0,15,high,clear,0,1,0,simulated
2026-01-07 20:00:00,P1,Central Mall Parking,Mall,12.9719,77.5937,200,153,47,0.765,0.8,40,high,clear,0,1,0,simulated
2026-01-07 20:00:00,P2,City Office Parking,Office,12.975,77.5945,150,79,71,0.5267,1.4,30,high,clear,0,1,0,simulated
2026-01-07 20:00:00,P3,Market Road Parking,Street,12.9698,77.5962,80,46,34,0.575,0.5,20,high,clear,0,1,0,simulated
2026-01-07 20:00:00,P4,Metro Station Parking,Transit,12.9784,77.5915,250,216,34,0.864,1.8,25,high,clear,0,1,0,simulated
2026-01-07 20:00:00,P5,College Campus Parking,Campus,12.9675,77.594,120,33,87,0.275,1.0,15,high,clear,0,1,0,simulated
2026-01-08 08:00:00,P1,Central Mall Parking,Mall,12.9719,77.5937,200,54,146,0.27,0.8,40,high,cloudy,0,1,0,simulated
2026-01-08 08:00:00,P2,City Office Parking,Office,12.975,77.5945,150,68,82,0.4533,1.4,30,high,cloudy,0,1,0,simulated
2026-01-08 08:00:00,P3,Market Road Parking,Street,12.9698,77.5962,80,42,38,0.525,0.5,20,high,cloudy,0,1,0,simulated
2026-01-08 08:00:00,P4,Metro Station Parking,Transit,12.9784,77.5915,250,203,47,0.812,1.8,25,high,cloudy,0,1,0,simulated
2026-01-08 08:00:00,P5,College Campus Parking,Campus,12.9675,77.594,120,46,74,0.3833,1.0,15,high,cloudy,0,1,0,simulated
2026-01-08 08:30:00,P1,Central Mall Parking,Mall,12.9719,77.5937,200,59,141,0.295,0.8,40,medium,cloudy,0,1,0,simulated
2026-01-08 08:30:00,P2,City Office Parking,Office,12.975,77.5945,150,63,87,0.42,1.4,30,medium,cloudy,0,1,0,simulated
2026-01-08 08:30:00,P3,Market Road Parking,Street,12.9698,77.5962,80,46,34,0.575,0.5,20,medium,cloudy,0,1,0,simulated
2026-01-08 08:30:00,P4,Metro Station Parking,Transit,12.9784,77.5915,250,204,46,0.816,1.8,25,medium,cloudy,0,1,0,simulated
2026-01-08 08:30:00,P5,College Campus Parking,Campus,12.9675,77.594,120,36,84,0.3,1.0,15,medium,cloudy,0,1,0,simulated
2026-01-08 09:00:00,P1,Central Mall Parking,Mall,12.9719,77.5937,200,50,150,0.25,0.8,40,medium,clear,0,1,0,simulated
2026-01-08 09:00:00,P2,City Office Parking,Office,12.975,77.5945,150,110,40,0.7333,1.4,30,medium,clear,0,1,0,simulated
2026-01-08 09:00:00,P3,Market Road Parking,Street,12.9698,77.5962,80,41,39,0.5125,0.5,20,medium,clear,0,1,0,simulated
2026-01-08 09:00:00,P4,Metro Station Parking,Transit,12.9784,77.5915,250,205,45,0.82,1.8,25,medium,clear,0,1,0,simulated
2026-01-08 09:00:00,P5,College Campus Parking,Campus,12.9675,77.594,120,93,27,0.775,1.0,15,medium,clear,0,1,0,simulated
2026-01-08 09:30:00,P1,Central Mall Parking,Mall,12.9719,77.5937,200,66,134,0.33,0.8,40,high,clear,0,1,0,simulated
2026-01-08 09:30:00,P2,City Office Parking,Office,12.975,77.5945,150,112,38,0.7467,1.4,30,high,clear,0,1,0,simulated
2026-01-08 09:30:00,P3,Market Road Parking,Street,12.9698,77.5962,80,47,33,0.5875,0.5,20,high,clear,0,1,0,simulated
2026-01-08 09:30:00,P4,Metro Station Parking,Transit,12.9784,77.5915,250,222,28,0.888,1.8,25,high,clear,0,1,0,simulated
2026-01-08 09:30:00,P5,College Campus Parking,Campus,12.9675,77.594,120,97,23,0.8083,1.0,15,high,clear,0,1,0,simulated
2026-01-08 10:00:00,P1,Central Mall Parking,Mall,12.9719,77.5937,200,64,136,0.32,0.8,40,high,clear,0,1,0,simulated
2026-01-08 10:00:00,P2,City Office Parking,Office,12.975,77.5945,150,121,29,0.8067,1.4,30,high,clear,0,1,0,simulated
2026-01-08 10:00:00,P3,Market Road Parking,Street,12.9698,77.5962,80,45,35,0.5625,0.5,20,high,clear,0,1,0,simulated
2026-01-08 10:00:00,P4,Metro Station Parking,Transit,12.9784,77.5915,250,218,32,0.872,1.8,25,high,clear,0,1,0,simulated
2026-01-08 10:00:00,P5,College Campus Parking,Campus,12.9675,77.594,120,89,31,0.7417,1.0,15,high,clear,0,1,0,simulated
2026-01-08 10:30:00,P1,Central Mall Parking,Mall,12.9719,77.5937,200,40,160,0.2,0.8,40,medium,clear,0,0,0,simulated
2026-01-08 10:30:00,P2,City Office Parking,Office,12.975,77.5945,150,110,40,0.7333,1.4,30,medium,clear,0,0,0,simulated
2026-01-08 10:30:00,P3,Market Road Parking,Street,12.9698,77.5962,80,42,38,0.525,0.5,20,medium,clear,0,0,0,simulated
2026-01-08 10:30:00,P4,Metro Station Parking,Transit,12.9784,77.5915,250,120,130,0.48,1.8,25,medium,clear,0,0,0,simulated
2026-01-08 10:30:00,P5,College Campus Parking,Campus,12.9675,77.594,120,96,24,0.8,1.0,15,medium,clear,0,0,0,simulated
2026-01-08 11:00:00,P1,Central Mall Parking,Mall,12.9719,77.5937,200,126,74,0.63,0.8,40,medium,rain,0,0,0,simulated
2026-01-08 11:00:00,P2,City Office Parking,Office,12.975,77.5945,150,113,37,0.7533,1.4,30,medium,rain,0,0,0,simulated
2026-01-08 11:00:00,P3,Market Road Parking,Street,12.9698,77.5962,80,50,30,0.625,0.5,20,medium,rain,0,0,0,simulated
2026-01-08 11:00:00,P4,Metro Station Parking,Transit,12.9784,77.5915,250,134,116,0.536,1.8,25,medium,rain,0,0,0,simulated
2026-01-08 11:00:00,P5,College Campus Parking,Campus,12.9675,77.594,120,93,27,0.775,1.0,15,medium,rain,0,0,0,simulated
2026-01-08 11:30:00,P1,Central Mall Parking,Mall,12.9719,77.5937,200,132,68,0.66,0.8,40,medium,clear,0,0,0,simulated
2026-01-08 11:30:00,P2,City Office Parking,Office,12.975,77.5945,150,138,12,0.92,1.4,30,medium,clear,0,0,0,simulated
2026-01-08 11:30:00,P3,Market Road Parking,Street,12.9698,77.5962,80,51,29,0.6375,0.5,20,medium,clear,0,0,0,simulated
2026-01-08 11:30:00,P4,Metro Station Parking,Transit,12.9784,77.5915,250,138,112,0.552,1.8,25,medium,clear,0,0,0,simulated
2026-01-08 11:30:00,P5,College Campus Parking,Campus,12.9675,77.594,120,85,35,0.7083,1.0,15,medium,clear,0,0,0,simulated
2026-01-08 12:00:00,P1,Central Mall Parking,Mall,12.9719,77.5937,200,134,66,0.67,0.8,40,low,clear,0,0,0,simulated
2026-01-08 12:00:00,P2,City Office Parking,Office,12.975,77.5945,150,128,22,0.8533,1.4,30,low,clear,0,0,0,simulated
2026-01-08 12:00:00,P3,Market Road Parking,Street,12.9698,77.5962,80,46,34,0.575,0.5,20,low,clear,0,0,0,simulated
2026-01-08 12:00:00,P4,Metro Station Parking,Transit,12.9784,77.5915,250,123,127,0.492,1.8,25,low,clear,0,0,0,simulated
2026-01-08 12:00:00,P5,College Campus Parking,Campus,12.9675,77.594,120,93,27,0.775,1.0,15,low,clear,0,0,0,simulated
2026-01-08 12:30:00,P1,Central Mall Parking,Mall,12.9719,77.5937,200,114,86,0.57,0.8,40,medium,cloudy,0,0,0,simulated
2026-01-08 12:30:00,P2,City Office Parking,Office,12.975,77.5945,150,130,20,0.8667,1.4,30,medium,cloudy,0,0,0,simulated
2026-01-08 12:30:00,P3,Market Road Parking,Street,12.9698,77.5962,80,48,32,0.6,0.5,20,medium,cloudy,0,0,0,simulated
2026-01-08 12:30:00,P4,Metro Station Parking,Transit,12.9784,77.5915,250,133,117,0.532,1.8,25,medium,cloudy,0,0,0,simulated
2026-01-08 12:30:00,P5,College Campus Parking,Campus,12.9675,77.594,120,107,13,0.8917,1.0,15,medium,cloudy,0,0,0,simulated
2026-01-08 13:00:00,P1,Central Mall Parking,Mall,12.9719,77.5937,200,122,78,0.61,0.8,40,medium,clear,0,0,0,simulated
2026-01-08 13:00:00,P2,City Office Parking,Office,12.975,77.5945,150,134,16,0.8933,1.4,30,medium,clear,0,0,0,simulated
2026-01-08 13:00:00,P3,Market Road Parking,Street,12.9698,77.5962,80,51,29,0.6375,0.5,20,medium,clear,0,0,0,simulated
2026-01-08 13:00:00,P4,Metro Station Parking,Transit,12.9784,77.5915,250,141,109,0.564,1.8,25,medium,clear,0,0,0,simulated
2026-01-08 13:00:00,P5,College Campus Parking,Campus,12.9675,77.594,120,106,14,0.8833,1.0,15,medium,clear,0,0,0,simulated
2026-01-08 13:30:00,P1,Central Mall Parking,Mall,12.9719,77.5937,200,120,80,0.6,0.8,40,low,clear,0,0,0,simulated
2026-01-08 13:30:00,P2,City Office Parking,Office,12.975,77.5945,150,131,19,0.8733,1.4,30,low,clear,0,0,0,simulated
2026-01-08 13:30:00,P3,Market Road Parking,Street,12.9698,77.5962,80,45,35,0.5625,0.5,20,low,clear,0,0,0,simulated
2026-01-08 13:30:00,P4,Metro Station Parking,Transit,12.9784,77.5915,250,126,124,0.504,1.8,25,low,clear,0,0,0,simulated
2026-01-08 13:30:00,P5,College Campus Parking,Campus,12.9675,77.594,120,101,19,0.8417,1.0,15,low,clear,0,0,0,simulated
2026-01-08 14:00:00,P1,Central Mall Parking,Mall,12.9719,77.5937,200,122,78,0.61,0.8,40,low,clear,0,0,0,simulated
2026-01-08 14:00:00,P2,City Office Parking,Office,12.975,77.5945,150,124,26,0.8267,1.4,30,low,clear,0,0,0,simulated
2026-01-08 14:00:00,P3,Market Road Parking,Street,12.9698,77.5962,80,53,27,0.6625,0.5,20,low,clear,0,0,0,simulated
2026-01-08 14:00:00,P4,Metro Station Parking,Transit,12.9784,77.5915,250,138,112,0.552,1.8,25,low,clear,0,0,0,simulated
2026-01-08 14:00:00,P5,College Campus Parking,Campus,12.9675,77.594,120,97,23,0.8083,1.0,15,low,clear,0,0,0,simulated
2026-01-08 14:30:00,P1,Central Mall Parking,Mall,12.9719,77.5937,200,113,87,0.565,0.8,40,medium,clear,0,0,0,simulated
2026-01-08 14:30:00,P2,City Office Parking,Office,12.975,77.5945,150,128,22,0.8533,1.4,30,medium,clear,0,0,0,simulated
2026-01-08 14:30:00,P3,Market Road Parking,Street,12.9698,77.5962,80,50,30,0.625,0.5,20,medium,clear,0,0,0,simulated
2026-01-08 14:30:00,P4,Metro Station Parking,Transit,12.9784,77.5915,250,132,118,0.528,1.8,25,medium,clear,0,0,0,simulated
2026-01-08 14:30:00,P5,College Campus Parking,Campus,12.9675,77.594,120,101,19,0.8417,1.0,15,medium,clear,0,0,0,simulated
2026-01-08 15:00:00,P1,Central Mall Parking,Mall,12.9719,77.5937,200,117,83,0.585,0.8,40,low,clear,0,0,0,simulated
2026-01-08 15:00:00,P2,City Office Parking,Office,12.975,77.5945,150,137,13,0.9133,1.4,30,low,clear,0,0,0,simulated
2026-01-08 15:00:00,P3,Market Road Parking,Street,12.9698,77.5962,80,47,33,0.5875,0.5,20,low,clear,0,0,0,simulated
2026-01-08 15:00:00,P4,Metro Station Parking,Transit,12.9784,77.5915,250,131,119,0.524,1.8,25,low,clear,0,0,0,simulated
2026-01-08 15:00:00,P5,College Campus Parking,Campus,12.9675,77.594,120,102,18,0.85,1.0,15,low,clear,0,0,0,simulated
2026-01-08 15:30:00,P1,Central Mall Parking,Mall,12.9719,77.5937,200,156,44,0.78,0.8,40,low,cloudy,0,0,0,simulated
2026-01-08 15:30:00,P2,City Office Parking,Office,12.975,77.5945,150,111,39,0.74,1.4,30,low,cloudy,0,0,0,simulated
2026-01-08 15:30:00,P3,Market Road Parking,Street,12.9698,77.5962,80,44,36,0.55,0.5,20,low,cloudy,0,0,0,simulated
2026-01-08 15:30:00,P4,Metro Station Parking,Transit,12.9784,77.5915,250,129,121,0.516,1.8,25,low,cloudy,0,0,0,simulated
2026-01-08 15:30:00,P5,College Campus Parking,Campus,12.9675,77.594,120,94,26,0.7833,1.0,15,low,cloudy,0,0,0,simulated
2026-01-08 16:00:00,P1,Central Mall Parking,Mall,12.9719,77.5937,200,159,41,0.795,0.8,40,medium,clear,0,0,0,simulated
2026-01-08 16:00:00,P2,City Office Parking,Office,12.975,77.5945,150,114,36,0.76,1.4,30,medium,clear,0,0,0,simulated
2026-01-08 16:00:00,P3,Market Road Parking,Street,12.9698,77.5962,80,38,42,0.475,0.5,20,medium,clear,0,0,0,simulated
2026-01-08 16:00:00,P4,Metro Station Parking,Transit,12.9784,77.5915,250,142,108,0.568,1.8,25,medium,clear,0,0,0,simulated
2026-01-08 16:00:00,P5,College Campus Parking,Campus,12.9675,77.594,120,100,20,0.8333,1.0,15,medium,clear,0,0,0,simulated
2026-01-08 16:30:00,P1,Central Mall Parking,Mall,12.9719,77.5937,200,144,56,0.72,0.8,40,low,clear,0,0,0,simulated
2026-01-08 16:30:00,P2,City Office Parking,Office,12.975,77.5945,150,120,30,0.8,1.4,30,low,clear,0,0,0,simulated
2026-01-08 16:30:00,P3,Market Road Parking,Street,12.9698,77.5962,80,44,36,0.55,0.5,20,low,clear,0,0,0,simulated
2026-01-08 16:30:00,P4,Metro Station Parking,Transit,12.9784,77.5915,250,141,109,0.564,1.8,25,low,clear,0,0,0,simulated
2026-01-08 16:30:00,P5,College Campus Parking,Campus,12.9675,77.594,120,59,61,0.4917,1.0,15,low,clear,0,0,0,simulated
2026-01-08 17:00:00,P1,Central Mall Parking,Mall,12.9719,77.5937,200,151,49,0.755,0.8,40,high,clear,0,1,0,simulated
2026-01-08 17:00:00,P2,City Office Parking,Office,12.975,77.5945,150,115,35,0.7667,1.4,30,high,clear,0,1,0,simulated
2026-01-08 17:00:00,P3,Market Road Parking,Street,12.9698,77.5962,80,46,34,0.575,0.5,20,high,clear,0,1,0,simulated
2026-01-08 17:00:00,P4,Metro Station Parking,Transit,12.9784,77.5915,250,226,24,0.904,1.8,25,high,clear,0,1,0,simulated
2026-01-08 17:00:00,P5,College Campus Parking,Campus,12.9675,77.594,120,60,60,0.5,1.0,15,high,clear,0,1,0,simulated
2026-01-08 17:30:00,P1,Central Mall Parking,Mall,12.9719,77.5937,200,152,48,0.76,0.8,40,medium,cloudy,0,1,0,simulated
2026-01-08 17:30:00,P2,City Office Parking,Office,12.975,77.5945,150,124,26,0.8267,1.4,30,medium,cloudy,0,1,0,simulated
2026-01-08 17:30:00,P3,Market Road Parking,Street,12.9698,77.5962,80,47,33,0.5875,0.5,20,medium,cloudy,0,1,0,simulated
2026-01-08 17:30:00,P4,Metro Station Parking,Transit,12.9784,77.5915,250,227,23,0.908,1.8,25,medium,cloudy,0,1,0,simulated
2026-01-08 17:30:00,P5,College Campus Parking,Campus,12.9675,77.594,120,57,63,0.475,1.0,15,medium,cloudy,0,1,0,simulated
2026-01-08 18:00:00,P1,Central Mall Parking,Mall,12.9719,77.5937,200,162,38,0.81,0.8,40,high,rain,0,1,0,simulated
2026-01-08 18:00:00,P2,City Office Parking,Office,12.975,77.5945,150,133,17,0.8867,1.4,30,high,rain,0,1,0,simulated
2026-01-08 18:00:00,P3,Market Road Parking,Street,12.9698,77.5962,80,50,30,0.625,0.5,20,high,rain,0,1,0,simulated
2026-01-08 18:00:00,P4,Metro Station Parking,Transit,12.9784,77.5915,250,225,25,0.9,1.8,25,high,rain,0,1,0,simulated
2026-01-08 18:00:00,P5,College Campus Parking,Campus,12.9675,77.594,120,66,54,0.55,1.0,15,high,rain,0,1,0,simulated
2026-01-08 18:30:00,P1,Central Mall Parking,Mall,12.9719,77.5937,200,156,44,0.78,0.8,40,medium,clear,0,1,0,simulated
2026-01-08 18:30:00,P2,City Office Parking,Office,12.975,77.5945,150,69,81,0.46,1.4,30,medium,clear,0,1,0,simulated
2026-01-08 18:30:00,P3,Market Road Parking,Street,12.9698,77.5962,80,43,37,0.5375,0.5,20,medium,clear,0,1,0,simulated
2026-01-08 18:30:00,P4,Metro Station Parking,Transit,12.9784,77.5915,250,227,23,0.908,1.8,25,medium,clear,0,1,0,simulated
2026-01-08 18:30:00,P5,College Campus Parking,Campus,12.9675,77.594,120,35,85,0.2917,1.0,15,medium,clear,0,1,0,simulated
2026-01-08 19:00:00,P1,Central Mall Parking,Mall,12.9719,77.5937,200,148,52,0.74,0.8,40,high,cloudy,0,1,0,simulated
2026-01-08 19:00:00,P2,City Office Parking,Office,12.975,77.5945,150,76,74,0.5067,1.4,30,high,cloudy,0,1,0,simulated
2026-01-08 19:00:00,P3,Market Road Parking,Street,12.9698,77.5962,80,43,37,0.5375,0.5,20,high,cloudy,0,1,0,simulated
2026-01-08 19:00:00,P4,Metro Station Parking,Transit,12.9784,77.5915,250,215,35,0.86,1.8,25,high,cloudy,0,1,0,simulated
2026-01-08 19:00:00,P5,College Campus Parking,Campus,12.9675,77.594,120,34,86,0.2833,1.0,15,high,cloudy,0,1,0,simulated
2026-01-08 19:30:00,P1,Central Mall Parking,Mall,12.9719,77.5937,200,149,51,0.745,0.8,40,medium,clear,0,1,0,simulated
2026-01-08 19:30:00,P2,City Office Parking,Office,12.975,77.5945,150,75,75,0.5,1.4,30,medium,clear,0,1,0,simulated
2026-01-08 19:30:00,P3,Market Road Parking,Street,12.9698,77.5962,80,46,34,0.575,0.5,20,medium,clear,0,1,0,simulated
2026-01-08 19:30:00,P4,Metro Station Parking,Transit,12.9784,77.5915,250,211,39,0.844,1.8,25,medium,clear,0,1,0,simulated
2026-01-08 19:30:00,P5,College Campus Parking,Campus,12.9675,77.594,120,30,90,0.25,1.0,15,medium,clear,0,1,0,simulated
2026-01-08 20:00:00,P1,Central Mall Parking,Mall,12.9719,77.5937,200,158,42,0.79,0.8,40,medium,clear,0,1,0,simulated
2026-01-08 20:00:00,P2,City Office Parking,Office,12.975,77.5945,150,74,76,0.4933,1.4,30,medium,clear,0,1,0,simulated
2026-01-08 20:00:00,P3,Market Road Parking,Street,12.9698,77.5962,80,44,36,0.55,0.5,20,medium,clear,0,1,0,simulated
2026-01-08 20:00:00,P4,Metro Station Parking,Transit,12.9784,77.5915,250,222,28,0.888,1.8,25,medium,clear,0,1,0,simulated
2026-01-08 20:00:00,P5,College Campus Parking,Campus,12.9675,77.594,120,27,93,0.225,1.0,15,medium,clear,0,1,0,simulated
2026-01-09 08:00:00,P1,Central Mall Parking,Mall,12.9719,77.5937,200,52,148,0.26,0.8,40,high,clear,0,1,0,simulated
2026-01-09 08:00:00,P2,City Office Parking,Office,12.975,77.5945,150,63,87,0.42,1.4,30,high,clear,0,1,0,simulated
2026-01-09 08:00:00,P3,Market Road Parking,Street,12.9698,77.5962,80,43,37,0.5375,0.5,20,high,clear,0,1,0,simulated
2026-01-09 08:00:00,P4,Metro Station Parking,Transit,12.9784,77.5915,250,215,35,0.86,1.8,25,high,clear,0,1,0,simulated
2026-01-09 08:00:00,P5,College Campus Parking,Campus,12.9675,77.594,120,47,73,0.3917,1.0,15,high,clear,0,1,0,simulated
2026-01-09 08:30:00,P1,Central Mall Parking,Mall,12.9719,77.5937,200,62,138,0.31,0.8,40,high,cloudy,0,1,0,simulated
2026-01-09 08:30:00,P2,City Office Parking,Office,12.975,77.5945,150,59,91,0.3933,1.4,30,high,cloudy,0,1,0,simulated
2026-01-09 08:30:00,P3,Market Road Parking,Street,12.9698,77.5962,80,42,38,0.525,0.5,20,high,cloudy,0,1,0,simulated
2026-01-09 08:30:00,P4,Metro Station Parking,Transit,12.9784,77.5915,250,204,46,0.816,1.8,25,high,cloudy,0,1,0,simulated
2026-01-09 08:30:00,P5,College Campus Parking,Campus,12.9675,77.594,120,48,72,0.4,1.0,15,high,cloudy,0,1,0,simulated
2026-01-09 09:00:00,P1,Central Mall Parking,Mall,12.9719,77.5937,200,50,150,0.25,0.8,40,high,clear,0,1,0,simulated
2026-01-09 09:00:00,P2,City Office Parking,Office,12.975,77.5945,150,122,28,0.8133,1.4,30,high,clear,0,1,0,simulated
2026-01-09 09:00:00,P3,Market Road Parking,Street,12.9698,77.5962,80,48,32,0.6,0.5,20,high,clear,0,1,0,simulated
2026-01-09 09:00:00,P4,Metro Station Parking,Transit,12.9784,77.5915,250,208,42,0.832,1.8,25,high,clear,0,1,0,simulated
2026-01-09 09:00:00,P5,College Campus Parking,Campus,12.9675,77.594,120,100,20,0.8333,1.0,15,high,clear,0,1,0,simulated
2026-01-09 09:30:00,P1,Central Mall Parking,Mall,12.9719,77.5937,200,54,146,0.27,0.8,40,high,cloudy,0,1,0,simulated
2026-01-09 09:30:00,P2,City Office Parking,Office,12.975,77.5945,150,113,37,0.7533,1.4,30,high,cloudy,0,1,0,simulated
2026-01-09 09:30:00,P3,Market Road Parking,Street,12.9698,77.5962,80,48,32,0.6,0.5,20,high,cloudy,0,1,0,simulated
2026-01-09 09:30:00,P4,Metro Station Parking,Transit,12.9784,77.5915,250,225,25,0.9,1.8,25,high,cloudy,0,1,0,simulated
2026-01-09 09:30:00,P5,College Campus Parking,Campus,12.9675,77.594,120,90,30,0.75,1.0,15,high,cloudy,0,1,0,simulated
2026-01-09 10:00:00,P1,Central Mall Parking,Mall,12.9719,77.5937,200,56,144,0.28,0.8,40,medium,rain,0,1,0,simulated
2026-01-09 10:00:00,P2,City Office Parking,Office,12.975,77.5945,150,117,33,0.78,1.4,30,medium,rain,0,1,0,simulated
2026-01-09 10:00:00,P3,Market Road Parking,Street,12.9698,77.5962,80,47,33,0.5875,0.5,20,medium,rain,0,1,0,simulated
2026-01-09 10:00:00,P4,Metro Station Parking,Transit,12.9784,77.5915,250,217,33,0.868,1.8,25,medium,rain,0,1,0,simulated
2026-01-09 10:00:00,P5,College Campus Parking,Campus,12.9675,77.594,120,93,27,0.775,1.0,15,medium,rain,0,1,0,simulated
2026-01-09 10:30:00,P1,Central Mall Parking,Mall,12.9719,77.5937,200,49,151,0.245,0.8,40,low,clear,0,0,0,simulated
2026-01-09 10:30:00,P2,City Office Parking,Office,12.975,77.5945,150,122,28,0.8133,1.4,30,low,clear,0,0,0,simulated
2026-01-09 10:30:00,P3,Market Road Parking,Street,12.9698,77.5962,80,37,43,0.4625,0.5,20,low,clear,0,0,0,simulated
2026-01-09 10:30:00,P4,Metro Station Parking,Transit,12.9784,77.5915,250,119,131,0.476,1.8,25,low,clear,0,0,0,simulated
2026-01-09 10:30:00,P5,College Campus Parking,Campus,12.9675,77.594,120,90,30,0.75,1.0,15,low,clear,0,0,0,simulated
2026-01-09 11:00:00,P1,Central Mall Parking,Mall,12.9719,77.5937,200,131,69,0.655,0.8,40,medium,clear,0,0,0,simulated
2026-01-09 11:00:00,P2,City Office Parking,Office,12.975,77.5945,150,108,42,0.72,1.4,30,medium,clear,0,0,0,simulated
2026-01-09 11:00:00,P3,Market Road Parking,Street,12.9698,77.5962,80,48,32,0.6,0.5,20,medium,clear,0,0,0,simulated
2026-01-09 11:00:00,P4,Metro Station Parking,Transit,12.9784,77.5915,250,138,112,0.552,1.8,25,medium,clear,0,0,0,simulated
2026-01-09 11:00:00,P5,College Campus Parking,Campus,12.9675,77.594,120,93,27,0.775,1.0,15,medium,clear,0,0,0,simulated
2026-01-09 11:30:00,P1,Central Mall Parking,Mall,12.9719,77.5937,200,113,87,0.565,0.8,40,medium,clear,0,0,0,simulated
2026-01-09 11:30:00,P2,City Office Parking,Office,12.975,77.5945,150,140,10,0.9333,1.4,30,medium,clear,0,0,0,simulated
2026-01-09 11:30:00,P3,Market Road Parking,Street,12.9698,77.5962,80,50,30,0.625,0.5,20,medium,clear,0,0,0,simulated
2026-01-09 11:30:00,P4,Metro Station Parking,Transit,12.9784,77.5915,250,122,128,0.488,1.8,25,medium,clear,0,0,0,simulated
2026-01-09 11:30:00,P5,College Campus Parking,Campus,12.9675,77.594,120,85,35,0.7083,1.0,15,medium,clear,0,0,0,simulated
2026-01-09 12:00:00,P1,Central Mall Parking,Mall,12.9719,77.5937,200,130,70,0.65,0.8,40,medium,clear,0,0,0,simulated
2026-01-09 12:00:00,P2,City Office Parking,Office,12.975,77.5945,150,132,18,0.88,1.4,30,medium,clear,0,0,0,simulated
2026-01-09 12:00:00,P3,Market Road Parking,Street,12.9698,77.5962,80,53,27,0.6625,0.5,20,medium,clear,0,0,0,simulated
2026-01-09 12:00:00,P4,Metro Station Parking,Transit,12.9784,77.5915,250,123,127,0.492,1.8,25,medium,clear,0,0,0,simulated
2026-01-09 12:00:00,P5,College Campus Parking,Campus,12.9675,77.594,120,86,34,0.7167,1.0,15,medium,clear,0,0,0,simulated
2026-01-09 12:30:00,P1,Central Mall Parking,Mall,12.9719,77.5937,200,135,65,0.675,0.8,40,medium,clear,0,0,0,simulated
2026-01-09 12:30:00,P2,City Office Parking,Office,12.975,77.5945,150,137,13,0.9133,1.4,30,medium,clear,0,0,0,simulated
2026-01-09 12:30:00,P3,Market Road Parking,Street,12.9698,77.5962,80,46,34,0.575,0.5,20,medium,clear,0,0,0,simulated
2026-01-09 12:30:00,P4,Metro Station Parking,Transit,12.9784,77.5915,250,142,108,0.568,1.8,25,medium,clear,0,0,0,simulated
2026-01-09 12:30:00,P5,College Campus Parking,Campus,12.9675,77.594,120,100,20,0.8333,1.0,15,medium,clear,0,0,0,simulated
2026-01-09 13:00:00,P1,Central Mall Parking,Mall,12.9719,77.5937,200,128,72,0.64,0.8,40,medium,cloudy,0,0,0,simulated
2026-01-09 13:00:00,P2,City Office Parking,Office,12.975,77.5945,150,139,11,0.9267,1.4,30,medium,cloudy,0,0,0,simulated
2026-01-09 13:00:00,P3,Market Road Parking,Street,12.9698,77.5962,80,50,30,0.625,0.5,20,medium,cloudy,0,0,0,simulated
2026-01-09 13:00:00,P4,Metro Station Parking,Transit,12.9784,77.5915,250,122,128,0.488,1.8,25,medium,cloudy,0,0,0,simulated
2026-01-09 13:00:00,P5,College Campus Parking,Campus,12.9675,77.594,120,101,19,0.8417,1.0,15,medium,cloudy,0,0,0,simulated
2026-01-09 13:30:00,P1,Central Mall Parking,Mall,12.9719,77.5937,200,128,72,0.64,0.8,40,low,cloudy,0,0,0,simulated
2026-01-09 13:30:00,P2,City Office Parking,Office,12.975,77.5945,150,125,25,0.8333,1.4,30,low,cloudy,0,0,0,simulated
2026-01-09 13:30:00,P3,Market Road Parking,Street,12.9698,77.5962,80,48,32,0.6,0.5,20,low,cloudy,0,0,0,simulated
2026-01-09 13:30:00,P4,Metro Station Parking,Transit,12.9784,77.5915,250,143,107,0.572,1.8,25,low,cloudy,0,0,0,simulated
2026-01-09 13:30:00,P5,College Campus Parking,Campus,12.9675,77.594,120,101,19,0.8417,1.0,15,low,cloudy,0,0,0,simulated
2026-01-09 14:00:00,P1,Central Mall Parking,Mall,12.9719,77.5937,200,124,76,0.62,0.8,40,low,rain,0,0,0,simulated
2026-01-09 14:00:00,P2,City Office Parking,Office,12.975,77.5945,150,128,22,0.8533,1.4,30,low,rain,0,0,0,simulated
2026-01-09 14:00:00,P3,Market Road Parking,Street,12.9698,77.5962,80,53,27,0.6625,0.5,20,low,rain,0,0,0,simulated
2026-01-09 14:00:00,P4,Metro Station Parking,Transit,12.9784,77.5915,250,126,124,0.504,1.8,25,low,rain,0,0,0,simulated
2026-01-09 14:00:00,P5,College Campus Parking,Campus,12.9675,77.594,120,104,16,0.8667,1.0,15,low,rain,0,0,0,simulated
2026-01-09 14:30:00,P1,Central Mall Parking,Mall,12.9719,77.5937,200,133,67,0.665,0.8,40,low,clear,0,0,0,simulated
2026-01-09 14:30:00,P2,City Office Parking,Office,12.975,77.5945,150,132,18,0.88,1.4,30,low,clear,0,0,0,simulated
2026-01-09 14:30:00,P3,Market Road Parking,Street,12.9698,77.5962,80,50,30,0.625,0.5,20,low,clear,0,0,0,simulated
2026-01-09 14:30:00,P4,Metro Station Parking,Transit,12.9784,77.5915,250,127,123,0.508,1.8,25,low,clear,0,0,0,simulated
2026-01-09 14:30:00,P5,College Campus Parking,Campus,12.9675,77.594,120,95,25,0.7917,1.0,15,low,clear,0,0,0,simulated
2026-01-09 15:00:00,P1,Central Mall Parking,Mall,12.9719,77.5937,200,137,63,0.685,0.8,40,low,rain,0,0,0,simulated
2026-01-09 15:00:00,P2,City Office Parking,Office,12.975,77.5945,150,139,11,0.9267,1.4,30,low,rain,0,0,0,simulated
2026-01-09 15:00:00,P3,Market Road Parking,Street,12.9698,77.5962,80,55,25,0.6875,0.5,20,low,rain,0,0,0,simulated
2026-01-09 15:00:00,P4,Metro Station Parking,Transit,12.9784,77.5915,250,141,109,0.564,1.8,25,low,rain,0,0,0,simulated
2026-01-09 15:00:00,P5,College Campus Parking,Campus,12.9675,77.594,120,102,18,0.85,1.0,15,low,rain,0,0,0,simulated
2026-01-09 15:30:00,P1,Central Mall Parking,Mall,12.9719,77.5937,200,156,44,0.78,0.8,40,medium,cloudy,0,0,0,simulated
2026-01-09 15:30:00,P2,City Office Parking,Office,12.975,77.5945,150,125,25,0.8333,1.4,30,medium,cloudy,0,0,0,simulated
2026-01-09 15:30:00,P3,Market Road Parking,Street,12.9698,77.5962,80,41,39,0.5125,0.5,20,medium,cloudy,0,0,0,simulated
2026-01-09 15:30:00,P4,Metro Station Parking,Transit,12.9784,77.5915,250,120,130,0.48,1.8,25,medium,cloudy,0,0,0,simulated
2026-01-09 15:30:00,P5,College Campus Parking,Campus,12.9675,77.594,120,95,25,0.7917,1.0,15,medium,cloudy,0,0,0,simulated
2026-01-09 16:00:00,P1,Central Mall Parking,Mall,12.9719,77.5937,200,153,47,0.765,0.8,40,medium,clear,0,0,0,simulated
2026-01-09 16:00:00,P2,City Office Parking,Office,12.975,77.5945,150,121,29,0.8067,1.4,30,medium,clear,0,0,0,simulated
2026-01-09 16:00:00,P3,Market Road Parking,Street,12.9698,77.5962,80,44,36,0.55,0.5,20,medium,clear,0,0,0,simulated
2026-01-09 16:00:00,P4,Metro Station Parking,Transit,12.9784,77.5915,250,120,130,0.48,1.8,25,medium,clear,0,0,0,simulated
2026-01-09 16:00:00,P5,College Campus Parking,Campus,12.9675,77.594,120,104,16,0.8667,1.0,15,medium,clear,0,0,0,simulated
2026-01-09 16:30:00,P1,Central Mall Parking,Mall,12.9719,77.5937,200,146,54,0.73,0.8,40,medium,clear,0,0,0,simulated
2026-01-09 16:30:00,P2,City Office Parking,Office,12.975,77.5945,150,119,31,0.7933,1.4,30,medium,clear,0,0,0,simulated
2026-01-09 16:30:00,P3,Market Road Parking,Street,12.9698,77.5962,80,37,43,0.4625,0.5,20,medium,clear,0,0,0,simulated
2026-01-09 16:30:00,P4,Metro Station Parking,Transit,12.9784,77.5915,250,139,111,0.556,1.8,25,medium,clear,0,0,0,simulated
2026-01-09 16:30:00,P5,College Campus Parking,Campus,12.9675,77.594,120,66,54,0.55,1.0,15,medium,clear,0,0,0,simulated
2026-01-09 17:00:00,P1,Central Mall Parking,Mall,12.9719,77.5937,200,168,32,0.84,0.8,40,high,cloudy,0,1,0,simulated
2026-01-09 17:00:00,P2,City Office Parking,Office,12.975,77.5945,150,120,30,0.8,1.4,30,high,cloudy,0,1,0,simulated
2026-01-09 17:00:00,P3,Market Road Parking,Street,12.9698,77.5962,80,46,34,0.575,0.5,20,high,cloudy,0,1,0,simulated
2026-01-09 17:00:00,P4,Metro Station Parking,Transit,12.9784,77.5915,250,216,34,0.864,1.8,25,high,cloudy,0,1,0,simulated
2026-01-09 17:00:00,P5,College Campus Parking,Campus,12.9675,77.594,120,66,54,0.55,1.0,15,high,cloudy,0,1,0,simulated
2026-01-09 17:30:00,P1,Central Mall Parking,Mall,12.9719,77.5937,200,152,48,0.76,0.8,40,high,clear,0,1,0,simulated
2026-01-09 17:30:00,P2,City Office Parking,Office,12.975,77.5945,150,114,36,0.76,1.4,30,high,clear,0,1,0,simulated
2026-01-09 17:30:00,P3,Market Road Parking,Street,12.9698,77.5962,80,45,35,0.5625,0.5,20,high,clear,0,1,0,simulated
2026-01-09 17:30:00,P4,Metro Station Parking,Transit,12.9784,77.5915,250,219,31,0.876,1.8,25,high,clear,0,1,0,simulated
2026-01-09 17:30:00,P5,College Campus Parking,Campus,12.9675,77.594,120,60,60,0.5,1.0,15,high,clear,0,1,0,simulated
2026-01-09 18:00:00,P1,Central Mall Parking,Mall,12.9719,77.5937,200,161,39,0.805,0.8,40,high,clear,0,1,0,simulated
2026-01-09 18:00:00,P2,City Office Parking,Office,12.975,77.5945,150,119,31,0.7933,1.4,30,high,clear,0,1,0,simulated
2026-01-09 18:00:00,P3,Market Road Parking,Street,12.9698,77.5962,80,49,31,0.6125,0.5,20,high,clear,0,1,0,simulated
2026-01-09 18:00:00,P4,Metro Station Parking,Transit,12.9784,77.5915,250,233,17,0.932,1.8,25,high,clear,0,1,0,simulated
2026-01-09 18:00:00,P5,College Campus Parking,Campus,12.9675,77.594,120,69,51,0.575,1.0,15,high,clear,0,1,0,simulated
2026-01-09 18:30:00,P1,Central Mall Parking,Mall,12.9719,77.5937,200,163,37,0.815,0.8,40,high,clear,0,1,0,simulated
2026-01-09 18:30:00,P2,City Office Parking,Office,12.975,77.5945,150,82,68,0.5467,1.4,30,high,clear,0,1,0,simulated
2026-01-09 18:30:00,P3,Market Road Parking,Street,12.9698,77.5962,80,45,35,0.5625,0.5,20,high,clear,0,1,0,simulated
2026-01-09 18:30:00,P4,Metro Station Parking,Transit,12.9784,77.5915,250,230,20,0.92,1.8,25,high,clear,0,1,0,simulated
2026-01-09 18:30:00,P5,College Campus Parking,Campus,12.9675,77.594,120,33,87,0.275,1.0,15,high,clear,0,1,0,simulated
2026-01-09 19:00:00,P1,Central Mall Parking,Mall,12.9719,77.5937,200,165,35,0.825,0.8,40,high,clear,0,1,0,simulated
2026-01-09 19:00:00,P2,City Office Parking,Office,12.975,77.5945,150,79,71,0.5267,1.4,30,high,clear,0,1,0,simulated
2026-01-09 19:00:00,P3,Market Road Parking,Street,12.9698,77.5962,80,43,37,0.5375,0.5,20,high,clear,0,1,0,simulated
2026-01-09 19:00:00,P4,Metro Station Parking,Transit,12.9784,77.5915,250,219,31,0.876,1.8,25,high,clear,0,1,0,simulated
2026-01-09 19:00:00,P5,College Campus Parking,Campus,12.9675,77.594,120,39,81,0.325,1.0,15,high,clear,0,1,0,simulated
2026-01-09 19:30:00,P1,Central Mall Parking,Mall,12.9719,77.5937,200,151,49,0.755,0.8,40,high,clear,0,1,0,simulated
2026-01-09 19:30:00,P2,City Office Parking,Office,12.975,77.5945,150,70,80,0.4667,1.4,30,high,clear,0,1,0,simulated
2026-01-09 19:30:00,P3,Market Road Parking,Street,12.9698,77.5962,80,46,34,0.575,0.5,20,high,clear,0,1,0,simulated
2026-01-09 19:30:00,P4,Metro Station Parking,Transit,12.9784,77.5915,250,221,29,0.884,1.8,25,high,clear,0,1,0,simulated
2026-01-09 19:30:00,P5,College Campus Parking,Campus,12.9675,77.594,120,40,80,0.3333,1.0,15,high,clear,0,1,0,simulated
2026-01-09 20:00:00,P1,Central Mall Parking,Mall,12.9719,77.5937,200,159,41,0.795,0.8,40,high,clear,0,1,0,simulated
2026-01-09 20:00:00,P2,City Office Parking,Office,12.975,77.5945,150,81,69,0.54,1.4,30,high,clear,0,1,0,simulated
2026-01-09 20:00:00,P3,Market Road Parking,Street,12.9698,77.5962,80,46,34,0.575,0.5,20,high,clear,0,1,0,simulated
2026-01-09 20:00:00,P4,Metro Station Parking,Transit,12.9784,77.5915,250,235,15,0.94,1.8,25,high,clear,0,1,0,simulated
2026-01-09 20:00:00,P5,College Campus Parking,Campus,12.9675,77.594,120,36,84,0.3,1.0,15,high,clear,0,1,0,simulated
2026-01-10 08:00:00,P1,Central Mall Parking,Mall,12.9719,77.5937,200,87,113,0.435,0.8,40,high,cloudy,1,1,0,simulated
2026-01-10 08:00:00,P2,City Office Parking,Office,12.975,77.5945,150,39,111,0.26,1.4,30,high,cloudy,1,1,0,simulated
2026-01-10 08:00:00,P3,Market Road Parking,Street,12.9698,77.5962,80,50,30,0.625,0.5,20,high,cloudy,1,1,0,simulated
2026-01-10 08:00:00,P4,Metro Station Parking,Transit,12.9784,77.5915,250,189,61,0.756,1.8,25,high,cloudy,1,1,0,simulated
2026-01-10 08:00:00,P5,College Campus Parking,Campus,12.9675,77.594,120,16,104,0.1333,1.0,15,high,cloudy,1,1,0,simulated
2026-01-10 08:30:00,P1,Central Mall Parking,Mall,12.9719,77.5937,200,85,115,0.425,0.8,40,high,clear,1,1,0,simulated
2026-01-10 08:30:00,P2,City Office Parking,Office,12.975,77.5945,150,39,111,0.26,1.4,30,high,clear,1,1,0,simulated
2026-01-10 08:30:00,P3,Market Road Parking,Street,12.9698,77.5962,80,46,34,0.575,0.5,20,high,clear,1,1,0,simulated
2026-01-10 08:30:00,P4,Metro Station Parking,Transit,12.9784,77.5915,250,183,67,0.732,1.8,25,high,clear,1,1,0,simulated
2026-01-10 08:30:00,P5,College Campus Parking,Campus,12.9675,77.594,120,19,101,0.1583,1.0,15,high,clear,1,1,0,simulated
2026-01-10 09:00:00,P1,Central Mall Parking,Mall,12.9719,77.5937,200,94,106,0.47,0.8,40,high,cloudy,1,1,0,simulated
2026-01-10 09:00:00,P2,City Office Parking,Office,12.975,77.5945,150,36,114,0.24,1.4,30,high,cloudy,1,1,0,simulated
2026-01-10 09:00:00,P3,Market Road Parking,Street,12.9698,77.5962,80,47,33,0.5875,0.5,20,high,cloudy,1,1,0,simulated
2026-01-10 09:00:00,P4,Metro Station Parking,Transit,12.9784,77.5915,250,186,64,0.744,1.8,25,high,cloudy,1,1,0,simulated
2026-01-10 09:00:00,P5,College Campus Parking,Campus,12.9675,77.594,120,28,92,0.2333,1.0,15,high,cloudy,1,1,0,simulated
2026-01-10 09:30:00,P1,Central Mall Parking,Mall,12.9719,77.5937,200,86,114,0.43,0.8,40,high,clear,1,1,0,simulated
2026-01-10 09:30:00,P2,City Office Parking,Office,12.975,77.5945,150,43,107,0.2867,1.4,30,high,clear,1,1,0,simulated
2026-01-10 09:30:00,P3,Market Road Parking,Street,12.9698,77.5962,80,46,34,0.575,0.5,20,high,clear,1,1,0,simulated
2026-01-10 09:30:00,P4,Metro Station Parking,Transit,12.9784,77.5915,250,178,72,0.712,1.8,25,high,clear,1,1,0,simulated
2026-01-10 09:30:00,P5,College Campus Parking,Campus,12.9675,77.594,120,28,92,0.2333,1.0,15,high,clear,1,1,0,simulated
2026-01-10 10:00:00,P1,Central Mall Parking,Mall,12.9719,77.5937,200,87,113,0.435,0.8,40,medium,clear,1,1,0,simulated
2026-01-10 10:00:00,P2,City Office Parking,Office,12.975,77.5945,150,33,117,0.22,1.4,30,medium,clear,1,1,0,simulated
2026-01-10 10:00:00,P3,Market Road Parking,Street,12.9698,77.5962,80,45,35,0.5625,0.5,20,medium,clear,1,1,0,simulated
2026-01-10 10:00:00,P4,Metro Station Parking,Transit,12.9784,77.5915,250,186,64,0.744,1.8,25,medium,clear,1,1,0,simulated
2026-01-10 10:00:00,P5,College Campus Parking,Campus,12.9675,77.594,120,24,96,0.2,1.0,15,medium,clear,1,1,0,simulated
2026-01-10 10:30:00,P1,Central Mall Parking,Mall,12.9719,77.5937,200,83,117,0.415,0.8,40,low,clear,1,0,0,simulated
2026-01-10 10:30:00,P2,City Office Parking,Office,12.975,77.5945,150,32,118,0.2133,1.4,30,low,clear,1,0,0,simulated
2026-01-10 10:30:00,P3,Market Road Parking,Street,12.9698,77.5962,80,44,36,0.55,0.5,20,low,clear,1,0,0,simulated
2026-01-10 10:30:00,P4,Metro Station Parking,Transit,12.9784,77.5915,250,113,137,0.452,1.8,25,low,clear,1,0,0,simulated
2026-01-10 10:30:00,P5,College Campus Parking,Campus,12.9675,77.594,120,14,106,0.1167,1.0,15,low,clear,1,0,0,simulated
2026-01-10 11:00:00,P1,Central Mall Parking,Mall,12.9719,77.5937,200,162,38,0.81,0.8,40,medium,cloudy,1,0,0,simulated
2026-01-10 11:00:00,P2,City Office Parking,Office,12.975,77.5945,150,45,105,0.3,1.4,30,medium,cloudy,1,0,0,simulated
2026-01-10 11:00:00,P3,Market Road Parking,Street,12.9698,77.5962,80,56,24,0.7,0.5,20,medium,cloudy,1,0,0,simulated
2026-01-10 11:00:00,P4,Metro Station Parking,Transit,12.9784,77.5915,250,110,140,0.44,1.8,25,medium,cloudy,1,0,0,simulated
2026-01-10 11:00:00,P5,College Campus Parking,Campus,12.9675,77.594,120,14,106,0.1167,1.0,15,medium,cloudy,1,0,0,simulated
2026-01-10 11:30:00,P1,Central Mall Parking,Mall,12.9719,77.5937,200,173,27,0.865,0.8,40,medium,cloudy,1,0,0,simulated
2026-01-10 11:30:00,P2,City Office Parking,Office,12.975,77.5945,150,33,117,0.22,1.4,30,medium,cloudy,1,0,0,simulated
2026-01-10 11:30:00,P3,Market Road Parking,Street,12.9698,77.5962,80,54,26,0.675,0.5,20,medium,cloudy,1,0,0,simulated
2026-01-10 11:30:00,P4,Metro Station Parking,Transit,12.9784,77.5915,250,111,139,0.444,1.8,25,medium,cloudy,1,0,0,simulated
2026-01-10 11:30:00,P5,College Campus Parking,Campus,12.9675,77.594,120,15,105,0.125,1.0,15,medium,cloudy,1,0,0,simulated
2026-01-10 12:00:00,P1,Central Mall Parking,Mall,12.9719,77.5937,200,189,11,0.945,0.8,40,medium,clear,1,0,1,simulated
2026-01-10 12:00:00,P2,City Office Parking,Office,12.975,77.5945,150,41,109,0.2733,1.4,30,medium,clear,1,0,1,simulated
2026-01-10 12:00:00,P3,Market Road Parking,Street,12.9698,77.5962,80,58,22,0.725,0.5,20,medium,clear,1,0,1,simulated
2026-01-10 12:00:00,P4,Metro Station Parking,Transit,12.9784,77.5915,250,130,120,0.52,1.8,25,medium,clear,1,0,1,simulated
2026-01-10 12:00:00,P5,College Campus Parking,Campus,12.9675,77.594,120,27,93,0.225,1.0,15,medium,clear,1,0,1,simulated
2026-01-10 12:30:00,P1,Central Mall Parking,Mall,12.9719,77.5937,200,160,40,0.8,0.8,40,low,cloudy,1,0,0,simulated
2026-01-10 12:30:00,P2,City Office Parking,Office,12.975,77.5945,150,41,109,0.2733,1.4,30,low,cloudy,1,0,0,simulated
2026-01-10 12:30:00,P3,Market Road Parking,Street,12.9698,77.5962,80,48,32,0.6,0.5,20,low,cloudy,1,0,0,simulated
2026-01-10 12:30:00,P4,Metro Station Parking,Transit,12.9784,77.5915,250,118,132,0.472,1.8,25,low,cloudy,1,0,0,simulated
2026-01-10 12:30:00,P5,College Campus Parking,Campus,12.9675,77.594,120,19,101,0.1583,1.0,15,low,cloudy,1,0,0,simulated
2026-01-10 13:00:00,P1,Central Mall Parking,Mall,12.9719,77.5937,200,161,39,0.805,0.8,40,medium,clear,1,0,0,simulated
2026-01-10 13:00:00,P2,City Office Parking,Office,12.975,77.5945,150,36,114,0.24,1.4,30,medium,clear,1,0,0,simulated
2026-01-10 13:00:00,P3,Market Road Parking,Street,12.9698,77.5962,80,54,26,0.675,0.5,20,medium,clear,1,0,0,simulated
2026-01-10 13:00:00,P4,Metro Station Parking,Transit,12.9784,77.5915,250,115,135,0.46,1.8,25,medium,clear,1,0,0,simulated
2026-01-10 13:00:00,P5,College Campus Parking,Campus,12.9675,77.594,120,19,101,0.1583,1.0,15,medium,clear,1,0,0,simulated
2026-01-10 13:30:00,P1,Central Mall Parking,Mall,12.9719,77.5937,200,158,42,0.79,0.8,40,medium,clear,1,0,0,simulated
2026-01-10 13:30:00,P2,City Office Parking,Office,12.975,77.5945,150,39,111,0.26,1.4,30,medium,clear,1,0,0,simulated
2026-01-10 13:30:00,P3,Market Road Parking,Street,12.9698,77.5962,80,51,29,0.6375,0.5,20,medium,clear,1,0,0,simulated
2026-01-10 13:30:00,P4,Metro Station Parking,Transit,12.9784,77.5915,250,108,142,0.432,1.8,25,medium,clear,1,0,0,simulated
2026-01-10 13:30:00,P5,College Campus Parking,Campus,12.9675,77.594,120,19,101,0.1583,1.0,15,medium,clear,1,0,0,simulated
2026-01-10 14:00:00,P1,Central Mall Parking,Mall,12.9719,77.5937,200,167,33,0.835,0.8,40,medium,cloudy,1,0,0,simulated
2026-01-10 14:00:00,P2,City Office Parking,Office,12.975,77.5945,150,37,113,0.2467,1.4,30,medium,cloudy,1,0,0,simulated
2026-01-10 14:00:00,P3,Market Road Parking,Street,12.9698,77.5962,80,55,25,0.6875,0.5,20,medium,cloudy,1,0,0,simulated
2026-01-10 14:00:00,P4,Metro Station Parking,Transit,12.9784,77.5915,250,93,157,0.372,1.8,25,medium,cloudy,1,0,0,simulated
2026-01-10 14:00:00,P5,College Campus Parking,Campus,12.9675,77.594,120,16,104,0.1333,1.0,15,medium,cloudy,1,0,0,simulated
2026-01-10 14:30:00,P1,Central Mall Parking,Mall,12.9719,77.5937,200,165,35,0.825,0.8,40,medium,clear,1,0,0,simulated
2026-01-10 14:30:00,P2,City Office Parking,Office,12.975,77.5945,150,42,108,0.28,1.4,30,medium,clear,1,0,0,simulated
2026-01-10 14:30:00,P3,Market Road Parking,Street,12.9698,77.5962,80,49,31,0.6125,0.5,20,medium,clear,1,0,0,simulated
2026-01-10 14:30:00,P4,Metro Station Parking,Transit,12.9784,77.5915,250,104,146,0.416,1.8,25,medium,clear,1,0,0,simulated
2026-01-10 14:30:00,P5,College Campus Parking,Campus,12.9675,77.594,120,24,96,0.2,1.0,15,medium,clear,1,0,0,simulated
2026-01-10 15:00:00,P1,Central Mall Parking,Mall,12.9719,77.5937,200,182,18,0.91,0.8,40,medium,cloudy,1,0,1,simulated
2026-01-10 15:00:00,P2,City Office Parking,Office,12.975,77.5945,150,40,110,0.2667,1.4,30,medium,cloudy,1,0,1,simulated
2026-01-10 15:00:00,P3,Market Road Parking,Street,12.9698,77.5962,80,58,22,0.725,0.5,20,medium,cloudy,1,0,1,simulated
2026-01-10 15:00:00,P4,Metro Station Parking,Transit,12.9784,77.5915,250,134,116,0.536,1.8,25,medium,cloudy,1,0,1,simulated
2026-01-10 15:00:00,P5,College Campus Parking,Campus,12.9675,77.594,120,23,97,0.1917,1.0,15,medium,cloudy,1,0,1,simulated
2026-01-10 15:30:00,P1,Central Mall Parking,Mall,12.9719,77.5937,200,164,36,0.82,0.8,40,low,cloudy,1,0,0,simulated
2026-01-10 15:30:00,P2,City Office Parking,Office,12.975,77.5945,150,39,111,0.26,1.4,30,low,cloudy,1,0,0,simulated
2026-01-10 15:30:00,P3,Market Road Parking,Street,12.9698,77.5962,80,45,35,0.5625,0.5,20,low,cloudy,1,0,0,simulated
2026-01-10 15:30:00,P4,Metro Station Parking,Transit,12.9784,77.5915,250,114,136,0.456,1.8,25,low,cloudy,1,0,0,simulated
2026-01-10 15:30:00,P5,College Campus Parking,Campus,12.9675,77.594,120,14,106,0.1167,1.0,15,low,cloudy,1,0,0,simulated
2026-01-10 16:00:00,P1,Central Mall Parking,Mall,12.9719,77.5937,200,172,28,0.86,0.8,40,medium,clear,1,0,0,simulated
2026-01-10 16:00:00,P2,City Office Parking,Office,12.975,77.5945,150,30,120,0.2,1.4,30,medium,clear,1,0,0,simulated
2026-01-10 16:00:00,P3,Market Road Parking,Street,12.9698,77.5962,80,46,34,0.575,0.5,20,medium,clear,1,0,0,simulated
2026-01-10 16:00:00,P4,Metro Station Parking,Transit,12.9784,77.5915,250,97,153,0.388,1.8,25,medium,clear,1,0,0,simulated
2026-01-10 16:00:00,P5,College Campus Parking,Campus,12.9675,77.594,120,19,101,0.1583,1.0,15,medium,clear,1,0,0,simulated
2026-01-10 16:30:00,P1,Central Mall Parking,Mall,12.9719,77.5937,200,175,25,0.875,0.8,40,low,clear,1,0,0,simulated
2026-01-10 16:30:00,P2,City Office Parking,Office,12.975,77.5945,150,35,115,0.2333,1.4,30,low,clear,1,0,0,simulated
2026-01-10 16:30:00,P3,Market Road Parking,Street,12.9698,77.5962,80,47,33,0.5875,0.5,20,low,clear,1,0,0,simulated
2026-01-10 16:30:00,P4,Metro Station Parking,Transit,12.9784,77.5915,250,109,141,0.436,1.8,25,low,clear,1,0,0,simulated
2026-01-10 16:30:00,P5,College Campus Parking,Campus,12.9675,77.594,120,13,107,0.1083,1.0,15,low,clear,1,0,0,simulated
2026-01-10 17:00:00,P1,Central Mall Parking,Mall,12.9719,77.5937,200,172,28,0.86,0.8,40,medium,clear,1,1,0,simulated
2026-01-10 17:00:00,P2,City Office Parking,Office,12.975,77.5945,150,39,111,0.26,1.4,30,medium,clear,1,1,0,simulated
2026-01-10 17:00:00,P3,Market Road Parking,Street,12.9698,77.5962,80,48,32,0.6,0.5,20,medium,clear,1,1,0,simulated
2026-01-10 17:00:00,P4,Metro Station Parking,Transit,12.9784,77.5915,250,206,44,0.824,1.8,25,medium,clear,1,1,0,simulated
2026-01-10 17:00:00,P5,College Campus Parking,Campus,12.9675,77.594,120,19,101,0.1583,1.0,15,medium,clear,1,1,0,simulated
2026-01-10 17:30:00,P1,Central Mall Parking,Mall,12.9719,77.5937,200,171,29,0.855,0.8,40,medium,cloudy,1,1,0,simulated
2026-01-10 17:30:00,P2,City Office Parking,Office,12.975,77.5945,150,31,119,0.2067,1.4,30,medium,cloudy,1,1,0,simulated
2026-01-10 17:30:00,P3,Market Road Parking,Street,12.9698,77.5962,80,49,31,0.6125,0.5,20,medium,cloudy,1,1,0,simulated
2026-01-10 17:30:00,P4,Metro Station Parking,Transit,12.9784,77.5915,250,191,59,0.764,1.8,25,medium,cloudy,1,1,0,simulated
2026-01-10 17:30:00,P5,College Campus Parking,Campus,12.9675,77.594,120,21,99,0.175,1.0,15,medium,cloudy,1,1,0,simulated
2026-01-10 18:00:00,P1,Central Mall Parking,Mall,12.9719,77.5937,200,192,8,0.96,0.8,40,medium,clear,1,1,0,simulated
2026-01-10 18:00:00,P2,City Office Parking,Office,12.975,77.5945,150,39,111,0.26,1.4,30,medium,clear,1,1,0,simulated
2026-01-10 18:00:00,P3,Market Road Parking,Street,12.9698,77.5962,80,48,32,0.6,0.5,20,medium,clear,1,1,0,simulated
2026-01-10 18:00:00,P4,Metro Station Parking,Transit,12.9784,77.5915,250,204,46,0.816,1.8,25,medium,clear,1,1,0,simulated
2026-01-10 18:00:00,P5,College Campus Parking,Campus,12.9675,77.594,120,22,98,0.1833,1.0,15,medium,clear,1,1,0,simulated
2026-01-10 18:30:00,P1,Central Mall Parking,Mall,12.9719,77.5937,200,186,14,0.93,0.8,40,high,cloudy,1,1,0,simulated
2026-01-10 18:30:00,P2,City Office Parking,Office,12.975,77.5945,150,35,115,0.2333,1.4,30,high,cloudy,1,1,0,simulated
2026-01-10 18:30:00,P3,Market Road Parking,Street,12.9698,77.5962,80,49,31,0.6125,0.5,20,high,cloudy,1,1,0,simulated
2026-01-10 18:30:00,P4,Metro Station Parking,Transit,12.9784,77.5915,250,212,38,0.848,1.8,25,high,cloudy,1,1,0,simulated
2026-01-10 18:30:00,P5,College Campus Parking,Campus,12.9675,77.594,120,19,101,0.1583,1.0,15,high,cloudy,1,1,0,simulated
2026-01-10 19:00:00,P1,Central Mall Parking,Mall,12.9719,77.5937,200,181,19,0.905,0.8,40,medium,clear,1,1,0,simulated
2026-01-10 19:00:00,P2,City Office Parking,Office,12.975,77.5945,150,32,118,0.2133,1.4,30,medium,clear,1,1,0,simulated
2026-01-10 19:00:00,P3,Market Road Parking,Street,12.9698,77.5962,80,45,35,0.5625,0.5,20,medium,clear,1,1,0,simulated
2026-01-10 19:00:00,P4,Metro Station Parking,Transit,12.9784,77.5915,250,199,51,0.796,1.8,25,medium,clear,1,1,0,simulated
2026-01-10 19:00:00,P5,College Campus Parking,Campus,12.9675,77.594,120,14,106,0.1167,1.0,15,medium,clear,1,1,0,simulated
2026-01-10 19:30:00,P1,Central Mall Parking,Mall,12.9719,77.5937,200,194,6,0.97,0.8,40,high,clear,1,1,0,simulated
2026-01-10 19:30:00,P2,City Office Parking,Office,12.975,77.5945,150,40,110,0.2667,1.4,30,high,clear,1,1,0,simulated
2026-01-10 19:30:00,P3,Market Road Parking,Street,12.9698,77.5962,80,51,29,0.6375,0.5,20,high,clear,1,1,0,simulated
2026-01-10 19:30:00,P4,Metro Station Parking,Transit,12.9784,77.5915,250,194,56,0.776,1.8,25,high,clear,1,1,0,simulated
2026-01-10 19:30:00,P5,College Campus Parking,Campus,12.9675,77.594,120,22,98,0.1833,1.0,15,high,clear,1,1,0,simulated
2026-01-10 20:00:00,P1,Central Mall Parking,Mall,12.9719,77.5937,200,186,14,0.93,0.8,40,high,clear,1,1,0,simulated
2026-01-10 20:00:00,P2,City Office Parking,Office,12.975,77.5945,150,41,109,0.2733,1.4,30,high,clear,1,1,0,simulated
2026-01-10 20:00:00,P3,Market Road Parking,Street,12.9698,77.5962,80,50,30,0.625,0.5,20,high,clear,1,1,0,simulated
2026-01-10 20:00:00,P4,Metro Station Parking,Transit,12.9784,77.5915,250,187,63,0.748,1.8,25,high,clear,1,1,0,simulated
2026-01-10 20:00:00,P5,College Campus Parking,Campus,12.9675,77.594,120,26,94,0.2167,1.0,15,high,clear,1,1,0,simulated
2026-01-11 08:00:00,P1,Central Mall Parking,Mall,12.9719,77.5937,200,81,119,0.405,0.8,40,high,clear,1,1,0,simulated
2026-01-11 08:00:00,P2,City Office Parking,Office,12.975,77.5945,150,33,117,0.22,1.4,30,high,clear,1,1,0,simulated
2026-01-11 08:00:00,P3,Market Road Parking,Street,12.9698,77.5962,80,53,27,0.6625,0.5,20,high,clear,1,1,0,simulated
2026-01-11 08:00:00,P4,Metro Station Parking,Transit,12.9784,77.5915,250,192,58,0.768,1.8,25,high,clear,1,1,0,simulated
2026-01-11 08:00:00,P5,College Campus Parking,Campus,12.9675,77.594,120,16,104,0.1333,1.0,15,high,clear,1,1,0,simulated
2026-01-11 08:30:00,P1,Central Mall Parking,Mall,12.9719,77.5937,200,81,119,0.405,0.8,40,high,clear,1,1,0,simulated
2026-01-11 08:30:00,P2,City Office Parking,Office,12.975,77.5945,150,35,115,0.2333,1.4,30,high,clear,1,1,0,simulated
2026-01-11 08:30:00,P3,Market Road Parking,Street,12.9698,77.5962,80,54,26,0.675,0.5,20,high,clear,1,1,0,simulated
2026-01-11 08:30:00,P4,Metro Station Parking,Transit,12.9784,77.5915,250,203,47,0.812,1.8,25,high,clear,1,1,0,simulated
2026-01-11 08:30:00,P5,College Campus Parking,Campus,12.9675,77.594,120,23,97,0.1917,1.0,15,high,clear,1,1,0,simulated
2026-01-11 09:00:00,P1,Central Mall Parking,Mall,12.9719,77.5937,200,86,114,0.43,0.8,40,high,clear,1,1,0,simulated
2026-01-11 09:00:00,P2,City Office Parking,Office,12.975,77.5945,150,36,114,0.24,1.4,30,high,clear,1,1,0,simulated
2026-01-11 09:00:00,P3,Market Road Parking,Street,12.9698,77.5962,80,45,35,0.5625,0.5,20,high,clear,1,1,0,simulated
2026-01-11 09:00:00,P4,Metro Station Parking,Transit,12.9784,77.5915,250,187,63,0.748,1.8,25,high,clear,1,1,0,simulated
2026-01-11 09:00:00,P5,College Campus Parking,Campus,12.9675,77.594,120,22,98,0.1833,1.0,15,high,clear,1,1,0,simulated
2026-01-11 09:30:00,P1,Central Mall Parking,Mall,12.9719,77.5937,200,90,110,0.45,0.8,40,medium,cloudy,1,1,0,simulated
2026-01-11 09:30:00,P2,City Office Parking,Office,12.975,77.5945,150,36,114,0.24,1.4,30,medium,cloudy,1,1,0,simulated
2026-01-11 09:30:00,P3,Market Road Parking,Street,12.9698,77.5962,80,51,29,0.6375,0.5,20,medium,cloudy,1,1,0,simulated
2026-01-11 09:30:00,P4,Metro Station Parking,Transit,12.9784,77.5915,250,189,61,0.756,1.8,25,medium,cloudy,1,1,0,simulated
2026-01-11 09:30:00,P5,College Campus Parking,Campus,12.9675,77.594,120,21,99,0.175,1.0,15,medium,cloudy,1,1,0,simulated
2026-01-11 10:00:00,P1,Central Mall Parking,Mall,12.9719,77.5937,200,98,102,0.49,0.8,40,high,clear,1,1,0,simulated
2026-01-11 10:00:00,P2,City Office Parking,Office,12.975,77.5945,150,34,116,0.2267,1.4,30,high,clear,1,1,0,simulated
2026-01-11 10:00:00,P3,Market Road Parking,Street,12.9698,77.5962,80,49,31,0.6125,0.5,20,high,clear,1,1,0,simulated
2026-01-11 10:00:00,P4,Metro Station Parking,Transit,12.9784,77.5915,250,184,66,0.736,1.8,25,high,clear,1,1,0,simulated
2026-01-11 10:00:00,P5,College Campus Parking,Campus,12.9675,77.594,120,25,95,0.2083,1.0,15,high,clear,1,1,0,simulated
2026-01-11 10:30:00,P1,Central Mall Parking,Mall,12.9719,77.5937,200,88,112,0.44,0.8,40,low,cloudy,1,0,0,simulated
2026-01-11 10:30:00,P2,City Office Parking,Office,12.975,77.5945,150,30,120,0.2,1.4,30,low,cloudy,1,0,0,simulated
2026-01-11 10:30:00,P3,Market Road Parking,Street,12.9698,77.5962,80,47,33,0.5875,0.5,20,low,cloudy,1,0,0,simulated
2026-01-11 10:30:00,P4,Metro Station Parking,Transit,12.9784,77.5915,250,92,158,0.368,1.8,25,low,cloudy,1,0,0,simulated
2026-01-11 10:30:00,P5,College Campus Parking,Campus,12.9675,77.594,120,19,101,0.1583,1.0,15,low,cloudy,1,0,0,simulated
2026-01-11 11:00:00,P1,Central Mall Parking,Mall,12.9719,77.5937,200,177,23,0.885,0.8,40,low,cloudy,1,0,0,simulated
2026-01-11 11:00:00,P2,City Office Parking,Office,12.975,77.5945,150,40,110,0.2667,1.4,30,low,cloudy,1,0,0,simulated
2026-01-11 11:00:00,P3,Market Road Parking,Street,12.9698,77.5962,80,51,29,0.6375,0.5,20,low,cloudy,1,0,0,simulated
2026-01-11 11:00:00,P4,Metro Station Parking,Transit,12.9784,77.5915,250,104,146,0.416,1.8,25,low,cloudy,1,0,0,simulated
2026-01-11 11:00:00,P5,College Campus Parking,Campus,12.9675,77.594,120,22,98,0.1833,1.0,15,low,cloudy,1,0,0,simulated
2026-01-11 11:30:00,P1,Central Mall Parking,Mall,12.9719,77.5937,200,165,35,0.825,0.8,40,medium,clear,1,0,0,simulated
2026-01-11 11:30:00,P2,City Office Parking,Office,12.975,77.5945,150,30,120,0.2,1.4,30,medium,clear,1,0,0,simulated
2026-01-11 11:30:00,P3,Market Road Parking,Street,12.9698,77.5962,80,55,25,0.6875,0.5,20,medium,clear,1,0,0,simulated
2026-01-11 11:30:00,P4,Metro Station Parking,Transit,12.9784,77.5915,250,99,151,0.396,1.8,25,medium,clear,1,0,0,simulated
2026-01-11 11:30:00,P5,College Campus Parking,Campus,12.9675,77.594,120,22,98,0.1833,1.0,15,medium,clear,1,0,0,simulated
2026-01-11 12:00:00,P1,Central Mall Parking,Mall,12.9719,77.5937,200,173,27,0.865,0.8,40,medium,clear,1,0,0,simulated
2026-01-11 12:00:00,P2,City Office Parking,Office,12.975,77.5945,150,46,104,0.3067,1.4,30,medium,clear,1,0,0,simulated
2026-01-11 12:00:00,P3,Market Road Parking,Street,12.9698,77.5962,80,51,29,0.6375,0.5,20,medium,clear,1,0,0,simulated
2026-01-11 12:00:00,P4,Metro Station Parking,Transit,12.9784,77.5915,250,104,146,0.416,1.8,25,medium,clear,1,0,0,simulated
2026-01-11 12:00:00,P5,College Campus Parking,Campus,12.9675,77.594,120,24,96,0.2,1.0,15,medium,clear,1,0,0,simulated
2026-01-11 12:30:00,P1,Central Mall Parking,Mall,12.9719,77.5937,200,175,25,0.875,0.8,40,low,clear,1,0,0,simulated
2026-01-11 12:30:00,P2,City Office Parking,Office,12.975,77.5945,150,41,109,0.2733,1.4,30,low,clear,1,0,0,simulated
2026-01-11 12:30:00,P3,Market Road Parking,Street,12.9698,77.5962,80,54,26,0.675,0.5,20,low,clear,1,0,0,simulated
2026-01-11 12:30:00,P4,Metro Station Parking,Transit,12.9784,77.5915,250,111,139,0.444,1.8,25,low,clear,1,0,0,simulated
2026-01-11 12:30:00,P5,College Campus Parking,Campus,12.9675,77.594,120,18,102,0.15,1.0,15,low,clear,1,0,0,simulated
2026-01-11 13:00:00,P1,Central Mall Parking,Mall,12.9719,77.5937,200,172,28,0.86,0.8,40,low,cloudy,1,0,0,simulated
2026-01-11 13:00:00,P2,City Office Parking,Office,12.975,77.5945,150,33,117,0.22,1.4,30,low,cloudy,1,0,0,simulated
2026-01-11 13:00:00,P3,Market Road Parking,Street,12.9698,77.5962,80,55,25,0.6875,0.5,20,low,cloudy,1,0,0,simulated
2026-01-11 13:00:00,P4,Metro Station Parking,Transit,12.9784,77.5915,250,109,141,0.436,1.8,25,low,cloudy,1,0,0,simulated
2026-01-11 13:00:00,P5,College Campus Parking,Campus,12.9675,77.594,120,25,95,0.2083,1.0,15,low,cloudy,1,0,0,simulated
2026-01-11 13:30:00,P1,Central Mall Parking,Mall,12.9719,77.5937,200,171,29,0.855,0.8,40,medium,clear,1,0,0,simulated
2026-01-11 13:30:00,P2,City Office Parking,Office,12.975,77.5945,150,44,106,0.2933,1.4,30,medium,clear,1,0,0,simulated
2026-01-11 13:30:00,P3,Market Road Parking,Street,12.9698,77.5962,80,56,24,0.7,0.5,20,medium,clear,1,0,0,simulated
2026-01-11 13:30:00,P4,Metro Station Parking,Transit,12.9784,77.5915,250,117,133,0.468,1.8,25,medium,clear,1,0,0,simulated
2026-01-11 13:30:00,P5,College Campus Parking,Campus,12.9675,77.594,120,20,100,0.1667,1.0,15,medium,clear,1,0,0,simulated
2026-01-11 14:00:00,P1,Central Mall Parking,Mall,12.9719,77.5937,200,170,30,0.85,0.8,40,medium,cloudy,1,0,0,simulated
2026-01-11 14:00:00,P2,City Office Parking,Office,12.975,77.5945,150,42,108,0.28,1.4,30,medium,cloudy,1,0,0,simulated
2026-01-11 14:00:00,P3,Market Road Parking,Street,12.9698,77.5962,80,51,29,0.6375,0.5,20,medium,cloudy,1,0,0,simulated
2026-01-11 14:00:00,P4,Metro Station Parking,Transit,12.9784,77.5915,250,103,147,0.412,1.8,25,medium,cloudy,1,0,0,simulated
2026-01-11 14:00:00,P5,College Campus Parking,Campus,12.9675,77.594,120,23,97,0.1917,1.0,15,medium,cloudy,1,0,0,simulated
2026-01-11 14:30:00,P1,Central Mall Parking,Mall,12.9719,77.5937,200,161,39,0.805,0.8,40,medium,cloudy,1,0,0,simulated
2026-01-11 14:30:00,P2,City Office Parking,Office,12.975,77.5945,150,30,120,0.2,1.4,30,medium,cloudy,1,0,0,simulated
2026-01-11 14:30:00,P3,Market Road Parking,Street,12.9698,77.5962,80,51,29,0.6375,0.5,20,medium,cloudy,1,0,0,simulated
2026-01-11 14:30:00,P4,Metro Station Parking,Transit,12.9784,77.5915,250,106,144,0.424,1.8,25,medium,cloudy,1,0,0,simulated
2026-01-11 14:30:00,P5,College Campus Parking,Campus,12.9675,77.594,120,26,94,0.2167,1.0,15,medium,cloudy,1,0,0,simulated
2026-01-11 15:00:00,P1,Central Mall Parking,Mall,12.9719,77.5937,200,174,26,0.87,0.8,40,low,clear,1,0,0,simulated
2026-01-11 15:00:00,P2,City Office Parking,Office,12.975,77.5945,150,42,108,0.28,1.4,30,low,clear,1,0,0,simulated
2026-01-11 15:00:00,P3,Market Road Parking,Street,12.9698,77.5962,80,53,27,0.6625,0.5,20,low,clear,1,0,0,simulated
2026-01-11 15:00:00,P4,Metro Station Parking,Transit,12.9784,77.5915,250,111,139,0.444,1.8,25,low,clear,1,0,0,simulated
2026-01-11 15:00:00,P5,College Campus Parking,Campus,12.9675,77.594,120,24,96,0.2,1.0,15,low,clear,1,0,0,simulated
2026-01-11 15:30:00,P1,Central Mall Parking,Mall,12.9719,77.5937,200,176,24,0.88,0.8,40,medium,rain,1,0,0,simulated
2026-01-11 15:30:00,P2,City Office Parking,Office,12.975,77.5945,150,47,103,0.3133,1.4,30,medium,rain,1,0,0,simulated
2026-01-11 15:30:00,P3,Market Road Parking,Street,12.9698,77.5962,80,43,37,0.5375,0.5,20,medium,rain,1,0,0,simulated
2026-01-11 15:30:00,P4,Metro Station Parking,Transit,12.9784,77.5915,250,117,133,0.468,1.8,25,medium,rain,1,0,0,simulated
2026-01-11 15:30:00,P5,College Campus Parking,Campus,12.9675,77.594,120,20,100,0.1667,1.0,15,medium,rain,1,0,0,simulated
2026-01-11 16:00:00,P1,Central Mall Parking,Mall,12.9719,77.5937,200,166,34,0.83,0.8,40,medium,clear,1,0,0,simulated
2026-01-11 16:00:00,P2,City Office Parking,Office,12.975,77.5945,150,35,115,0.2333,1.4,30,medium,clear,1,0,0,simulated
2026-01-11 16:00:00,P3,Market Road Parking,Street,12.9698,77.5962,80,47,33,0.5875,0.5,20,medium,clear,1,0,0,simulated
2026-01-11 16:00:00,P4,Metro Station Parking,Transit,12.9784,77.5915,250,99,151,0.396,1.8,25,medium,clear,1,0,0,simulated
2026-01-11 16:00:00,P5,College Campus Parking,Campus,12.9675,77.594,120,22,98,0.1833,1.0,15,medium,clear,1,0,0,simulated
2026-01-11 16:30:00,P1,Central Mall Parking,Mall,12.9719,77.5937,200,171,29,0.855,0.8,40,low,clear,1,0,0,simulated
2026-01-11 16:30:00,P2,City Office Parking,Office,12.975,77.5945,150,30,120,0.2,1.4,30,low,clear,1,0,0,simulated
2026-01-11 16:30:00,P3,Market Road Parking,Street,12.9698,77.5962,80,44,36,0.55,0.5,20,low,clear,1,0,0,simulated
2026-01-11 16:30:00,P4,Metro Station Parking,Transit,12.9784,77.5915,250,98,152,0.392,1.8,25,low,clear,1,0,0,simulated
2026-01-11 16:30:00,P5,College Campus Parking,Campus,12.9675,77.594,120,20,100,0.1667,1.0,15,low,clear,1,0,0,simulated
2026-01-11 17:00:00,P1,Central Mall Parking,Mall,12.9719,77.5937,200,189,11,0.945,0.8,40,high,rain,1,1,0,simulated
2026-01-11 17:00:00,P2,City Office Parking,Office,12.975,77.5945,150,37,113,0.2467,1.4,30,high,rain,1,1,0,simulated
2026-01-11 17:00:00,P3,Market Road Parking,Street,12.9698,77.5962,80,56,24,0.7,0.5,20,high,rain,1,1,0,simulated
2026-01-11 17:00:00,P4,Metro Station Parking,Transit,12.9784,77.5915,250,214,36,0.856,1.8,25,high,rain,1,1,0,simulated
2026-01-11 17:00:00,P5,College Campus Parking,Campus,12.9675,77.594,120,27,93,0.225,1.0,15,high,rain,1,1,0,simulated
2026-01-11 17:30:00,P1,Central Mall Parking,Mall,12.9719,77.5937,200,194,6,0.97,0.8,40,high,clear,1,1,0,simulated
2026-01-11 17:30:00,P2,City Office Parking,Office,12.975,77.5945,150,33,117,0.22,1.4,30,high,clear,1,1,0,simulated
2026-01-11 17:30:00,P3,Market Road Parking,Street,12.9698,77.5962,80,50,30,0.625,0.5,20,high,clear,1,1,0,simulated
2026-01-11 17:30:00,P4,Metro Station Parking,Transit,12.9784,77.5915,250,192,58,0.768,1.8,25,high,clear,1,1,0,simulated
2026-01-11 17:30:00,P5,College Campus Parking,Campus,12.9675,77.594,120,22,98,0.1833,1.0,15,high,clear,1,1,0,simulated
2026-01-11 18:00:00,P1,Central Mall Parking,Mall,12.9719,77.5937,200,191,9,0.955,0.8,40,high,clear,1,1,0,simulated
2026-01-11 18:00:00,P2,City Office Parking,Office,12.975,77.5945,150,41,109,0.2733,1.4,30,high,clear,1,1,0,simulated
2026-01-11 18:00:00,P3,Market Road Parking,Street,12.9698,77.5962,80,52,28,0.65,0.5,20,high,clear,1,1,0,simulated
2026-01-11 18:00:00,P4,Metro Station Parking,Transit,12.9784,77.5915,250,199,51,0.796,1.8,25,high,clear,1,1,0,simulated
2026-01-11 18:00:00,P5,College Campus Parking,Campus,12.9675,77.594,120,26,94,0.2167,1.0,15,high,clear,1,1,0,simulated
2026-01-11 18:30:00,P1,Central Mall Parking,Mall,12.9719,77.5937,200,190,10,0.95,0.8,40,medium,clear,1,1,0,simulated
2026-01-11 18:30:00,P2,City Office Parking,Office,12.975,77.5945,150,28,122,0.1867,1.4,30,medium,clear,1,1,0,simulated
2026-01-11 18:30:00,P3,Market Road Parking,Street,12.9698,77.5962,80,47,33,0.5875,0.5,20,medium,clear,1,1,0,simulated
2026-01-11 18:30:00,P4,Metro Station Parking,Transit,12.9784,77.5915,250,192,58,0.768,1.8,25,medium,clear,1,1,0,simulated
2026-01-11 18:30:00,P5,College Campus Parking,Campus,12.9675,77.594,120,17,103,0.1417,1.0,15,medium,clear,1,1,0,simulated
2026-01-11 19:00:00,P1,Central Mall Parking,Mall,12.9719,77.5937,200,194,6,0.97,0.8,40,high,cloudy,1,1,0,simulated
2026-01-11 19:00:00,P2,City Office Parking,Office,12.975,77.5945,150,38,112,0.2533,1.4,30,high,cloudy,1,1,0,simulated
2026-01-11 19:00:00,P3,Market Road Parking,Street,12.9698,77.5962,80,49,31,0.6125,0.5,20,high,cloudy,1,1,0,simulated
2026-01-11 19:00:00,P4,Metro Station Parking,Transit,12.9784,77.5915,250,206,44,0.824,1.8,25,high,cloudy,1,1,0,simulated
2026-01-11 19:00:00,P5,College Campus Parking,Campus,12.9675,77.594,120,28,92,0.2333,1.0,15,high,cloudy,1,1,0,simulated
2026-01-11 19:30:00,P1,Central Mall Parking,Mall,12.9719,77.5937,200,194,6,0.97,0.8,40,high,clear,1,1,0,simulated
2026-01-11 19:30:00,P2,City Office Parking,Office,12.975,77.5945,150,38,112,0.2533,1.4,30,high,clear,1,1,0,simulated
2026-01-11 19:30:00,P3,Market Road Parking,Street,12.9698,77.5962,80,53,27,0.6625,0.5,20,high,clear,1,1,0,simulated
2026-01-11 19:30:00,P4,Metro Station Parking,Transit,12.9784,77.5915,250,194,56,0.776,1.8,25,high,clear,1,1,0,simulated
2026-01-11 19:30:00,P5,College Campus Parking,Campus,12.9675,77.594,120,16,104,0.1333,1.0,15,high,clear,1,1,0,simulated
2026-01-11 20:00:00,P1,Central Mall Parking,Mall,12.9719,77.5937,200,179,21,0.895,0.8,40,medium,cloudy,1,1,0,simulated
2026-01-11 20:00:00,P2,City Office Parking,Office,12.975,77.5945,150,31,119,0.2067,1.4,30,medium,cloudy,1,1,0,simulated
2026-01-11 20:00:00,P3,Market Road Parking,Street,12.9698,77.5962,80,51,29,0.6375,0.5,20,medium,cloudy,1,1,0,simulated
2026-01-11 20:00:00,P4,Metro Station Parking,Transit,12.9784,77.5915,250,183,67,0.732,1.8,25,medium,cloudy,1,1,0,simulated
2026-01-11 20:00:00,P5,College Campus Parking,Campus,12.9675,77.594,120,25,95,0.2083,1.0,15,medium,cloudy,1,1,0,simulated
2026-01-12 08:00:00,P1,Central Mall Parking,Mall,12.9719,77.5937,200,60,140,0.3,0.8,40,medium,clear,0,1,0,simulated
2026-01-12 08:00:00,P2,City Office Parking,Office,12.975,77.5945,150,63,87,0.42,1.4,30,medium,clear,0,1,0,simulated
2026-01-12 08:00:00,P3,Market Road Parking,Street,12.9698,77.5962,80,48,32,0.6,0.5,20,medium,clear,0,1,0,simulated
2026-01-12 08:00:00,P4,Metro Station Parking,Transit,12.9784,77.5915,250,203,47,0.812,1.8,25,medium,clear,0,1,0,simulated
2026-01-12 08:00:00,P5,College Campus Parking,Campus,12.9675,77.594,120,42,78,0.35,1.0,15,medium,clear,0,1,0,simulated
2026-01-12 08:30:00,P1,Central Mall Parking,Mall,12.9719,77.5937,200,48,152,0.24,0.8,40,medium,cloudy,0,1,0,simulated
2026-01-12 08:30:00,P2,City Office Parking,Office,12.975,77.5945,150,60,90,0.4,1.4,30,medium,cloudy,0,1,0,simulated
2026-01-12 08:30:00,P3,Market Road Parking,Street,12.9698,77.5962,80,45,35,0.5625,0.5,20,medium,cloudy,0,1,0,simulated
2026-01-12 08:30:00,P4,Metro Station Parking,Transit,12.9784,77.5915,250,200,50,0.8,1.8,25,medium,cloudy,0,1,0,simulated
2026-01-12 08:30:00,P5,College Campus Parking,Campus,12.9675,77.594,120,39,81,0.325,1.0,15,medium,cloudy,0,1,0,simulated
2026-01-12 09:00:00,P1,Central Mall Parking,Mall,12.9719,77.5937,200,51,149,0.255,0.8,40,high,clear,0,1,0,simulated
2026-01-12 09:00:00,P2,City Office Parking,Office,12.975,77.5945,150,112,38,0.7467,1.4,30,high,clear,0,1,0,simulated
2026-01-12 09:00:00,P3,Market Road Parking,Street,12.9698,77.5962,80,48,32,0.6,0.5,20,high,clear,0,1,0,simulated
2026-01-12 09:00:00,P4,Metro Station Parking,Transit,12.9784,77.5915,250,211,39,0.844,1.8,25,high,clear,0,1,0,simulated
2026-01-12 09:00:00,P5,College Campus Parking,Campus,12.9675,77.594,120,92,28,0.7667,1.0,15,high,clear,0,1,0,simulated
2026-01-12 09:30:00,P1,Central Mall Parking,Mall,12.9719,77.5937,200,65,135,0.325,0.8,40,high,clear,0,1,0,simulated
2026-01-12 09:30:00,P2,City Office Parking,Office,12.975,77.5945,150,120,30,0.8,1.4,30,high,clear,0,1,0,simulated
2026-01-12 09:30:00,P3,Market Road Parking,Street,12.9698,77.5962,80,48,32,0.6,0.5,20,high,clear,0,1,0,simulated
2026-01-12 09:30:00,P4,Metro Station Parking,Transit,12.9784,77.5915,250,207,43,0.828,1.8,25,high,clear,0,1,0,simulated
2026-01-12 09:30:00,P5,College Campus Parking,Campus,12.9675,77.594,120,95,25,0.7917,1.0,15,high,clear,0,1,0,simulated
2026-01-12 10:00:00,P1,Central Mall Parking,Mall,12.9719,77.5937,200,49,151,0.245,0.8,40,high,clear,0,1,0,simulated
2026-01-12 10:00:00,P2,City Office Parking,Office,12.975,77.5945,150,125,25,0.8333,1.4,30,high,clear,0,1,0,simulated
2026-01-12 10:00:00,P3,Market Road Parking,Street,12.9698,77.5962,80,47,33,0.5875,0.5,20,high,clear,0,1,0,simulated
2026-01-12 10:00:00,P4,Metro Station Parking,Transit,12.9784,77.5915,250,210,40,0.84,1.8,25,high,clear,0,1,0,simulated
2026-01-12 10:00:00,P5,College Campus Parking,Campus,12.9675,77.594,120,98,22,0.8167,1.0,15,high,clear,0,1,0,simulated
2026-01-12 10:30:00,P1,Central Mall Parking,Mall,12.9719,77.5937,200,45,155,0.225,0.8,40,low,clear,0,0,0,simulated
2026-01-12 10:30:00,P2,City Office Parking,Office,12.975,77.5945,150,122,28,0.8133,1.4,30,low,clear,0,0,0,simulated
2026-01-12 10:30:00,P3,Market Road Parking,Street,12.9698,77.5962,80,39,41,0.4875,0.5,20,low,clear,0,0,0,simulated
2026-01-12 10:30:00,P4,Metro Station Parking,Transit,12.9784,77.5915,250,138,112,0.552,1.8,25,low,clear,0,0,0,simulated
2026-01-12 10:30:00,P5,College Campus Parking,Campus,12.9675,77.594,120,89,31,0.7417,1.0,15,low,clear,0,0,0,simulated
2026-01-12 11:00:00,P1,Central Mall Parking,Mall,12.9719,77.5937,200,134,66,0.67,0.8,40,medium,clear,0,0,0,simulated
2026-01-12 11:00:00,P2,City Office Parking,Office,12.975,77.5945,150,122,28,0.8133,1.4,30,medium,clear,0,0,0,simulated
2026-01-12 11:00:00,P3,Market Road Parking,Street,12.9698,77.5962,80,48,32,0.6,0.5,20,medium,clear,0,0,0,simulated
2026-01-12 11:00:00,P4,Metro Station Parking,Transit,12.9784,77.5915,250,123,127,0.492,1.8,25,medium,clear,0,0,0,simulated
2026-01-12 11:00:00,P5,College Campus Parking,Campus,12.9675,77.594,120,89,31,0.7417,1.0,15,medium,clear,0,0,0,simulated
2026-01-12 11:30:00,P1,Central Mall Parking,Mall,12.9719,77.5937,200,127,73,0.635,0.8,40,medium,cloudy,0,0,0,simulated
2026-01-12 11:30:00,P2,City Office Parking,Office,12.975,77.5945,150,126,24,0.84,1.4,30,medium,cloudy,0,0,0,simulated
2026-01-12 11:30:00,P3,Market Road Parking,Street,12.9698,77.5962,80,53,27,0.6625,0.5,20,medium,cloudy,0,0,0,simulated
2026-01-12 11:30:00,P4,Metro Station Parking,Transit,12.9784,77.5915,250,136,114,0.544,1.8,25,medium,cloudy,0,0,0,simulated
2026-01-12 11:30:00,P5,College Campus Parking,Campus,12.9675,77.594,120,89,31,0.7417,1.0,15,medium,cloudy,0,0,0,simulated
2026-01-12 12:00:00,P1,Central Mall Parking,Mall,12.9719,77.5937,200,122,78,0.61,0.8,40,medium,clear,0,0,0,simulated
2026-01-12 12:00:00,P2,City Office Parking,Office,12.975,77.5945,150,136,14,0.9067,1.4,30,medium,clear,0,0,0,simulated
2026-01-12 12:00:00,P3,Market Road Parking,Street,12.9698,77.5962,80,50,30,0.625,0.5,20,medium,clear,0,0,0,simulated
2026-01-12 12:00:00,P4,Metro Station Parking,Transit,12.9784,77.5915,250,137,113,0.548,1.8,25,medium,clear,0,0,0,simulated
2026-01-12 12:00:00,P5,College Campus Parking,Campus,12.9675,77.594,120,95,25,0.7917,1.0,15,medium,clear,0,0,0,simulated
2026-01-12 12:30:00,P1,Central Mall Parking,Mall,12.9719,77.5937,200,125,75,0.625,0.8,40,medium,cloudy,0,0,0,simulated
2026-01-12 12:30:00,P2,City Office Parking,Office,12.975,77.5945,150,138,12,0.92,1.4,30,medium,cloudy,0,0,0,simulated
2026-01-12 12:30:00,P3,Market Road Parking,Street,12.9698,77.5962,80,46,34,0.575,0.5,20,medium,cloudy,0,0,0,simulated
2026-01-12 12:30:00,P4,Metro Station Parking,Transit,12.9784,77.5915,250,132,118,0.528,1.8,25,medium,cloudy,0,0,0,simulated
2026-01-12 12:30:00,P5,College Campus Parking,Campus,12.9675,77.594,120,97,23,0.8083,1.0,15,medium,cloudy,0,0,0,simulated
2026-01-12 13:00:00,P1,Central Mall Parking,Mall,12.9719,77.5937,200,113,87,0.565,0.8,40,low,clear,0,0,0,simulated
2026-01-12 13:00:00,P2,City Office Parking,Office,12.975,77.5945,150,127,23,0.8467,1.4,30,low,clear,0,0,0,simulated
2026-01-12 13:00:00,P3,Market Road Parking,Street,12.9698,77.5962,80,47,33,0.5875,0.5,20,low,clear,0,0,0,simulated
2026-01-12 13:00:00,P4,Metro Station Parking,Transit,12.9784,77.5915,250,132,118,0.528,1.8,25,low,clear,0,0,0,simulated
2026-01-12 13:00:00,P5,College Campus Parking,Campus,12.9675,77.594,120,106,14,0.8833,1.0,15,low,clear,0,0,0,simulated
2026-01-12 13:30:00,P1,Central Mall Parking,Mall,12.9719,77.5937,200,117,83,0.585,0.8,40,low,clear,0,0,0,simulated
2026-01-12 13:30:00,P2,City Office Parking,Office,12.975,77.5945,150,128,22,0.8533,1.4,30,low,clear,0,0,0,simulated
2026-01-12 13:30:00,P3,Market Road Parking,Street,12.9698,77.5962,80,47,33,0.5875,0.5,20,low,clear,0,0,0,simulated
2026-01-12 13:30:00,P4,Metro Station Parking,Transit,12.9784,77.5915,250,136,114,0.544,1.8,25,low,clear,0,0,0,simulated
2026-01-12 13:30:00,P5,College Campus Parking,Campus,12.9675,77.594,120,107,13,0.8917,1.0,15,low,clear,0,0,0,simulated
2026-01-12 14:00:00,P1,Central Mall Parking,Mall,12.9719,77.5937,200,138,62,0.69,0.8,40,medium,rain,0,0,0,simulated
2026-01-12 14:00:00,P2,City Office Parking,Office,12.975,77.5945,150,139,11,0.9267,1.4,30,medium,rain,0,0,0,simulated
2026-01-12 14:00:00,P3,Market Road Parking,Street,12.9698,77.5962,80,53,27,0.6625,0.5,20,medium,rain,0,0,0,simulated
2026-01-12 14:00:00,P4,Metro Station Parking,Transit,12.9784,77.5915,250,125,125,0.5,1.8,25,medium,rain,0,0,0,simulated
2026-01-12 14:00:00,P5,College Campus Parking,Campus,12.9675,77.594,120,110,10,0.9167,1.0,15,medium,rain,0,0,0,simulated
2026-01-12 14:30:00,P1,Central Mall Parking,Mall,12.9719,77.5937,200,118,82,0.59,0.8,40,low,clear,0,0,0,simulated
2026-01-12 14:30:00,P2,City Office Parking,Office,12.975,77.5945,150,129,21,0.86,1.4,30,low,clear,0,0,0,simulated
2026-01-12 14:30:00,P3,Market Road Parking,Street,12.9698,77.5962,80,50,30,0.625,0.5,20,low,clear,0,0,0,simulated
2026-01-12 14:30:00,P4,Metro Station Parking,Transit,12.9784,77.5915,250,137,113,0.548,1.8,25,low,clear,0,0,0,simulated
2026-01-12 14:30:00,P5,College Campus Parking,Campus,12.9675,77.594,120,99,21,0.825,1.0,15,low,clear,0,0,0,simulated
2026-01-12 15:00:00,P1,Central Mall Parking,Mall,12.9719,77.5937,200,121,79,0.605,0.8,40,medium,cloudy,0,0,0,simulated
2026-01-12 15:00:00,P2,City Office Parking,Office,12.975,77.5945,150,139,11,0.9267,1.4,30,medium,cloudy,0,0,0,simulated
2026-01-12 15:00:00,P3,Market Road Parking,Street,12.9698,77.5962,80,54,26,0.675,0.5,20,medium,cloudy,0,0,0,simulated
2026-01-12 15:00:00,P4,Metro Station Parking,Transit,12.9784,77.5915,250,140,110,0.56,1.8,25,medium,cloudy,0,0,0,simulated
2026-01-12 15:00:00,P5,College Campus Parking,Campus,12.9675,77.594,120,98,22,0.8167,1.0,15,medium,cloudy,0,0,0,simulated
2026-01-12 15:30:00,P1,Central Mall Parking,Mall,12.9719,77.5937,200,159,41,0.795,0.8,40,medium,rain,0,0,0,simulated
2026-01-12 15:30:00,P2,City Office Parking,Office,12.975,77.5945,150,128,22,0.8533,1.4,30,medium,rain,0,0,0,simulated
2026-01-12 15:30:00,P3,Market Road Parking,Street,12.9698,77.5962,80,39,41,0.4875,0.5,20,medium,rain,0,0,0,simulated
2026-01-12 15:30:00,P4,Metro Station Parking,Transit,12.9784,77.5915,250,142,108,0.568,1.8,25,medium,rain,0,0,0,simulated
2026-01-12 15:30:00,P5,College Campus Parking,Campus,12.9675,77.594,120,104,16,0.8667,1.0,15,medium,rain,0,0,0,simulated
2026-01-12 16:00:00,P1,Central Mall Parking,Mall,12.9719,77.5937,200,143,57,0.715,0.8,40,medium,clear,0,0,0,simulated
2026-01-12 16:00:00,P2,City Office Parking,Office,12.975,77.5945,150,120,30,0.8,1.4,30,medium,clear,0,0,0,simulated
2026-01-12 16:00:00,P3,Market Road Parking,Street,12.9698,77.5962,80,36,44,0.45,0.5,20,medium,clear,0,0,0,simulated
2026-01-12 16:00:00,P4,Metro Station Parking,Transit,12.9784,77.5915,250,116,134,0.464,1.8,25,medium,clear,0,0,0,simulated
2026-01-12 16:00:00,P5,College Campus Parking,Campus,12.9675,77.594,120,95,25,0.7917,1.0,15,medium,clear,0,0,0,simulated
2026-01-12 16:30:00,P1,Central Mall Parking,Mall,12.9719,77.5937,200,163,37,0.815,0.8,40,medium,clear,0,0,0,simulated
2026-01-12 16:30:00,P2,City Office Parking,Office,12.975,77.5945,150,114,36,0.76,1.4,30,medium,clear,0,0,0,simulated
2026-01-12 16:30:00,P3,Market Road Parking,Street,12.9698,77.5962,80,44,36,0.55,0.5,20,medium,clear,0,0,0,simulated
2026-01-12 16:30:00,P4,Metro Station Parking,Transit,12.9784,77.5915,250,118,132,0.472,1.8,25,medium,clear,0,0,0,simulated
2026-01-12 16:30:00,P5,College Campus Parking,Campus,12.9675,77.594,120,54,66,0.45,1.0,15,medium,clear,0,0,0,simulated
2026-01-12 17:00:00,P1,Central Mall Parking,Mall,12.9719,77.5937,200,167,33,0.835,0.8,40,high,clear,0,1,0,simulated
2026-01-12 17:00:00,P2,City Office Parking,Office,12.975,77.5945,150,126,24,0.84,1.4,30,high,clear,0,1,0,simulated
2026-01-12 17:00:00,P3,Market Road Parking,Street,12.9698,77.5962,80,48,32,0.6,0.5,20,high,clear,0,1,0,simulated
2026-01-12 17:00:00,P4,Metro Station Parking,Transit,12.9784,77.5915,250,232,18,0.928,1.8,25,high,clear,0,1,0,simulated
2026-01-12 17:00:00,P5,College Campus Parking,Campus,12.9675,77.594,120,70,50,0.5833,1.0,15,high,clear,0,1,0,simulated
2026-01-12 17:30:00,P1,Central Mall Parking,Mall,12.9719,77.5937,200,173,27,0.865,0.8,40,high,rain,0,1,0,simulated
2026-01-12 17:30:00,P2,City Office Parking,Office,12.975,77.5945,150,129,21,0.86,1.4,30,high,rain,0,1,0,simulated
2026-01-12 17:30:00,P3,Market Road Parking,Street,12.9698,77.5962,80,44,36,0.55,0.5,20,high,rain,0,1,0,simulated
2026-01-12 17:30:00,P4,Metro Station Parking,Transit,12.9784,77.5915,250,240,10,0.96,1.8,25,high,rain,0,1,0,simulated
2026-01-12 17:30:00,P5,College Campus Parking,Campus,12.9675,77.594,120,63,57,0.525,1.0,15,high,rain,0,1,0,simulated
2026-01-12 18:00:00,P1,Central Mall Parking,Mall,12.9719,77.5937,200,161,39,0.805,0.8,40,high,cloudy,0,1,0,simulated
2026-01-12 18:00:00,P2,City Office Parking,Office,12.975,77.5945,150,120,30,0.8,1.4,30,high,cloudy,0,1,0,simulated
2026-01-12 18:00:00,P3,Market Road Parking,Street,12.9698,77.5962,80,48,32,0.6,0.5,20,high,cloudy,0,1,0,simulated
2026-01-12 18:00:00,P4,Metro Station Parking,Transit,12.9784,77.5915,250,225,25,0.9,1.8,25,high,cloudy,0,1,0,simulated
2026-01-12 18:00:00,P5,College Campus Parking,Campus,12.9675,77.594,120,64,56,0.5333,1.0,15,high,cloudy,0,1,0,simulated
2026-01-12 18:30:00,P1,Central Mall Parking,Mall,12.9719,77.5937,200,154,46,0.77,0.8,40,medium,clear,0,1,0,simulated
2026-01-12 18:30:00,P2,City Office Parking,Office,12.975,77.5945,150,67,83,0.4467,1.4,30,medium,clear,0,1,0,simulated
2026-01-12 18:30:00,P3,Market Road Parking,Street,12.9698,77.5962,80,42,38,0.525,0.5,20,medium,clear,0,1,0,simulated
2026-01-12 18:30:00,P4,Metro Station Parking,Transit,12.9784,77.5915,250,209,41,0.836,1.8,25,medium,clear,0,1,0,simulated
2026-01-12 18:30:00,P5,College Campus Parking,Campus,12.9675,77.594,120,24,96,0.2,1.0,15,medium,clear,0,1,0,simulated
2026-01-12 19:00:00,P1,Central Mall Parking,Mall,12.9719,77.5937,200,169,31,0.845,0.8,40,high,clear,0,1,0,simulated
2026-01-12 19:00:00,P2,City Office Parking,Office,12.975,77.5945,150,83,67,0.5533,1.4,30,high,clear,0,1,0,simulated
2026-01-12 19:00:00,P3,Market Road Parking,Street,12.9698,77.5962,80,50,30,0.625,0.5,20,high,clear,0,1,0,simulated
2026-01-12 19:00:00,P4,Metro Station Parking,Transit,12.9784,77.5915,250,230,20,0.92,1.8,25,high,clear,0,1,0,simulated
2026-01-12 19:00:00,P5,College Campus Parking,Campus,12.9675,77.594,120,37,83,0.3083,1.0,15,high,clear,0,1,0,simulated
2026-01-12 19:30:00,P1,Central Mall Parking,Mall,12.9719,77.5937,200,165,35,0.825,0.8,40,high,clear,0,1,0,simulated
2026-01-12 19:30:00,P2,City Office Parking,Office,12.975,77.5945,150,76,74,0.5067,1.4,30,high,clear,0,1,0,simulated
2026-01-12 19:30:00,P3,Market Road Parking,Street,12.9698,77.5962,80,47,33,0.5875,0.5,20,high,clear,0,1,0,simulated
2026-01-12 19:30:00,P4,Metro Station Parking,Transit,12.9784,77.5915,250,226,24,0.904,1.8,25,high,clear,0,1,0,simulated
2026-01-12 19:30:00,P5,College Campus Parking,Campus,12.9675,77.594,120,39,81,0.325,1.0,15,high,clear,0,1,0,simulated
2026-01-12 20:00:00,P1,Central Mall Parking,Mall,12.9719,77.5937,200,143,57,0.715,0.8,40,medium,cloudy,0,1,0,simulated
2026-01-12 20:00:00,P2,City Office Parking,Office,12.975,77.5945,150,73,77,0.4867,1.4,30,medium,cloudy,0,1,0,simulated
2026-01-12 20:00:00,P3,Market Road Parking,Street,12.9698,77.5962,80,42,38,0.525,0.5,20,medium,cloudy,0,1,0,simulated
2026-01-12 20:00:00,P4,Metro Station Parking,Transit,12.9784,77.5915,250,220,30,0.88,1.8,25,medium,cloudy,0,1,0,simulated
2026-01-12 20:00:00,P5,College Campus Parking,Campus,12.9675,77.594,120,32,88,0.2667,1.0,15,medium,cloudy,0,1,0,simulated
2026-01-13 08:00:00,P1,Central Mall Parking,Mall,12.9719,77.5937,200,61,139,0.305,0.8,40,high,clear,0,1,0,simulated
2026-01-13 08:00:00,P2,City Office Parking,Office,12.975,77.5945,150,63,87,0.42,1.4,30,high,clear,0,1,0,simulated
2026-01-13 08:00:00,P3,Market Road Parking,Street,12.9698,77.5962,80,50,30,0.625,0.5,20,high,clear,0,1,0,simulated
2026-01-13 08:00:00,P4,Metro Station Parking,Transit,12.9784,77.5915,250,218,32,0.872,1.8,25,high,clear,0,1,0,simulated
2026-01-13 08:00:00,P5,College Campus Parking,Campus,12.9675,77.594,120,43,77,0.3583,1.0,15,high,clear,0,1,0,simulated
2026-01-13 08:30:00,P1,Central Mall Parking,Mall,12.9719,77.5937,200,48,152,0.24,0.8,40,high,clear,0,1,0,simulated
2026-01-13 08:30:00,P2,City Office Parking,Office,12.975,77.5945,150,65,85,0.4333,1.4,30,high,clear,0,1,0,simulated
2026-01-13 08:30:00,P3,Market Road Parking,Street,12.9698,77.5962,80,44,36,0.55,0.5,20,high,clear,0,1,0,simulated
2026-01-13 08:30:00,P4,Metro Station Parking,Transit,12.9784,77.5915,250,217,33,0.868,1.8,25,high,clear,0,1,0,simulated
2026-01-13 08:30:00,P5,College Campus Parking,Campus,12.9675,77.594,120,51,69,0.425,1.0,15,high,clear,0,1,0,simulated
2026-01-13 09:00:00,P1,Central Mall Parking,Mall,12.9719,77.5937,200,60,140,0.3,0.8,40,high,clear,0,1,0,simulated
2026-01-13 09:00:00,P2,City Office Parking,Office,12.975,77.5945,150,125,25,0.8333,1.4,30,high,clear,0,1,0,simulated
2026-01-13 09:00:00,P3,Market Road Parking,Street,12.9698,77.5962,80,46,34,0.575,0.5,20,high,clear,0,1,0,simulated
2026-01-13 09:00:00,P4,Metro Station Parking,Transit,12.9784,77.5915,250,206,44,0.824,1.8,25,high,clear,0,1,0,simulated
2026-01-13 09:00:00,P5,College Campus Parking,Campus,12.9675,77.594,120,93,27,0.775,1.0,15,high,clear,0,1,0,simulated
2026-01-13 09:30:00,P1,Central Mall Parking,Mall,12.9719,77.5937,200,60,140,0.3,0.8,40,high,clear,0,1,0,simulated
2026-01-13 09:30:00,P2,City Office Parking,Office,12.975,77.5945,150,125,25,0.8333,1.4,30,high,clear,0,1,0,simulated
2026-01-13 09:30:00,P3,Market Road Parking,Street,12.9698,77.5962,80,44,36,0.55,0.5,20,high,clear,0,1,0,simulated
2026-01-13 09:30:00,P4,Metro Station Parking,Transit,12.9784,77.5915,250,226,24,0.904,1.8,25,high,clear,0,1,0,simulated
2026-01-13 09:30:00,P5,College Campus Parking,Campus,12.9675,77.594,120,93,27,0.775,1.0,15,high,clear,0,1,0,simulated
2026-01-13 10:00:00,P1,Central Mall Parking,Mall,12.9719,77.5937,200,46,154,0.23,0.8,40,high,clear,0,1,0,simulated
2026-01-13 10:00:00,P2,City Office Parking,Office,12.975,77.5945,150,112,38,0.7467,1.4,30,high,clear,0,1,0,simulated
2026-01-13 10:00:00,P3,Market Road Parking,Street,12.9698,77.5962,80,48,32,0.6,0.5,20,high,clear,0,1,0,simulated
2026-01-13 10:00:00,P4,Metro Station Parking,Transit,12.9784,77.5915,250,209,41,0.836,1.8,25,high,clear,0,1,0,simulated
2026-01-13 10:00:00,P5,College Campus Parking,Campus,12.9675,77.594,120,97,23,0.8083,1.0,15,high,clear,0,1,0,simulated
2026-01-13 10:30:00,P1,Central Mall Parking,Mall,12.9719,77.5937,200,42,158,0.21,0.8,40,low,clear,0,0,0,simulated
2026-01-13 10:30:00,P2,City Office Parking,Office,12.975,77.5945,150,120,30,0.8,1.4,30,low,clear,0,0,0,simulated
2026-01-13 10:30:00,P3,Market Road Parking,Street,12.9698,77.5962,80,36,44,0.45,0.5,20,low,clear,0,0,0,simulated
2026-01-13 10:30:00,P4,Metro Station Parking,Transit,12.9784,77.5915,250,129,121,0.516,1.8,25,low,clear,0,0,0,simulated
2026-01-13 10:30:00,P5,College Campus Parking,Campus,12.9675,77.594,120,88,32,0.7333,1.0,15,low,clear,0,0,0,simulated
2026-01-13 11:00:00,P1,Central Mall Parking,Mall,12.9719,77.5937,200,131,69,0.655,0.8,40,medium,cloudy,0,0,0,simulated
2026-01-13 11:00:00,P2,City Office Parking,Office,12.975,77.5945,150,106,44,0.7067,1.4,30,medium,cloudy,0,0,0,simulated
2026-01-13 11:00:00,P3,Market Road Parking,Street,12.9698,77.5962,80,49,31,0.6125,0.5,20,medium,cloudy,0,0,0,simulated
2026-01-13 11:00:00,P4,Metro Station Parking,Transit,12.9784,77.5915,250,141,109,0.564,1.8,25,medium,cloudy,0,0,0,simulated
2026-01-13 11:00:00,P5,College Campus Parking,Campus,12.9675,77.594,120,91,29,0.7583,1.0,15,medium,cloudy,0,0,0,simulated
2026-01-13 11:30:00,P1,Central Mall Parking,Mall,12.9719,77.5937,200,118,82,0.59,0.8,40,low,clear,0,0,0,simulated
2026-01-13 11:30:00,P2,City Office Parking,Office,12.975,77.5945,150,138,12,0.92,1.4,30,low,clear,0,0,0,simulated
2026-01-13 11:30:00,P3,Market Road Parking,Street,12.9698,77.5962,80,53,27,0.6625,0.5,20,low,clear,0,0,0,simulated
2026-01-13 11:30:00,P4,Metro Station Parking,Transit,12.9784,77.5915,250,140,110,0.56,1.8,25,low,clear,0,0,0,simulated
2026-01-13 11:30:00,P5,College Campus Parking,Campus,12.9675,77.594,120,88,32,0.7333,1.0,15,low,clear,0,0,0,simulated
2026-01-13 12:00:00,P1,Central Mall Parking,Mall,12.9719,77.5937,200,134,66,0.67,0.8,40,low,clear,0,0,0,simulated
2026-01-13 12:00:00,P2,City Office Parking,Office,12.975,77.5945,150,136,14,0.9067,1.4,30,low,clear,0,0,0,simulated
2026-01-13 12:00:00,P3,Market Road Parking,Street,12.9698,77.5962,80,50,30,0.625,0.5,20,low,clear,0,0,0,simulated
2026-01-13 12:00:00,P4,Metro Station Parking,Transit,12.9784,77.5915,250,127,123,0.508,1.8,25,low,clear,0,0,0,simulated
2026-01-13 12:00:00,P5,College Campus Parking,Campus,12.9675,77.594,120,85,35,0.7083,1.0,15,low,clear,0,0,0,simulated
2026-01-13 12:30:00,P1,Central Mall Parking,Mall,12.9719,77.5937,200,125,75,0.625,0.8,40,medium,cloudy,0,0,0,simulated
2026-01-13 12:30:00,P2,City Office Parking,Office,12.975,77.5945,150,128,22,0.8533,1.4,30,medium,cloudy,0,0,0,simulated
2026-01-13 12:30:00,P3,Market Road Parking,Street,12.9698,77.5962,80,50,30,0.625,0.5,20,medium,cloudy,0,0,0,simulated
2026-01-13 12:30:00,P4,Metro Station Parking,Transit,12.9784,77.5915,250,119,131,0.476,1.8,25,medium,cloudy,0,0,0,simulated
2026-01-13 12:30:00,P5,College Campus Parking,Campus,12.9675,77.594,120,106,14,0.8833,1.0,15,medium,cloudy,0,0,0,simulated
2026-01-13 13:00:00,P1,Central Mall Parking,Mall,12.9719,77.5937,200,134,66,0.67,0.8,40,low,cloudy,0,0,0,simulated
2026-01-13 13:00:00,P2,City Office Parking,Office,12.975,77.5945,150,127,23,0.8467,1.4,30,low,cloudy,0,0,0,simulated
2026-01-13 13:00:00,P3,Market Road Parking,Street,12.9698,77.5962,80,50,30,0.625,0.5,20,low,cloudy,0,0,0,simulated
2026-01-13 13:00:00,P4,Metro Station Parking,Transit,12.9784,77.5915,250,127,123,0.508,1.8,25,low,cloudy,0,0,0,simulated
2026-01-13 13:00:00,P5,College Campus Parking,Campus,12.9675,77.594,120,101,19,0.8417,1.0,15,low,cloudy,0,0,0,simulated
2026-01-13 13:30:00,P1,Central Mall Parking,Mall,12.9719,77.5937,200,123,77,0.615,0.8,40,low,clear,0,0,0,simulated
2026-01-13 13:30:00,P2,City Office Parking,Office,12.975,77.5945,150,139,11,0.9267,1.4,30,low,clear,0,0,0,simulated
2026-01-13 13:30:00,P3,Market Road Parking,Street,12.9698,77.5962,80,49,31,0.6125,0.5,20,low,clear,0,0,0,simulated
2026-01-13 13:30:00,P4,Metro Station Parking,Transit,12.9784,77.5915,250,132,118,0.528,1.8,25,low,clear,0,0,0,simulated
2026-01-13 13:30:00,P5,College Campus Parking,Campus,12.9675,77.594,120,102,18,0.85,1.0,15,low,clear,0,0,0,simulated
2026-01-13 14:00:00,P1,Central Mall Parking,Mall,12.9719,77.5937,200,114,86,0.57,0.8,40,low,clear,0,0,0,simulated
2026-01-13 14:00:00,P2,City Office Parking,Office,12.975,77.5945,150,135,15,0.9,1.4,30,low,clear,0,0,0,simulated
2026-01-13 14:00:00,P3,Market Road Parking,Street,12.9698,77.5962,80,46,34,0.575,0.5,20,low,clear,0,0,0,simulated
2026-01-13 14:00:00,P4,Metro Station Parking,Transit,12.9784,77.5915,250,143,107,0.572,1.8,25,low,clear,0,0,0,simulated
2026-01-13 14:00:00,P5,College Campus Parking,Campus,12.9675,77.594,120,95,25,0.7917,1.0,15,low,clear,0,0,0,simulated
2026-01-13 14:30:00,P1,Central Mall Parking,Mall,12.9719,77.5937,200,120,80,0.6,0.8,40,low,clear,0,0,0,simulated
2026-01-13 14:30:00,P2,City Office Parking,Office,12.975,77.5945,150,140,10,0.9333,1.4,30,low,clear,0,0,0,simulated
2026-01-13 14:30:00,P3,Market Road Parking,Street,12.9698,77.5962,80,51,29,0.6375,0.5,20,low,clear,0,0,0,simulated
2026-01-13 14:30:00,P4,Metro Station Parking,Transit,12.9784,77.5915,250,142,108,0.568,1.8,25,low,clear,0,0,0,simulated
2026-01-13 14:30:00,P5,College Campus Parking,Campus,12.9675,77.594,120,100,20,0.8333,1.0,15,low,clear,0,0,0,simulated
2026-01-13 15:00:00,P1,Central Mall Parking,Mall,12.9719,77.5937,200,135,65,0.675,0.8,40,medium,cloudy,0,0,0,simulated
2026-01-13 15:00:00,P2,City Office Parking,Office,12.975,77.5945,150,137,13,0.9133,1.4,30,medium,cloudy,0,0,0,simulated
2026-01-13 15:00:00,P3,Market Road Parking,Street,12.9698,77.5962,80,46,34,0.575,0.5,20,medium,cloudy,0,0,0,simulated
2026-01-13 15:00:00,P4,Metro Station Parking,Transit,12.9784,77.5915,250,131,119,0.524,1.8,25,medium,cloudy,0,0,0,simulated
2026-01-13 15:00:00,P5,College Campus Parking,Campus,12.9675,77.594,120,104,16,0.8667,1.0,15,medium,cloudy,0,0,0,simulated
2026-01-13 15:30:00,P1,Central Mall Parking,Mall,12.9719,77.5937,200,157,43,0.785,0.8,40,medium,clear,0,0,0,simulated
2026-01-13 15:30:00,P2,City Office Parking,Office,12.975,77.5945,150,112,38,0.7467,1.4,30,medium,clear,0,0,0,simulated
2026-01-13 15:30:00,P3,Market Road Parking,Street,12.9698,77.5962,80,44,36,0.55,0.5,20,medium,clear,0,0,0,simulated
2026-01-13 15:30:00,P4,Metro Station Parking,Transit,12.9784,77.5915,250,131,119,0.524,1.8,25,medium,clear,0,0,0,simulated
2026-01-13 15:30:00,P5,College Campus Parking,Campus,12.9675,77.594,120,100,20,0.8333,1.0,15,medium,clear,0,0,0,simulated
2026-01-13 16:00:00,P1,Central Mall Parking,Mall,12.9719,77.5937,200,141,59,0.705,0.8,40,medium,clear,0,0,0,simulated
2026-01-13 16:00:00,P2,City Office Parking,Office,12.975,77.5945,150,121,29,0.8067,1.4,30,medium,clear,0,0,0,simulated
2026-01-13 16:00:00,P3,Market Road Parking,Street,12.9698,77.5962,80,42,38,0.525,0.5,20,medium,clear,0,0,0,simulated
2026-01-13 16:00:00,P4,Metro Station Parking,Transit,12.9784,77.5915,250,119,131,0.476,1.8,25,medium,clear,0,0,0,simulated
2026-01-13 16:00:00,P5,College Campus Parking,Campus,12.9675,77.594,120,95,25,0.7917,1.0,15,medium,clear,0,0,0,simulated
2026-01-13 16:30:00,P1,Central Mall Parking,Mall,12.9719,77.5937,200,158,42,0.79,0.8,40,medium,clear,0,0,0,simulated
2026-01-13 16:30:00,P2,City Office Parking,Office,12.975,77.5945,150,111,39,0.74,1.4,30,medium,clear,0,0,0,simulated
2026-01-13 16:30:00,P3,Market Road Parking,Street,12.9698,77.5962,80,41,39,0.5125,0.5,20,medium,clear,0,0,0,simulated
2026-01-13 16:30:00,P4,Metro Station Parking,Transit,12.9784,77.5915,250,122,128,0.488,1.8,25,medium,clear,0,0,0,simulated
2026-01-13 16:30:00,P5,College Campus Parking,Campus,12.9675,77.594,120,67,53,0.5583,1.0,15,medium,clear,0,0,0,simulated
2026-01-13 17:00:00,P1,Central Mall Parking,Mall,12.9719,77.5937,200,153,47,0.765,0.8,40,high,clear,0,1,0,simulated
2026-01-13 17:00:00,P2,City Office Parking,Office,12.975,77.5945,150,115,35,0.7667,1.4,30,high,clear,0,1,0,simulated
2026-01-13 17:00:00,P3,Market Road Parking,Street,12.9698,77.5962,80,43,37,0.5375,0.5,20,high,clear,0,1,0,simulated
2026-01-13 17:00:00,P4,Metro Station Parking,Transit,12.9784,77.5915,250,216,34,0.864,1.8,25,high,clear,0,1,0,simulated
2026-01-13 17:00:00,P5,College Campus Parking,Campus,12.9675,77.594,120,69,51,0.575,1.0,15,high,clear,0,1,0,simulated
2026-01-13 17:30:00,P1,Central Mall Parking,Mall,12.9719,77.5937,200,156,44,0.78,0.8,40,medium,clear,0,1,0,simulated
2026-01-13 17:30:00,P2,City Office Parking,Office,12.975,77.5945,150,117,33,0.78,1.4,30,medium,clear,0,1,0,simulated
2026-01-13 17:30:00,P3,Market Road Parking,Street,12.9698,77.5962,80,40,40,0.5,0.5,20,medium,clear,0,1,0,simulated
2026-01-13 17:30:00,P4,Metro Station Parking,Transit,12.9784,77.5915,250,225,25,0.9,1.8,25,medium,clear,0,1,0,simulated
2026-01-13 17:30:00,P5,College Campus Parking,Campus,12.9675,77.594,120,66,54,0.55,1.0,15,medium,clear,0,1,0,simulated
2026-01-13 18:00:00,P1,Central Mall Parking,Mall,12.9719,77.5937,200,156,44,0.78,0.8,40,medium,clear,0,1,0,simulated
2026-01-13 18:00:00,P2,City Office Parking,Office,12.975,77.5945,150,111,39,0.74,1.4,30,medium,clear,0,1,0,simulated
2026-01-13 18:00:00,P3,Market Road Parking,Street,12.9698,77.5962,80,44,36,0.55,0.5,20,medium,clear,0,1,0,simulated
2026-01-13 18:00:00,P4,Metro Station Parking,Transit,12.9784,77.5915,250,210,40,0.84,1.8,25,medium,clear,0,1,0,simulated
2026-01-13 18:00:00,P5,College Campus Parking,Campus,12.9675,77.594,120,65,55,0.5417,1.0,15,medium,clear,0,1,0,simulated
2026-01-13 18:30:00,P1,Central Mall Parking,Mall,12.9719,77.5937,200,159,41,0.795,0.8,40,medium,cloudy,0,1,0,simulated
2026-01-13 18:30:00,P2,City Office Parking,Office,12.975,77.5945,150,75,75,0.5,1.4,30,medium,cloudy,0,1,0,simulated
2026-01-13 18:30:00,P3,Market Road Parking,Street,12.9698,77.5962,80,40,40,0.5,0.5,20,medium,cloudy,0,1,0,simulated
2026-01-13 18:30:00,P4,Metro Station Parking,Transit,12.9784,77.5915,250,216,34,0.864,1.8,25,medium,cloudy,0,1,0,simulated
2026-01-13 18:30:00,P5,College Campus Parking,Campus,12.9675,77.594,120,35,85,0.2917,1.0,15,medium,cloudy,0,1,0,simulated
2026-01-13 19:00:00,P1,Central Mall Parking,Mall,12.9719,77.5937,200,144,56,0.72,0.8,40,medium,clear,0,1,0,simulated
2026-01-13 19:00:00,P2,City Office Parking,Office,12.975,77.5945,150,74,76,0.4933,1.4,30,medium,clear,0,1,0,simulated
2026-01-13 19:00:00,P3,Market Road Parking,Street,12.9698,77.5962,80,43,37,0.5375,0.5,20,medium,clear,0,1,0,simulated
2026-01-13 19:00:00,P4,Metro Station Parking,Transit,12.9784,77.5915,250,210,40,0.84,1.8,25,medium,clear,0,1,0,simulated
2026-01-13 19:00:00,P5,College Campus Parking,Campus,12.9675,77.594,120,30,90,0.25,1.0,15,medium,clear,0,1,0,simulated
2026-01-13 19:30:00,P1,Central Mall Parking,Mall,12.9719,77.5937,200,166,34,0.83,0.8,40,high,cloudy,0,1,0,simulated
2026-01-13 19:30:00,P2,City Office Parking,Office,12.975,77.5945,150,81,69,0.54,1.4,30,high,cloudy,0,1,0,simulated
2026-01-13 19:30:00,P3,Market Road Parking,Street,12.9698,77.5962,80,49,31,0.6125,0.5,20,high,cloudy,0,1,0,simulated
2026-01-13 19:30:00,P4,Metro Station Parking,Transit,12.9784,77.5915,250,227,23,0.908,1.8,25,high,cloudy,0,1,0,simulated
2026-01-13 19:30:00,P5,College Campus Parking,Campus,12.9675,77.594,120,36,84,0.3,1.0,15,high,cloudy,0,1,0,simulated
2026-01-13 20:00:00,P1,Central Mall Parking,Mall,12.9719,77.5937,200,147,53,0.735,0.8,40,high,clear,0,1,0,simulated
2026-01-13 20:00:00,P2,City Office Parking,Office,12.975,77.5945,150,70,80,0.4667,1.4,30,high,clear,0,1,0,simulated
2026-01-13 20:00:00,P3,Market Road Parking,Street,12.9698,77.5962,80,42,38,0.525,0.5,20,high,clear,0,1,0,simulated
2026-01-13 20:00:00,P4,Metro Station Parking,Transit,12.9784,77.5915,250,221,29,0.884,1.8,25,high,clear,0,1,0,simulated
2026-01-13 20:00:00,P5,College Campus Parking,Campus,12.9675,77.594,120,27,93,0.225,1.0,15,high,clear,0,1,0,simulated
2026-01-14 08:00:00,P1,Central Mall Parking,Mall,12.9719,77.5937,200,72,128,0.36,0.8,40,high,rain,0,1,0,simulated
2026-01-14 08:00:00,P2,City Office Parking,Office,12.975,77.5945,150,63,87,0.42,1.4,30,high,rain,0,1,0,simulated
2026-01-14 08:00:00,P3,Market Road Parking,Street,12.9698,77.5962,80,49,31,0.6125,0.5,20,high,rain,0,1,0,simulated
2026-01-14 08:00:00,P4,Metro Station Parking,Transit,12.9784,77.5915,250,213,37,0.852,1.8,25,high,rain,0,1,0,simulated
2026-01-14 08:00:00,P5,College Campus Parking,Campus,12.9675,77.594,120,55,65,0.4583,1.0,15,high,rain,0,1,0,simulated
2026-01-14 08:30:00,P1,Central Mall Parking,Mall,12.9719,77.5937,200,47,153,0.235,0.8,40,medium,rain,0,1,0,simulated
2026-01-14 08:30:00,P2,City Office Parking,Office,12.975,77.5945,150,70,80,0.4667,1.4,30,medium,rain,0,1,0,simulated
2026-01-14 08:30:00,P3,Market Road Parking,Street,12.9698,77.5962,80,44,36,0.55,0.5,20,medium,rain,0,1,0,simulated
2026-01-14 08:30:00,P4,Metro Station Parking,Transit,12.9784,77.5915,250,202,48,0.808,1.8,25,medium,rain,0,1,0,simulated
2026-01-14 08:30:00,P5,College Campus Parking,Campus,12.9675,77.594,120,41,79,0.3417,1.0,15,medium,rain,0,1,0,simulated
2026-01-14 09:00:00,P1,Central Mall Parking,Mall,12.9719,77.5937,200,45,155,0.225,0.8,40,medium,cloudy,0,1,0,simulated
2026-01-14 09:00:00,P2,City Office Parking,Office,12.975,77.5945,150,109,41,0.7267,1.4,30,medium,cloudy,0,1,0,simulated
2026-01-14 09:00:00,P3,Market Road Parking,Street,12.9698,77.5962,80,41,39,0.5125,0.5,20,medium,cloudy,0,1,0,simulated
2026-01-14 09:00:00,P4,Metro Station Parking,Transit,12.9784,77.5915,250,218,32,0.872,1.8,25,medium,cloudy,0,1,0,simulated
2026-01-14 09:00:00,P5,College Campus Parking,Campus,12.9675,77.594,120,89,31,0.7417,1.0,15,medium,cloudy,0,1,0,simulated
2026-01-14 09:30:00,P1,Central Mall Parking,Mall,12.9719,77.5937,200,59,141,0.295,0.8,40,medium,cloudy,0,1,0,simulated
2026-01-14 09:30:00,P2,City Office Parking,Office,12.975,77.5945,150,115,35,0.7667,1.4,30,medium,cloudy,0,1,0,simulated
2026-01-14 09:30:00,P3,Market Road Parking,Street,12.9698,77.5962,80,42,38,0.525,0.5,20,medium,cloudy,0,1,0,simulated
2026-01-14 09:30:00,P4,Metro Station Parking,Transit,12.9784,77.5915,250,208,42,0.832,1.8,25,medium,cloudy,0,1,0,simulated
2026-01-14 09:30:00,P5,College Campus Parking,Campus,12.9675,77.594,120,86,34,0.7167,1.0,15,medium,cloudy,0,1,0,simulated
2026-01-14 10:00:00,P1,Central Mall Parking,Mall,12.9719,77.5937,200,55,145,0.275,0.8,40,high,cloudy,0,1,0,simulated
2026-01-14 10:00:00,P2,City Office Parking,Office,12.975,77.5945,150,121,29,0.8067,1.4,30,high,cloudy,0,1,0,simulated
2026-01-14 10:00:00,P3,Market Road Parking,Street,12.9698,77.5962,80,47,33,0.5875,0.5,20,high,cloudy,0,1,0,simulated
2026-01-14 10:00:00,P4,Metro Station Parking,Transit,12.9784,77.5915,250,215,35,0.86,1.8,25,high,cloudy,0,1,0,simulated
2026-01-14 10:00:00,P5,College Campus Parking,Campus,12.9675,77.594,120,93,27,0.775,1.0,15,high,cloudy,0,1,0,simulated
2026-01-14 10:30:00,P1,Central Mall Parking,Mall,12.9719,77.5937,200,41,159,0.205,0.8,40,medium,clear,0,0,0,simulated
2026-01-14 10:30:00,P2,City Office Parking,Office,12.975,77.5945,150,111,39,0.74,1.4,30,medium,clear,0,0,0,simulated
2026-01-14 10:30:00,P3,Market Road Parking,Street,12.9698,77.5962,80,41,39,0.5125,0.5,20,medium,clear,0,0,0,simulated
2026-01-14 10:30:00,P4,Metro Station Parking,Transit,12.9784,77.5915,250,133,117,0.532,1.8,25,medium,clear,0,0,0,simulated
2026-01-14 10:30:00,P5,College Campus Parking,Campus,12.9675,77.594,120,95,25,0.7917,1.0,15,medium,clear,0,0,0,simulated
2026-01-14 11:00:00,P1,Central Mall Parking,Mall,12.9719,77.5937,200,135,65,0.675,0.8,40,medium,clear,0,0,0,simulated
2026-01-14 11:00:00,P2,City Office Parking,Office,12.975,77.5945,150,115,35,0.7667,1.4,30,medium,clear,0,0,0,simulated
2026-01-14 11:00:00,P3,Market Road Parking,Street,12.9698,77.5962,80,51,29,0.6375,0.5,20,medium,clear,0,0,0,simulated
2026-01-14 11:00:00,P4,Metro Station Parking,Transit,12.9784,77.5915,250,133,117,0.532,1.8,25,medium,clear,0,0,0,simulated
2026-01-14 11:00:00,P5,College Campus Parking,Campus,12.9675,77.594,120,95,25,0.7917,1.0,15,medium,clear,0,0,0,simulated
2026-01-14 11:30:00,P1,Central Mall Parking,Mall,12.9719,77.5937,200,116,84,0.58,0.8,40,low,clear,0,0,0,simulated
2026-01-14 11:30:00,P2,City Office Parking,Office,12.975,77.5945,150,131,19,0.8733,1.4,30,low,clear,0,0,0,simulated
2026-01-14 11:30:00,P3,Market Road Parking,Street,12.9698,77.5962,80,53,27,0.6625,0.5,20,low,clear,0,0,0,simulated
2026-01-14 11:30:00,P4,Metro Station Parking,Transit,12.9784,77.5915,250,144,106,0.576,1.8,25,low,clear,0,0,0,simulated
2026-01-14 11:30:00,P5,College Campus Parking,Campus,12.9675,77.594,120,92,28,0.7667,1.0,15,low,clear,0,0,0,simulated
2026-01-14 12:00:00,P1,Central Mall Parking,Mall,12.9719,77.5937,200,117,83,0.585,0.8,40,medium,clear,0,0,0,simulated
2026-01-14 12:00:00,P2,City Office Parking,Office,12.975,77.5945,150,131,19,0.8733,1.4,30,medium,clear,0,0,0,simulated
2026-01-14 12:00:00,P3,Market Road Parking,Street,12.9698,77.5962,80,48,32,0.6,0.5,20,medium,clear,0,0,0,simulated
2026-01-14 12:00:00,P4,Metro Station Parking,Transit,12.9784,77.5915,250,116,134,0.464,1.8,25,medium,clear,0,0,0,simulated
2026-01-14 12:00:00,P5,College Campus Parking,Campus,12.9675,77.594,120,94,26,0.7833,1.0,15,medium,clear,0,0,0,simulated
2026-01-14 12:30:00,P1,Central Mall Parking,Mall,12.9719,77.5937,200,127,73,0.635,0.8,40,low,clear,0,0,0,simulated
2026-01-14 12:30:00,P2,City Office Parking,Office,12.975,77.5945,150,126,24,0.84,1.4,30,low,clear,0,0,0,simulated
2026-01-14 12:30:00,P3,Market Road Parking,Street,12.9698,77.5962,80,52,28,0.65,0.5,20,low,clear,0,0,0,simulated
2026-01-14 12:30:00,P4,Metro Station Parking,Transit,12.9784,77.5915,250,143,107,0.572,1.8,25,low,clear,0,0,0,simulated
2026-01-14 12:30:00,P5,College Campus Parking,Campus,12.9675,77.594,120,105,15,0.875,1.0,15,low,clear,0,0,0,simulated
2026-01-14 13:00:00,P1,Central Mall Parking,Mall,12.9719,77.5937,200,116,84,0.58,0.8,40,medium,clear,0,0,0,simulated
2026-01-14 13:00:00,P2,City Office Parking,Office,12.975,77.5945,150,131,19,0.8733,1.4,30,medium,clear,0,0,0,simulated
2026-01-14 13:00:00,P3,Market Road Parking,Street,12.9698,77.5962,80,46,34,0.575,0.5,20,medium,clear,0,0,0,simulated
2026-01-14 13:00:00,P4,Metro Station Parking,Transit,12.9784,77.5915,250,117,133,0.468,1.8,25,medium,clear,0,0,0,simulated
2026-01-14 13:00:00,P5,College Campus Parking,Campus,12.9675,77.594,120,96,24,0.8,1.0,15,medium,clear,0,0,0,simulated
2026-01-14 13:30:00,P1,Central Mall Parking,Mall,12.9719,77.5937,200,125,75,0.625,0.8,40,medium,clear,0,0,0,simulated
2026-01-14 13:30:00,P2,City Office Parking,Office,12.975,77.5945,150,124,26,0.8267,1.4,30,medium,clear,0,0,0,simulated
2026-01-14 13:30:00,P3,Market Road Parking,Street,12.9698,77.5962,80,52,28,0.65,0.5,20,medium,clear,0,0,0,simulated
2026-01-14 13:30:00,P4,Metro Station Parking,Transit,12.9784,77.5915,250,138,112,0.552,1.8,25,medium,clear,0,0,0,simulated
2026-01-14 13:30:00,P5,College Campus Parking,Campus,12.9675,77.594,120,97,23,0.8083,1.0,15,medium,clear,0,0,0,simulated
2026-01-14 14:00:00,P1,Central Mall Parking,Mall,12.9719,77.5937,200,116,84,0.58,0.8,40,low,clear,0,0,0,simulated
2026-01-14 14:00:00,P2,City Office Parking,Office,12.975,77.5945,150,138,12,0.92,1.4,30,low,clear,0,0,0,simulated
2026-01-14 14:00:00,P3,Market Road Parking,Street,12.9698,77.5962,80,52,28,0.65,0.5,20,low,clear,0,0,0,simulated
2026-01-14 14:00:00,P4,Metro Station Parking,Transit,12.9784,77.5915,250,136,114,0.544,1.8,25,low,clear,0,0,0,simulated
2026-01-14 14:00:00,P5,College Campus Parking,Campus,12.9675,77.594,120,105,15,0.875,1.0,15,low,clear,0,0,0,simulated
2026-01-14 14:30:00,P1,Central Mall Parking,Mall,12.9719,77.5937,200,123,77,0.615,0.8,40,medium,clear,0,0,0,simulated
2026-01-14 14:30:00,P2,City Office Parking,Office,12.975,77.5945,150,129,21,0.86,1.4,30,medium,clear,0,0,0,simulated
2026-01-14 14:30:00,P3,Market Road Parking,Street,12.9698,77.5962,80,51,29,0.6375,0.5,20,medium,clear,0,0,0,simulated
2026-01-14 14:30:00,P4,Metro Station Parking,Transit,12.9784,77.5915,250,138,112,0.552,1.8,25,medium,clear,0,0,0,simulated
2026-01-14 14:30:00,P5,College Campus Parking,Campus,12.9675,77.594,120,102,18,0.85,1.0,15,medium,clear,0,0,0,simulated
2026-01-14 15:00:00,P1,Central Mall Parking,Mall,12.9719,77.5937,200,124,76,0.62,0.8,40,medium,clear,0,0,0,simulated
2026-01-14 15:00:00,P2,City Office Parking,Office,12.975,77.5945,150,130,20,0.8667,1.4,30,medium,clear,0,0,0,simulated
2026-01-14 15:00:00,P3,Market Road Parking,Street,12.9698,77.5962,80,50,30,0.625,0.5,20,medium,clear,0,0,0,simulated
2026-01-14 15:00:00,P4,Metro Station Parking,Transit,12.9784,77.5915,250,130,120,0.52,1.8,25,medium,clear,0,0,0,simulated
2026-01-14 15:00:00,P5,College Campus Parking,Campus,12.9675,77.594,120,103,17,0.8583,1.0,15,medium,clear,0,0,0,simulated
2026-01-14 15:30:00,P1,Central Mall Parking,Mall,12.9719,77.5937,200,146,54,0.73,0.8,40,medium,cloudy,0,0,0,simulated
2026-01-14 15:30:00,P2,City Office Parking,Office,12.975,77.5945,150,109,41,0.7267,1.4,30,medium,cloudy,0,0,0,simulated
2026-01-14 15:30:00,P3,Market Road Parking,Street,12.9698,77.5962,80,36,44,0.45,0.5,20,medium,cloudy,0,0,0,simulated
2026-01-14 15:30:00,P4,Metro Station Parking,Transit,12.9784,77.5915,250,126,124,0.504,1.8,25,medium,cloudy,0,0,0,simulated
2026-01-14 15:30:00,P5,College Campus Parking,Campus,12.9675,77.594,120,95,25,0.7917,1.0,15,medium,cloudy,0,0,0,simulated
2026-01-14 16:00:00,P1,Central Mall Parking,Mall,12.9719,77.5937,200,158,42,0.79,0.8,40,medium,clear,0,0,0,simulated
2026-01-14 16:00:00,P2,City Office Parking,Office,12.975,77.5945,150,113,37,0.7533,1.4,30,medium,clear,0,0,0,simulated
2026-01-14 16:00:00,P3,Market Road Parking,Street,12.9698,77.5962,80,42,38,0.525,0.5,20,medium,clear,0,0,0,simulated
2026-01-14 16:00:00,P4,Metro Station Parking,Transit,12.9784,77.5915,250,120,130,0.48,1.8,25,medium,clear,0,0,0,simulated
2026-01-14 16:00:00,P5,College Campus Parking,Campus,12.9675,77.594,120,102,18,0.85,1.0,15,medium,clear,0,0,0,simulated
2026-01-14 16:30:00,P1,Central Mall Parking,Mall,12.9719,77.5937,200,153,47,0.765,0.8,40,medium,clear,0,0,0,simulated
2026-01-14 16:30:00,P2,City Office Parking,Office,12.975,77.5945,150,119,31,0.7933,1.4,30,medium,clear,0,0,0,simulated
2026-01-14 16:30:00,P3,Market Road Parking,Street,12.9698,77.5962,80,41,39,0.5125,0.5,20,medium,clear,0,0,0,simulated
2026-01-14 16:30:00,P4,Metro Station Parking,Transit,12.9784,77.5915,250,129,121,0.516,1.8,25,medium,clear,0,0,0,simulated
2026-01-14 16:30:00,P5,College Campus Parking,Campus,12.9675,77.594,120,56,64,0.4667,1.0,15,medium,clear,0,0,0,simulated
2026-01-14 17:00:00,P1,Central Mall Parking,Mall,12.9719,77.5937,200,157,43,0.785,0.8,40,medium,clear,0,1,0,simulated
2026-01-14 17:00:00,P2,City Office Parking,Office,12.975,77.5945,150,110,40,0.7333,1.4,30,medium,clear,0,1,0,simulated
2026-01-14 17:00:00,P3,Market Road Parking,Street,12.9698,77.5962,80,40,40,0.5,0.5,20,medium,clear,0,1,0,simulated
2026-01-14 17:00:00,P4,Metro Station Parking,Transit,12.9784,77.5915,250,206,44,0.824,1.8,25,medium,clear,0,1,0,simulated
2026-01-14 17:00:00,P5,College Campus Parking,Campus,12.9675,77.594,120,55,65,0.4583,1.0,15,medium,clear,0,1,0,simulated
2026-01-14 17:30:00,P1,Central Mall Parking,Mall,12.9719,77.5937,200,147,53,0.735,0.8,40,high,cloudy,0,1,0,simulated
2026-01-14 17:30:00,P2,City Office Parking,Office,12.975,77.5945,150,123,27,0.82,1.4,30,high,cloudy,0,1,0,simulated
2026-01-14 17:30:00,P3,Market Road Parking,Street,12.9698,77.5962,80,49,31,0.6125,0.5,20,high,cloudy,0,1,0,simulated
2026-01-14 17:30:00,P4,Metro Station Parking,Transit,12.9784,77.5915,250,221,29,0.884,1.8,25,high,cloudy,0,1,0,simulated
2026-01-14 17:30:00,P5,College Campus Parking,Campus,12.9675,77.594,120,63,57,0.525,1.0,15,high,cloudy,0,1,0,simulated
2026-01-14 18:00:00,P1,Central Mall Parking,Mall,12.9719,77.5937,200,147,53,0.735,0.8,40,high,clear,0,1,0,simulated
2026-01-14 18:00:00,P2,City Office Parking,Office,12.975,77.5945,150,130,20,0.8667,1.4,30,high,clear,0,1,0,simulated
2026-01-14 18:00:00,P3,Market Road Parking,Street,12.9698,77.5962,80,50,30,0.625,0.5,20,high,clear,0,1,0,simulated
2026-01-14 18:00:00,P4,Metro Station Parking,Transit,12.9784,77.5915,250,238,12,0.952,1.8,25,high,clear,0,1,0,simulated
2026-01-14 18:00:00,P5,College Campus Parking,Campus,12.9675,77.594,120,58,62,0.4833,1.0,15,high,clear,0,1,0,simulated
2026-01-14 18:30:00,P1,Central Mall Parking,Mall,12.9719,77.5937,200,149,51,0.745,0.8,40,medium,cloudy,0,1,0,simulated
2026-01-14 18:30:00,P2,City Office Parking,Office,12.975,77.5945,150,79,71,0.5267,1.4,30,medium,cloudy,0,1,0,simulated
2026-01-14 18:30:00,P3,Market Road Parking,Street,12.9698,77.5962,80,45,35,0.5625,0.5,20,medium,cloudy,0,1,0,simulated
2026-01-14 18:30:00,P4,Metro Station Parking,Transit,12.9784,77.5915,250,227,23,0.908,1.8,25,medium,cloudy,0,1,0,simulated
2026-01-14 18:30:00,P5,College Campus Parking,Campus,12.9675,77.594,120,25,95,0.2083,1.0,15,medium,cloudy,0,1,0,simulated
2026-01-14 19:00:00,P1,Central Mall Parking,Mall,12.9719,77.5937,200,169,31,0.845,0.8,40,high,clear,0,1,0,simulated
2026-01-14 19:00:00,P2,City Office Parking,Office,12.975,77.5945,150,83,67,0.5533,1.4,30,high,clear,0,1,0,simulated
2026-01-14 19:00:00,P3,Market Road Parking,Street,12.9698,77.5962,80,42,38,0.525,0.5,20,high,clear,0,1,0,simulated
2026-01-14 19:00:00,P4,Metro Station Parking,Transit,12.9784,77.5915,250,219,31,0.876,1.8,25,high,clear,0,1,0,simulated
2026-01-14 19:00:00,P5,College Campus Parking,Campus,12.9675,77.594,120,40,80,0.3333,1.0,15,high,clear,0,1,0,simulated
2026-01-14 19:30:00,P1,Central Mall Parking,Mall,12.9719,77.5937,200,164,36,0.82,0.8,40,high,clear,0,1,0,simulated
2026-01-14 19:30:00,P2,City Office Parking,Office,12.975,77.5945,150,76,74,0.5067,1.4,30,high,clear,0,1,0,simulated
2026-01-14 19:30:00,P3,Market Road Parking,Street,12.9698,77.5962,80,48,32,0.6,0.5,20,high,clear,0,1,0,simulated
2026-01-14 19:30:00,P4,Metro Station Parking,Transit,12.9784,77.5915,250,231,19,0.924,1.8,25,high,clear,0,1,0,simulated
2026-01-14 19:30:00,P5,College Campus Parking,Campus,12.9675,77.594,120,35,85,0.2917,1.0,15,high,clear,0,1,0,simulated
2026-01-14 20:00:00,P1,Central Mall Parking,Mall,12.9719,77.5937,200,156,44,0.78,0.8,40,medium,clear,0,1,0,simulated
2026-01-14 20:00:00,P2,City Office Parking,Office,12.975,77.5945,150,79,71,0.5267,1.4,30,medium,clear,0,1,0,simulated
2026-01-14 20:00:00,P3,Market Road Parking,Street,12.9698,77.5962,80,42,38,0.525,0.5,20,medium,clear,0,1,0,simulated
2026-01-14 20:00:00,P4,Metro Station Parking,Transit,12.9784,77.5915,250,204,46,0.816,1.8,25,medium,clear,0,1,0,simulated
2026-01-14 20:00:00,P5,College Campus Parking,Campus,12.9675,77.594,120,24,96,0.2,1.0,15,medium,clear,0,1,0,simulated
2026-01-15 08:00:00,P1,Central Mall Parking,Mall,12.9719,77.5937,200,64,136,0.32,0.8,40,high,clear,0,1,0,simulated
2026-01-15 08:00:00,P2,City Office Parking,Office,12.975,77.5945,150,70,80,0.4667,1.4,30,high,clear,0,1,0,simulated
2026-01-15 08:00:00,P3,Market Road Parking,Street,12.9698,77.5962,80,43,37,0.5375,0.5,20,high,clear,0,1,0,simulated
2026-01-15 08:00:00,P4,Metro Station Parking,Transit,12.9784,77.5915,250,216,34,0.864,1.8,25,high,clear,0,1,0,simulated
2026-01-15 08:00:00,P5,College Campus Parking,Campus,12.9675,77.594,120,44,76,0.3667,1.0,15,high,clear,0,1,0,simulated
2026-01-15 08:30:00,P1,Central Mall Parking,Mall,12.9719,77.5937,200,55,145,0.275,0.8,40,high,clear,0,1,0,simulated
2026-01-15 08:30:00,P2,City Office Parking,Office,12.975,77.5945,150,71,79,0.4733,1.4,30,high,clear,0,1,0,simulated
2026-01-15 08:30:00,P3,Market Road Parking,Street,12.9698,77.5962,80,48,32,0.6,0.5,20,high,clear,0,1,0,simulated
2026-01-15 08:30:00,P4,Metro Station Parking,Transit,12.9784,77.5915,250,210,40,0.84,1.8,25,high,clear,0,1,0,simulated
2026-01-15 08:30:00,P5,College Campus Parking,Campus,12.9675,77.594,120,40,80,0.3333,1.0,15,high,clear,0,1,0,simulated
2026-01-15 09:00:00,P1,Central Mall Parking,Mall,12.9719,77.5937,200,48,152,0.24,0.8,40,high,clear,0,1,0,simulated
2026-01-15 09:00:00,P2,City Office Parking,Office,12.975,77.5945,150,116,34,0.7733,1.4,30,high,clear,0,1,0,simulated
2026-01-15 09:00:00,P3,Market Road Parking,Street,12.9698,77.5962,80,47,33,0.5875,0.5,20,high,clear,0,1,0,simulated
2026-01-15 09:00:00,P4,Metro Station Parking,Transit,12.9784,77.5915,250,224,26,0.896,1.8,25,high,clear,0,1,0,simulated
2026-01-15 09:00:00,P5,College Campus Parking,Campus,12.9675,77.594,120,96,24,0.8,1.0,15,high,clear,0,1,0,simulated
2026-01-15 09:30:00,P1,Central Mall Parking,Mall,12.9719,77.5937,200,60,140,0.3,0.8,40,high,clear,0,1,0,simulated
2026-01-15 09:30:00,P2,City Office Parking,Office,12.975,77.5945,150,118,32,0.7867,1.4,30,high,clear,0,1,0,simulated
2026-01-15 09:30:00,P3,Market Road Parking,Street,12.9698,77.5962,80,45,35,0.5625,0.5,20,high,clear,0,1,0,simulated
2026-01-15 09:30:00,P4,Metro Station Parking,Transit,12.9784,77.5915,250,225,25,0.9,1.8,25,high,clear,0,1,0,simulated
2026-01-15 09:30:00,P5,College Campus Parking,Campus,12.9675,77.594,120,91,29,0.7583,1.0,15,high,clear,0,1,0,simulated
2026-01-15 10:00:00,P1,Central Mall Parking,Mall,12.9719,77.5937,200,52,148,0.26,0.8,40,medium,clear,0,1,0,simulated
2026-01-15 10:00:00,P2,City Office Parking,Office,12.975,77.5945,150,115,35,0.7667,1.4,30,medium,clear,0,1,0,simulated
2026-01-15 10:00:00,P3,Market Road Parking,Street,12.9698,77.5962,80,46,34,0.575,0.5,20,medium,clear,0,1,0,simulated
2026-01-15 10:00:00,P4,Metro Station Parking,Transit,12.9784,77.5915,250,219,31,0.876,1.8,25,medium,clear,0,1,0,simulated
2026-01-15 10:00:00,P5,College Campus Parking,Campus,12.9675,77.594,120,89,31,0.7417,1.0,15,medium,clear,0,1,0,simulated
2026-01-15 10:30:00,P1,Central Mall Parking,Mall,12.9719,77.5937,200,53,147,0.265,0.8,40,low,clear,0,0,0,simulated
2026-01-15 10:30:00,P2,City Office Parking,Office,12.975,77.5945,150,112,38,0.7467,1.4,30,low,clear,0,0,0,simulated
2026-01-15 10:30:00,P3,Market Road Parking,Street,12.9698,77.5962,80,42,38,0.525,0.5,20,low,clear,0,0,0,simulated
2026-01-15 10:30:00,P4,Metro Station Parking,Transit,12.9784,77.5915,250,125,125,0.5,1.8,25,low,clear,0,0,0,simulated
2026-01-15 10:30:00,P5,College Campus Parking,Campus,12.9675,77.594,120,91,29,0.7583,1.0,15,low,clear,0,0,0,simulated
2026-01-15 11:00:00,P1,Central Mall Parking,Mall,12.9719,77.5937,200,130,70,0.65,0.8,40,medium,cloudy,0,0,0,simulated
2026-01-15 11:00:00,P2,City Office Parking,Office,12.975,77.5945,150,115,35,0.7667,1.4,30,medium,cloudy,0,0,0,simulated
2026-01-15 11:00:00,P3,Market Road Parking,Street,12.9698,77.5962,80,48,32,0.6,0.5,20,medium,cloudy,0,0,0,simulated
2026-01-15 11:00:00,P4,Metro Station Parking,Transit,12.9784,77.5915,250,128,122,0.512,1.8,25,medium,cloudy,0,0,0,simulated
2026-01-15 11:00:00,P5,College Campus Parking,Campus,12.9675,77.594,120,88,32,0.7333,1.0,15,medium,cloudy,0,0,0,simulated
2026-01-15 11:30:00,P1,Central Mall Parking,Mall,12.9719,77.5937,200,120,80,0.6,0.8,40,low,clear,0,0,0,simulated
2026-01-15 11:30:00,P2,City Office Parking,Office,12.975,77.5945,150,132,18,0.88,1.4,30,low,clear,0,0,0,simulated
2026-01-15 11:30:00,P3,Market Road Parking,Street,12.9698,77.5962,80,49,31,0.6125,0.5,20,low,clear,0,0,0,simulated
2026-01-15 11:30:00,P4,Metro Station Parking,Transit,12.9784,77.5915,250,122,128,0.488,1.8,25,low,clear,0,0,0,simulated
2026-01-15 11:30:00,P5,College Campus Parking,Campus,12.9675,77.594,120,96,24,0.8,1.0,15,low,clear,0,0,0,simulated
2026-01-15 12:00:00,P1,Central Mall Parking,Mall,12.9719,77.5937,200,127,73,0.635,0.8,40,medium,clear,0,0,0,simulated
2026-01-15 12:00:00,P2,City Office Parking,Office,12.975,77.5945,150,126,24,0.84,1.4,30,medium,clear,0,0,0,simulated
2026-01-15 12:00:00,P3,Market Road Parking,Street,12.9698,77.5962,80,54,26,0.675,0.5,20,medium,clear,0,0,0,simulated
2026-01-15 12:00:00,P4,Metro Station Parking,Transit,12.9784,77.5915,250,137,113,0.548,1.8,25,medium,clear,0,0,0,simulated
2026-01-15 12:00:00,P5,College Campus Parking,Campus,12.9675,77.594,120,96,24,0.8,1.0,15,medium,clear,0,0,0,simulated
2026-01-15 12:30:00,P1,Central Mall Parking,Mall,12.9719,77.5937,200,123,77,0.615,0.8,40,medium,clear,0,0,0,simulated
2026-01-15 12:30:00,P2,City Office Parking,Office,12.975,77.5945,150,134,16,0.8933,1.4,30,medium,clear,0,0,0,simulated
2026-01-15 12:30:00,P3,Market Road Parking,Street,12.9698,77.5962,80,47,33,0.5875,0.5,20,medium,clear,0,0,0,simulated
2026-01-15 12:30:00,P4,Metro Station Parking,Transit,12.9784,77.5915,250,124,126,0.496,1.8,25,medium,clear,0,0,0,simulated
2026-01-15 12:30:00,P5,College Campus Parking,Campus,12.9675,77.594,120,104,16,0.8667,1.0,15,medium,clear,0,0,0,simulated
2026-01-15 13:00:00,P1,Central Mall Parking,Mall,12.9719,77.5937,200,123,77,0.615,0.8,40,medium,cloudy,0,0,0,simulated
2026-01-15 13:00:00,P2,City Office Parking,Office,12.975,77.5945,150,139,11,0.9267,1.4,30,medium,cloudy,0,0,0,simulated
2026-01-15 13:00:00,P3,Market Road Parking,Street,12.9698,77.5962,80,46,34,0.575,0.5,20,medium,cloudy,0,0,0,simulated
2026-01-15 13:00:00,P4,Metro Station Parking,Transit,12.9784,77.5915,250,124,126,0.496,1.8,25,medium,cloudy,0,0,0,simulated
2026-01-15 13:00:00,P5,College Campus Parking,Campus,12.9675,77.594,120,97,23,0.8083,1.0,15,medium,cloudy,0,0,0,simulated
2026-01-15 13:30:00,P1,Central Mall Parking,Mall,12.9719,77.5937,200,133,67,0.665,0.8,40,low,clear,0,0,0,simulated
2026-01-15 13:30:00,P2,City Office Parking,Office,12.975,77.5945,150,139,11,0.9267,1.4,30,low,clear,0,0,0,simulated
2026-01-15 13:30:00,P3,Market Road Parking,Street,12.9698,77.5962,80,50,30,0.625,0.5,20,low,clear,0,0,0,simulated
2026-01-15 13:30:00,P4,Metro Station Parking,Transit,12.9784,77.5915,250,138,112,0.552,1.8,25,low,clear,0,0,0,simulated
2026-01-15 13:30:00,P5,College Campus Parking,Campus,12.9675,77.594,120,100,20,0.8333,1.0,15,low,clear,0,0,0,simulated
2026-01-15 14:00:00,P1,Central Mall Parking,Mall,12.9719,77.5937,200,134,66,0.67,0.8,40,medium,rain,0,0,0,simulated
2026-01-15 14:00:00,P2,City Office Parking,Office,12.975,77.5945,150,138,12,0.92,1.4,30,medium,rain,0,0,0,simulated
2026-01-15 14:00:00,P3,Market Road Parking,Street,12.9698,77.5962,80,51,29,0.6375,0.5,20,medium,rain,0,0,0,simulated
2026-01-15 14:00:00,P4,Metro Station Parking,Transit,12.9784,77.5915,250,148,102,0.592,1.8,25,medium,rain,0,0,0,simulated
2026-01-15 14:00:00,P5,College Campus Parking,Campus,12.9675,77.594,120,105,15,0.875,1.0,15,medium,rain,0,0,0,simulated
2026-01-15 14:30:00,P1,Central Mall Parking,Mall,12.9719,77.5937,200,132,68,0.66,0.8,40,medium,cloudy,0,0,0,simulated
2026-01-15 14:30:00,P2,City Office Parking,Office,12.975,77.5945,150,128,22,0.8533,1.4,30,medium,cloudy,0,0,0,simulated
2026-01-15 14:30:00,P3,Market Road Parking,Street,12.9698,77.5962,80,51,29,0.6375,0.5,20,medium,cloudy,0,0,0,simulated
2026-01-15 14:30:00,P4,Metro Station Parking,Transit,12.9784,77.5915,250,131,119,0.524,1.8,25,medium,cloudy,0,0,0,simulated
2026-01-15 14:30:00,P5,College Campus Parking,Campus,12.9675,77.594,120,104,16,0.8667,1.0,15,medium,cloudy,0,0,0,simulated
2026-01-15 15:00:00,P1,Central Mall Parking,Mall,12.9719,77.5937,200,130,70,0.65,0.8,40,low,cloudy,0,0,0,simulated
2026-01-15 15:00:00,P2,City Office Parking,Office,12.975,77.5945,150,135,15,0.9,1.4,30,low,cloudy,0,0,0,simulated
2026-01-15 15:00:00,P3,Market Road Parking,Street,12.9698,77.5962,80,53,27,0.6625,0.5,20,low,cloudy,0,0,0,simulated
2026-01-15 15:00:00,P4,Metro Station Parking,Transit,12.9784,77.5915,250,133,117,0.532,1.8,25,low,cloudy,0,0,0,simulated
2026-01-15 15:00:00,P5,College Campus Parking,Campus,12.9675,77.594,120,97,23,0.8083,1.0,15,low,cloudy,0,0,0,simulated
2026-01-15 15:30:00,P1,Central Mall Parking,Mall,12.9719,77.5937,200,160,40,0.8,0.8,40,medium,clear,0,0,0,simulated
2026-01-15 15:30:00,P2,City Office Parking,Office,12.975,77.5945,150,121,29,0.8067,1.4,30,medium,clear,0,0,0,simulated
2026-01-15 15:30:00,P3,Market Road Parking,Street,12.9698,77.5962,80,43,37,0.5375,0.5,20,medium,clear,0,0,0,simulated
2026-01-15 15:30:00,P4,Metro Station Parking,Transit,12.9784,77.5915,250,122,128,0.488,1.8,25,medium,clear,0,0,0,simulated
2026-01-15 15:30:00,P5,College Campus Parking,Campus,12.9675,77.594,120,102,18,0.85,1.0,15,medium,clear,0,0,0,simulated
2026-01-15 16:00:00,P1,Central Mall Parking,Mall,12.9719,77.5937,200,158,42,0.79,0.8,40,low,clear,0,0,0,simulated
2026-01-15 16:00:00,P2,City Office Parking,Office,12.975,77.5945,150,109,41,0.7267,1.4,30,low,clear,0,0,0,simulated
2026-01-15 16:00:00,P3,Market Road Parking,Street,12.9698,77.5962,80,40,40,0.5,0.5,20,low,clear,0,0,0,simulated
2026-01-15 16:00:00,P4,Metro Station Parking,Transit,12.9784,77.5915,250,126,124,0.504,1.8,25,low,clear,0,0,0,simulated
2026-01-15 16:00:00,P5,College Campus Parking,Campus,12.9675,77.594,120,101,19,0.8417,1.0,15,low,clear,0,0,0,simulated
2026-01-15 16:30:00,P1,Central Mall Parking,Mall,12.9719,77.5937,200,149,51,0.745,0.8,40,medium,cloudy,0,0,0,simulated
2026-01-15 16:30:00,P2,City Office Parking,Office,12.975,77.5945,150,114,36,0.76,1.4,30,medium,cloudy,0,0,0,simulated
2026-01-15 16:30:00,P3,Market Road Parking,Street,12.9698,77.5962,80,38,42,0.475,0.5,20,medium,cloudy,0,0,0,simulated
2026-01-15 16:30:00,P4,Metro Station Parking,Transit,12.9784,77.5915,250,128,122,0.512,1.8,25,medium,cloudy,0,0,0,simulated
2026-01-15 16:30:00,P5,College Campus Parking,Campus,12.9675,77.594,120,64,56,0.5333,1.0,15,medium,cloudy,0,0,0,simulated
2026-01-15 17:00:00,P1,Central Mall Parking,Mall,12.9719,77.5937,200,149,51,0.745,0.8,40,high,clear,0,1,0,simulated
2026-01-15 17:00:00,P2,City Office Parking,Office,12.975,77.5945,150,116,34,0.7733,1.4,30,high,clear,0,1,0,simulated
2026-01-15 17:00:00,P3,Market Road Parking,Street,12.9698,77.5962,80,44,36,0.55,0.5,20,high,clear,0,1,0,simulated
2026-01-15 17:00:00,P4,Metro Station Parking,Transit,12.9784,77.5915,250,227,23,0.908,1.8,25,high,clear,0,1,0,simulated
2026-01-15 17:00:00,P5,College Campus Parking,Campus,12.9675,77.594,120,70,50,0.5833,1.0,15,high,clear,0,1,0,simulated
2026-01-15 17:30:00,P1,Central Mall Parking,Mall,12.9719,77.5937,200,151,49,0.755,0.8,40,medium,cloudy,0,1,0,simulated
2026-01-15 17:30:00,P2,City Office Parking,Office,12.975,77.5945,150,116,34,0.7733,1.4,30,medium,cloudy,0,1,0,simulated
2026-01-15 17:30:00,P3,Market Road Parking,Street,12.9698,77.5962,80,42,38,0.525,0.5,20,medium,cloudy,0,1,0,simulated
2026-01-15 17:30:00,P4,Metro Station Parking,Transit,12.9784,77.5915,250,225,25,0.9,1.8,25,medium,cloudy,0,1,0,simulated
2026-01-15 17:30:00,P5,College Campus Parking,Campus,12.9675,77.594,120,58,62,0.4833,1.0,15,medium,cloudy,0,1,0,simulated
2026-01-15 18:00:00,P1,Central Mall Parking,Mall,12.9719,77.5937,200,164,36,0.82,0.8,40,high,cloudy,0,1,0,simulated
2026-01-15 18:00:00,P2,City Office Parking,Office,12.975,77.5945,150,125,25,0.8333,1.4,30,high,cloudy,0,1,0,simulated
2026-01-15 18:00:00,P3,Market Road Parking,Street,12.9698,77.5962,80,49,31,0.6125,0.5,20,high,cloudy,0,1,0,simulated
2026-01-15 18:00:00,P4,Metro Station Parking,Transit,12.9784,77.5915,250,238,12,0.952,1.8,25,high,cloudy,0,1,0,simulated
2026-01-15 18:00:00,P5,College Campus Parking,Campus,12.9675,77.594,120,68,52,0.5667,1.0,15,high,cloudy,0,1,0,simulated
2026-01-15 18:30:00,P1,Central Mall Parking,Mall,12.9719,77.5937,200,156,44,0.78,0.8,40,medium,clear,0,1,0,simulated
2026-01-15 18:30:00,P2,City Office Parking,Office,12.975,77.5945,150,76,74,0.5067,1.4,30,medium,clear,0,1,0,simulated
2026-01-15 18:30:00,P3,Market Road Parking,Street,12.9698,77.5962,80,40,40,0.5,0.5,20,medium,clear,0,1,0,simulated
2026-01-15 18:30:00,P4,Metro Station Parking,Transit,12.9784,77.5915,250,211,39,0.844,1.8,25,medium,clear,0,1,0,simulated
2026-01-15 18:30:00,P5,College Campus Parking,Campus,12.9675,77.594,120,25,95,0.2083,1.0,15,medium,clear,0,1,0,simulated
2026-01-15 19:00:00,P1,Central Mall Parking,Mall,12.9719,77.5937,200,164,36,0.82,0.8,40,high,clear,0,1,0,simulated
2026-01-15 19:00:00,P2,City Office Parking,Office,12.975,77.5945,150,70,80,0.4667,1.4,30,high,clear,0,1,0,simulated
2026-01-15 19:00:00,P3,Market Road Parking,Street,12.9698,77.5962,80,47,33,0.5875,0.5,20,high,clear,0,1,0,simulated
2026-01-15 19:00:00,P4,Metro Station Parking,Transit,12.9784,77.5915,250,217,33,0.868,1.8,25,high,clear,0,1,0,simulated
2026-01-15 19:00:00,P5,College Campus Parking,Campus,12.9675,77.594,120,32,88,0.2667,1.0,15,high,clear,0,1,0,simulated
2026-01-15 19:30:00,P1,Central Mall Parking,Mall,12.9719,77.5937,200,151,49,0.755,0.8,40,high,clear,0,1,0,simulated
2026-01-15 19:30:00,P2,City Office Parking,Office,12.975,77.5945,150,70,80,0.4667,1.4,30,high,clear,0,1,0,simulated
2026-01-15 19:30:00,P3,Market Road Parking,Street,12.9698,77.5962,80,49,31,0.6125,0.5,20,high,clear,0,1,0,simulated
2026-01-15 19:30:00,P4,Metro Station Parking,Transit,12.9784,77.5915,250,224,26,0.896,1.8,25,high,clear,0,1,0,simulated
2026-01-15 19:30:00,P5,College Campus Parking,Campus,12.9675,77.594,120,34,86,0.2833,1.0,15,high,clear,0,1,0,simulated
2026-01-15 20:00:00,P1,Central Mall Parking,Mall,12.9719,77.5937,200,151,49,0.755,0.8,40,medium,clear,0,1,0,simulated
2026-01-15 20:00:00,P2,City Office Parking,Office,12.975,77.5945,150,76,74,0.5067,1.4,30,medium,clear,0,1,0,simulated
2026-01-15 20:00:00,P3,Market Road Parking,Street,12.9698,77.5962,80,40,40,0.5,0.5,20,medium,clear,0,1,0,simulated
2026-01-15 20:00:00,P4,Metro Station Parking,Transit,12.9784,77.5915,250,214,36,0.856,1.8,25,medium,clear,0,1,0,simulated
2026-01-15 20:00:00,P5,College Campus Parking,Campus,12.9675,77.594,120,29,91,0.2417,1.0,15,medium,clear,0,1,0,simulated
2026-01-16 08:00:00,P1,Central Mall Parking,Mall,12.9719,77.5937,200,57,143,0.285,0.8,40,high,cloudy,0,1,0,simulated
2026-01-16 08:00:00,P2,City Office Parking,Office,12.975,77.5945,150,72,78,0.48,1.4,30,high,cloudy,0,1,0,simulated
2026-01-16 08:00:00,P3,Market Road Parking,Street,12.9698,77.5962,80,44,36,0.55,0.5,20,high,cloudy,0,1,0,simulated
2026-01-16 08:00:00,P4,Metro Station Parking,Transit,12.9784,77.5915,250,221,29,0.884,1.8,25,high,cloudy,0,1,0,simulated
2026-01-16 08:00:00,P5,College Campus Parking,Campus,12.9675,77.594,120,39,81,0.325,1.0,15,high,cloudy,0,1,0,simulated
2026-01-16 08:30:00,P1,Central Mall Parking,Mall,12.9719,77.5937,200,56,144,0.28,0.8,40,high,cloudy,0,1,0,simulated
2026-01-16 08:30:00,P2,City Office Parking,Office,12.975,77.5945,150,68,82,0.4533,1.4,30,high,cloudy,0,1,0,simulated
2026-01-16 08:30:00,P3,Market Road Parking,Street,12.9698,77.5962,80,49,31,0.6125,0.5,20,high,cloudy,0,1,0,simulated
2026-01-16 08:30:00,P4,Metro Station Parking,Transit,12.9784,77.5915,250,216,34,0.864,1.8,25,high,cloudy,0,1,0,simulated
2026-01-16 08:30:00,P5,College Campus Parking,Campus,12.9675,77.594,120,45,75,0.375,1.0,15,high,cloudy,0,1,0,simulated
2026-01-16 09:00:00,P1,Central Mall Parking,Mall,12.9719,77.5937,200,61,139,0.305,0.8,40,high,clear,0,1,0,simulated
2026-01-16 09:00:00,P2,City Office Parking,Office,12.975,77.5945,150,124,26,0.8267,1.4,30,high,clear,0,1,0,simulated
2026-01-16 09:00:00,P3,Market Road Parking,Street,12.9698,77.5962,80,45,35,0.5625,0.5,20,high,clear,0,1,0,simulated
2026-01-16 09:00:00,P4,Metro Station Parking,Transit,12.9784,77.5915,250,208,42,0.832,1.8,25,high,clear,0,1,0,simulated
2026-01-16 09:00:00,P5,College Campus Parking,Campus,12.9675,77.594,120,98,22,0.8167,1.0,15,high,clear,0,1,0,simulated
2026-01-16 09:30:00,P1,Central Mall Parking,Mall,12.9719,77.5937,200,45,155,0.225,0.8,40,medium,cloudy,0,1,0,simulated
2026-01-16 09:30:00,P2,City Office Parking,Office,12.975,77.5945,150,111,39,0.74,1.4,30,medium,cloudy,0,1,0,simulated
2026-01-16 09:30:00,P3,Market Road Parking,Street,12.9698,77.5962,80,43,37,0.5375,0.5,20,medium,cloudy,0,1,0,simulated
2026-01-16 09:30:00,P4,Metro Station Parking,Transit,12.9784,77.5915,250,218,32,0.872,1.8,25,medium,cloudy,0,1,0,simulated
2026-01-16 09:30:00,P5,College Campus Parking,Campus,12.9675,77.594,120,96,24,0.8,1.0,15,medium,cloudy,0,1,0,simulated
2026-01-16 10:00:00,P1,Central Mall Parking,Mall,12.9719,77.5937,200,51,149,0.255,0.8,40,high,cloudy,0,1,0,simulated
2026-01-16 10:00:00,P2,City Office Parking,Office,12.975,77.5945,150,123,27,0.82,1.4,30,high,cloudy,0,1,0,simulated
2026-01-16 10:00:00,P3,Market Road Parking,Street,12.9698,77.5962,80,46,34,0.575,0.5,20,high,cloudy,0,1,0,simulated
2026-01-16 10:00:00,P4,Metro Station Parking,Transit,12.9784,77.5915,250,210,40,0.84,1.8,25,high,cloudy,0,1,0,simulated
2026-01-16 10:00:00,P5,College Campus Parking,Campus,12.9675,77.594,120,100,20,0.8333,1.0,15,high,cloudy,0,1,0,simulated
2026-01-16 10:30:00,P1,Central Mall Parking,Mall,12.9719,77.5937,200,48,152,0.24,0.8,40,medium,clear,0,0,0,simulated
2026-01-16 10:30:00,P2,City Office Parking,Office,12.975,77.5945,150,110,40,0.7333,1.4,30,medium,clear,0,0,0,simulated
2026-01-16 10:30:00,P3,Market Road Parking,Street,12.9698,77.5962,80,37,43,0.4625,0.5,20,medium,clear,0,0,0,simulated
2026-01-16 10:30:00,P4,Metro Station Parking,Transit,12.9784,77.5915,250,134,116,0.536,1.8,25,medium,clear,0,0,0,simulated
2026-01-16 10:30:00,P5,College Campus Parking,Campus,12.9675,77.594,120,86,34,0.7167,1.0,15,medium,clear,0,0,0,simulated
2026-01-16 11:00:00,P1,Central Mall Parking,Mall,12.9719,77.5937,200,123,77,0.615,0.8,40,medium,cloudy,0,0,0,simulated
2026-01-16 11:00:00,P2,City Office Parking,Office,12.975,77.5945,150,110,40,0.7333,1.4,30,medium,cloudy,0,0,0,simulated
2026-01-16 11:00:00,P3,Market Road Parking,Street,12.9698,77.5962,80,46,34,0.575,0.5,20,medium,cloudy,0,0,0,simulated
2026-01-16 11:00:00,P4,Metro Station Parking,Transit,12.9784,77.5915,250,129,121,0.516,1.8,25,medium,cloudy,0,0,0,simulated
2026-01-16 11:00:00,P5,College Campus Parking,Campus,12.9675,77.594,120,88,32,0.7333,1.0,15,medium,cloudy,0,0,0,simulated
2026-01-16 11:30:00,P1,Central Mall Parking,Mall,12.9719,77.5937,200,134,66,0.67,0.8,40,medium,clear,0,0,0,simulated
2026-01-16 11:30:00,P2,City Office Parking,Office,12.975,77.5945,150,137,13,0.9133,1.4,30,medium,clear,0,0,0,simulated
2026-01-16 11:30:00,P3,Market Road Parking,Street,12.9698,77.5962,80,52,28,0.65,0.5,20,medium,clear,0,0,0,simulated
2026-01-16 11:30:00,P4,Metro Station Parking,Transit,12.9784,77.5915,250,121,129,0.484,1.8,25,medium,clear,0,0,0,simulated
2026-01-16 11:30:00,P5,College Campus Parking,Campus,12.9675,77.594,120,89,31,0.7417,1.0,15,medium,clear,0,0,0,simulated
2026-01-16 12:00:00,P1,Central Mall Parking,Mall,12.9719,77.5937,200,131,69,0.655,0.8,40,medium,cloudy,0,0,0,simulated
2026-01-16 12:00:00,P2,City Office Parking,Office,12.975,77.5945,150,134,16,0.8933,1.4,30,medium,cloudy,0,0,0,simulated
2026-01-16 12:00:00,P3,Market Road Parking,Street,12.9698,77.5962,80,49,31,0.6125,0.5,20,medium,cloudy,0,0,0,simulated
2026-01-16 12:00:00,P4,Metro Station Parking,Transit,12.9784,77.5915,250,131,119,0.524,1.8,25,medium,cloudy,0,0,0,simulated
2026-01-16 12:00:00,P5,College Campus Parking,Campus,12.9675,77.594,120,92,28,0.7667,1.0,15,medium,cloudy,0,0,0,simulated
2026-01-16 12:30:00,P1,Central Mall Parking,Mall,12.9719,77.5937,200,121,79,0.605,0.8,40,medium,clear,0,0,0,simulated
2026-01-16 12:30:00,P2,City Office Parking,Office,12.975,77.5945,150,129,21,0.86,1.4,30,medium,clear,0,0,0,simulated
2026-01-16 12:30:00,P3,Market Road Parking,Street,12.9698,77.5962,80,45,35,0.5625,0.5,20,medium,clear,0,0,0,simulated
2026-01-16 12:30:00,P4,Metro Station Parking,Transit,12.9784,77.5915,250,117,133,0.468,1.8,25,medium,clear,0,0,0,simulated
2026-01-16 12:30:00,P5,College Campus Parking,Campus,12.9675,77.594,120,96,24,0.8,1.0,15,medium,clear,0,0,0,simulated
2026-01-16 13:00:00,P1,Central Mall Parking,Mall,12.9719,77.5937,200,119,81,0.595,0.8,40,low,clear,0,0,0,simulated
2026-01-16 13:00:00,P2,City Office Parking,Office,12.975,77.5945,150,137,13,0.9133,1.4,30,low,clear,0,0,0,simulated
2026-01-16 13:00:00,P3,Market Road Parking,Street,12.9698,77.5962,80,52,28,0.65,0.5,20,low,clear,0,0,0,simulated
2026-01-16 13:00:00,P4,Metro Station Parking,Transit,12.9784,77.5915,250,139,111,0.556,1.8,25,low,clear,0,0,0,simulated
2026-01-16 13:00:00,P5,College Campus Parking,Campus,12.9675,77.594,120,101,19,0.8417,1.0,15,low,clear,0,0,0,simulated
2026-01-16 13:30:00,P1,Central Mall Parking,Mall,12.9719,77.5937,200,115,85,0.575,0.8,40,medium,clear,0,0,0,simulated
2026-01-16 13:30:00,P2,City Office Parking,Office,12.975,77.5945,150,133,17,0.8867,1.4,30,medium,clear,0,0,0,simulated
2026-01-16 13:30:00,P3,Market Road Parking,Street,12.9698,77.5962,80,46,34,0.575,0.5,20,medium,clear,0,0,0,simulated
2026-01-16 13:30:00,P4,Metro Station Parking,Transit,12.9784,77.5915,250,124,126,0.496,1.8,25,medium,clear,0,0,0,simulated
2026-01-16 13:30:00,P5,College Campus Parking,Campus,12.9675,77.594,120,102,18,0.85,1.0,15,medium,clear,0,0,0,simulated
2026-01-16 14:00:00,P1,Central Mall Parking,Mall,12.9719,77.5937,200,124,76,0.62,0.8,40,medium,clear,0,0,0,simulated
2026-01-16 14:00:00,P2,City Office Parking,Office,12.975,77.5945,150,138,12,0.92,1.4,30,medium,clear,0,0,0,simulated
2026-01-16 14:00:00,P3,Market Road Parking,Street,12.9698,77.5962,80,49,31,0.6125,0.5,20,medium,clear,0,0,0,simulated
2026-01-16 14:00:00,P4,Metro Station Parking,Transit,12.9784,77.5915,250,134,116,0.536,1.8,25,medium,clear,0,0,0,simulated
2026-01-16 14:00:00,P5,College Campus Parking,Campus,12.9675,77.594,120,104,16,0.8667,1.0,15,medium,clear,0,0,0,simulated
2026-01-16 14:30:00,P1,Central Mall Parking,Mall,12.9719,77.5937,200,114,86,0.57,0.8,40,medium,clear,0,0,0,simulated
2026-01-16 14:30:00,P2,City Office Parking,Office,12.975,77.5945,150,136,14,0.9067,1.4,30,medium,clear,0,0,0,simulated
2026-01-16 14:30:00,P3,Market Road Parking,Street,12.9698,77.5962,80,47,33,0.5875,0.5,20,medium,clear,0,0,0,simulated
2026-01-16 14:30:00,P4,Metro Station Parking,Transit,12.9784,77.5915,250,137,113,0.548,1.8,25,medium,clear,0,0,0,simulated
2026-01-16 14:30:00,P5,College Campus Parking,Campus,12.9675,77.594,120,95,25,0.7917,1.0,15,medium,clear,0,0,0,simulated
2026-01-16 15:00:00,P1,Central Mall Parking,Mall,12.9719,77.5937,200,115,85,0.575,0.8,40,medium,cloudy,0,0,0,simulated
2026-01-16 15:00:00,P2,City Office Parking,Office,12.975,77.5945,150,134,16,0.8933,1.4,30,medium,cloudy,0,0,0,simulated
2026-01-16 15:00:00,P3,Market Road Parking,Street,12.9698,77.5962,80,48,32,0.6,0.5,20,medium,cloudy,0,0,0,simulated
2026-01-16 15:00:00,P4,Metro Station Parking,Transit,12.9784,77.5915,250,136,114,0.544,1.8,25,medium,cloudy,0,0,0,simulated
2026-01-16 15:00:00,P5,College Campus Parking,Campus,12.9675,77.594,120,104,16,0.8667,1.0,15,medium,cloudy,0,0,0,simulated
2026-01-16 15:30:00,P1,Central Mall Parking,Mall,12.9719,77.5937,200,152,48,0.76,0.8,40,medium,clear,0,0,0,simulated
2026-01-16 15:30:00,P2,City Office Parking,Office,12.975,77.5945,150,118,32,0.7867,1.4,30,medium,clear,0,0,0,simulated
2026-01-16 15:30:00,P3,Market Road Parking,Street,12.9698,77.5962,80,38,42,0.475,0.5,20,medium,clear,0,0,0,simulated
2026-01-16 15:30:00,P4,Metro Station Parking,Transit,12.9784,77.5915,250,141,109,0.564,1.8,25,medium,clear,0,0,0,simulated
2026-01-16 15:30:00,P5,College Campus Parking,Campus,12.9675,77.594,120,101,19,0.8417,1.0,15,medium,clear,0,0,0,simulated
2026-01-16 16:00:00,P1,Central Mall Parking,Mall,12.9719,77.5937,200,150,50,0.75,0.8,40,medium,cloudy,0,0,0,simulated
2026-01-16 16:00:00,P2,City Office Parking,Office,12.975,77.5945,150,123,27,0.82,1.4,30,medium,cloudy,0,0,0,simulated
2026-01-16 16:00:00,P3,Market Road Parking,Street,12.9698,77.5962,80,44,36,0.55,0.5,20,medium,cloudy,0,0,0,simulated
2026-01-16 16:00:00,P4,Metro Station Parking,Transit,12.9784,77.5915,250,140,110,0.56,1.8,25,medium,cloudy,0,0,0,simulated
2026-01-16 16:00:00,P5,College Campus Parking,Campus,12.9675,77.594,120,95,25,0.7917,1.0,15,medium,cloudy,0,0,0,simulated
2026-01-16 16:30:00,P1,Central Mall Parking,Mall,12.9719,77.5937,200,160,40,0.8,0.8,40,medium,cloudy,0,0,0,simulated
2026-01-16 16:30:00,P2,City Office Parking,Office,12.975,77.5945,150,111,39,0.74,1.4,30,medium,cloudy,0,0,0,simulated
2026-01-16 16:30:00,P3,Market Road Parking,Street,12.9698,77.5962,80,44,36,0.55,0.5,20,medium,cloudy,0,0,0,simulated
2026-01-16 16:30:00,P4,Metro Station Parking,Transit,12.9784,77.5915,250,128,122,0.512,1.8,25,medium,cloudy,0,0,0,simulated
2026-01-16 16:30:00,P5,College Campus Parking,Campus,12.9675,77.594,120,61,59,0.5083,1.0,15,medium,cloudy,0,0,0,simulated
2026-01-16 17:00:00,P1,Central Mall Parking,Mall,12.9719,77.5937,200,163,37,0.815,0.8,40,high,clear,0,1,0,simulated
2026-01-16 17:00:00,P2,City Office Parking,Office,12.975,77.5945,150,123,27,0.82,1.4,30,high,clear,0,1,0,simulated
2026-01-16 17:00:00,P3,Market Road Parking,Street,12.9698,77.5962,80,50,30,0.625,0.5,20,high,clear,0,1,0,simulated
2026-01-16 17:00:00,P4,Metro Station Parking,Transit,12.9784,77.5915,250,221,29,0.884,1.8,25,high,clear,0,1,0,simulated
2026-01-16 17:00:00,P5,College Campus Parking,Campus,12.9675,77.594,120,60,60,0.5,1.0,15,high,clear,0,1,0,simulated
2026-01-16 17:30:00,P1,Central Mall Parking,Mall,12.9719,77.5937,200,161,39,0.805,0.8,40,high,clear,0,1,0,simulated
2026-01-16 17:30:00,P2,City Office Parking,Office,12.975,77.5945,150,121,29,0.8067,1.4,30,high,clear,0,1,0,simulated
2026-01-16 17:30:00,P3,Market Road Parking,Street,12.9698,77.5962,80,50,30,0.625,0.5,20,high,clear,0,1,0,simulated
2026-01-16 17:30:00,P4,Metro Station Parking,Transit,12.9784,77.5915,250,237,13,0.948,1.8,25,high,clear,0,1,0,simulated
2026-01-16 17:30:00,P5,College Campus Parking,Campus,12.9675,77.594,120,59,61,0.4917,1.0,15,high,clear,0,1,0,simulated
2026-01-16 18:00:00,P1,Central Mall Parking,Mall,12.9719,77.5937,200,164,36,0.82,0.8,40,high,clear,0,1,0,simulated
2026-01-16 18:00:00,P2,City Office Parking,Office,12.975,77.5945,150,123,27,0.82,1.4,30,high,clear,0,1,0,simulated
2026-01-16 18:00:00,P3,Market Road Parking,Street,12.9698,77.5962,80,51,29,0.6375,0.5,20,high,clear,0,1,0,simulated
2026-01-16 18:00:00,P4,Metro Station Parking,Transit,12.9784,77.5915,250,227,23,0.908,1.8,25,high,clear,0,1,0,simulated
2026-01-16 18:00:00,P5,College Campus Parking,Campus,12.9675,77.594,120,63,57,0.525,1.0,15,high,clear,0,1,0,simulated
2026-01-16 18:30:00,P1,Central Mall Parking,Mall,12.9719,77.5937,200,150,50,0.75,0.8,40,high,cloudy,0,1,0,simulated
2026-01-16 18:30:00,P2,City Office Parking,Office,12.975,77.5945,150,75,75,0.5,1.4,30,high,cloudy,0,1,0,simulated
2026-01-16 18:30:00,P3,Market Road Parking,Street,12.9698,77.5962,80,50,30,0.625,0.5,20,high,cloudy,0,1,0,simulated
2026-01-16 18:30:00,P4,Metro Station Parking,Transit,12.9784,77.5915,250,222,28,0.888,1.8,25,high,cloudy,0,1,0,simulated
2026-01-16 18:30:00,P5,College Campus Parking,Campus,12.9675,77.594,120,35,85,0.2917,1.0,15,high,cloudy,0,1,0,simulated
2026-01-16 19:00:00,P1,Central Mall Parking,Mall,12.9719,77.5937,200,150,50,0.75,0.8,40,medium,clear,0,1,0,simulated
2026-01-16 19:00:00,P2,City Office Parking,Office,12.975,77.5945,150,73,77,0.4867,1.4,30,medium,clear,0,1,0,simulated
2026-01-16 19:00:00,P3,Market Road Parking,Street,12.9698,77.5962,80,40,40,0.5,0.5,20,medium,clear,0,1,0,simulated
2026-01-16 19:00:00,P4,Metro Station Parking,Transit,12.9784,77.5915,250,205,45,0.82,1.8,25,medium,clear,0,1,0,simulated
2026-01-16 19:00:00,P5,College Campus Parking,Campus,12.9675,77.594,120,29,91,0.2417,1.0,15,medium,clear,0,1,0,simulated
2026-01-16 19:30:00,P1,Central Mall Parking,Mall,12.9719,77.5937,200,148,52,0.74,0.8,40,high,clear,0,1,0,simulated
2026-01-16 19:30:00,P2,City Office Parking,Office,12.975,77.5945,150,74,76,0.4933,1.4,30,high,clear,0,1,0,simulated
2026-01-16 19:30:00,P3,Market Road Parking,Street,12.9698,77.5962,80,45,35,0.5625,0.5,20,high,clear,0,1,0,simulated
2026-01-16 19:30:00,P4,Metro Station Parking,Transit,12.9784,77.5915,250,235,15,0.94,1.8,25,high,clear,0,1,0,simulated
2026-01-16 19:30:00,P5,College Campus Parking,Campus,12.9675,77.594,120,29,91,0.2417,1.0,15,high,clear,0,1,0,simulated
2026-01-16 20:00:00,P1,Central Mall Parking,Mall,12.9719,77.5937,200,166,34,0.83,0.8,40,high,clear,0,1,0,simulated
2026-01-16 20:00:00,P2,City Office Parking,Office,12.975,77.5945,150,82,68,0.5467,1.4,30,high,clear,0,1,0,simulated
2026-01-16 20:00:00,P3,Market Road Parking,Street,12.9698,77.5962,80,45,35,0.5625,0.5,20,high,clear,0,1,0,simulated
2026-01-16 20:00:00,P4,Metro Station Parking,Transit,12.9784,77.5915,250,237,13,0.948,1.8,25,high,clear,0,1,0,simulated
2026-01-16 20:00:00,P5,College Campus Parking,Campus,12.9675,77.594,120,34,86,0.2833,1.0,15,high,clear,0,1,0,simulated
2026-01-17 08:00:00,P1,Central Mall Parking,Mall,12.9719,77.5937,200,98,102,0.49,0.8,40,high,cloudy,1,1,0,simulated
2026-01-17 08:00:00,P2,City Office Parking,Office,12.975,77.5945,150,32,118,0.2133,1.4,30,high,cloudy,1,1,0,simulated
2026-01-17 08:00:00,P3,Market Road Parking,Street,12.9698,77.5962,80,54,26,0.675,0.5,20,high,cloudy,1,1,0,simulated
2026-01-17 08:00:00,P4,Metro Station Parking,Transit,12.9784,77.5915,250,189,61,0.756,1.8,25,high,cloudy,1,1,0,simulated
2026-01-17 08:00:00,P5,College Campus Parking,Campus,12.9675,77.594,120,22,98,0.1833,1.0,15,high,cloudy,1,1,0,simulated
2026-01-17 08:30:00,P1,Central Mall Parking,Mall,12.9719,77.5937,200,80,120,0.4,0.8,40,high,clear,1,1,0,simulated
2026-01-17 08:30:00,P2,City Office Parking,Office,12.975,77.5945,150,39,111,0.26,1.4,30,high,clear,1,1,0,simulated
2026-01-17 08:30:00,P3,Market Road Parking,Street,12.9698,77.5962,80,45,35,0.5625,0.5,20,high,clear,1,1,0,simulated
2026-01-17 08:30:00,P4,Metro Station Parking,Transit,12.9784,77.5915,250,198,52,0.792,1.8,25,high,clear,1,1,0,simulated
2026-01-17 08:30:00,P5,College Campus Parking,Campus,12.9675,77.594,120,28,92,0.2333,1.0,15,high,clear,1,1,0,simulated
2026-01-17 09:00:00,P1,Central Mall Parking,Mall,12.9719,77.5937,200,94,106,0.47,0.8,40,high,cloudy,1,1,0,simulated
2026-01-17 09:00:00,P2,City Office Parking,Office,12.975,77.5945,150,47,103,0.3133,1.4,30,high,cloudy,1,1,0,simulated
2026-01-17 09:00:00,P3,Market Road Parking,Street,12.9698,77.5962,80,53,27,0.6625,0.5,20,high,cloudy,1,1,0,simulated
2026-01-17 09:00:00,P4,Metro Station Parking,Transit,12.9784,77.5915,250,199,51,0.796,1.8,25,high,cloudy,1,1,0,simulated
2026-01-17 09:00:00,P5,College Campus Parking,Campus,12.9675,77.594,120,19,101,0.1583,1.0,15,high,cloudy,1,1,0,simulated
2026-01-17 09:30:00,P1,Central Mall Parking,Mall,12.9719,77.5937,200,80,120,0.4,0.8,40,high,clear,1,1,0,simulated
2026-01-17 09:30:00,P2,City Office Parking,Office,12.975,77.5945,150,35,115,0.2333,1.4,30,high,clear,1,1,0,simulated
2026-01-17 09:30:00,P3,Market Road Parking,Street,12.9698,77.5962,80,53,27,0.6625,0.5,20,high,clear,1,1,0,simulated
2026-01-17 09:30:00,P4,Metro Station Parking,Transit,12.9784,77.5915,250,192,58,0.768,1.8,25,high,clear,1,1,0,simulated
2026-01-17 09:30:00,P5,College Campus Parking,Campus,12.9675,77.594,120,21,99,0.175,1.0,15,high,clear,1,1,0,simulated
2026-01-17 10:00:00,P1,Central Mall Parking,Mall,12.9719,77.5937,200,81,119,0.405,0.8,40,high,cloudy,1,1,0,simulated
2026-01-17 10:00:00,P2,City Office Parking,Office,12.975,77.5945,150,38,112,0.2533,1.4,30,high,cloudy,1,1,0,simulated
2026-01-17 10:00:00,P3,Market Road Parking,Street,12.9698,77.5962,80,47,33,0.5875,0.5,20,high,cloudy,1,1,0,simulated
2026-01-17 10:00:00,P4,Metro Station Parking,Transit,12.9784,77.5915,250,185,65,0.74,1.8,25,high,cloudy,1,1,0,simulated
2026-01-17 10:00:00,P5,College Campus Parking,Campus,12.9675,77.594,120,19,101,0.1583,1.0,15,high,cloudy,1,1,0,simulated
2026-01-17 10:30:00,P1,Central Mall Parking,Mall,12.9719,77.5937,200,88,112,0.44,0.8,40,medium,cloudy,1,0,0,simulated
2026-01-17 10:30:00,P2,City Office Parking,Office,12.975,77.5945,150,31,119,0.2067,1.4,30,medium,cloudy,1,0,0,simulated
2026-01-17 10:30:00,P3,Market Road Parking,Street,12.9698,77.5962,80,41,39,0.5125,0.5,20,medium,cloudy,1,0,0,simulated
2026-01-17 10:30:00,P4,Metro Station Parking,Transit,12.9784,77.5915,250,112,138,0.448,1.8,25,medium,cloudy,1,0,0,simulated
2026-01-17 10:30:00,P5,College Campus Parking,Campus,12.9675,77.594,120,19,101,0.1583,1.0,15,medium,cloudy,1,0,0,simulated
2026-01-17 11:00:00,P1,Central Mall Parking,Mall,12.9719,77.5937,200,173,27,0.865,0.8,40,medium,clear,1,0,0,simulated
2026-01-17 11:00:00,P2,City Office Parking,Office,12.975,77.5945,150,35,115,0.2333,1.4,30,medium,clear,1,0,0,simulated
2026-01-17 11:00:00,P3,Market Road Parking,Street,12.9698,77.5962,80,51,29,0.6375,0.5,20,medium,clear,1,0,0,simulated
2026-01-17 11:00:00,P4,Metro Station Parking,Transit,12.9784,77.5915,250,107,143,0.428,1.8,25,medium,clear,1,0,0,simulated
2026-01-17 11:00:00,P5,College Campus Parking,Campus,12.9675,77.594,120,18,102,0.15,1.0,15,medium,clear,1,0,0,simulated
2026-01-17 11:30:00,P1,Central Mall Parking,Mall,12.9719,77.5937,200,178,22,0.89,0.8,40,medium,clear,1,0,1,simulated
2026-01-17 11:30:00,P2,City Office Parking,Office,12.975,77.5945,150,40,110,0.2667,1.4,30,medium,clear,1,0,1,simulated
2026-01-17 11:30:00,P3,Market Road Parking,Street,12.9698,77.5962,80,59,21,0.7375,0.5,20,medium,clear,1,0,1,simulated
2026-01-17 11:30:00,P4,Metro Station Parking,Transit,12.9784,77.5915,250,140,110,0.56,1.8,25,medium,clear,1,0,1,simulated
2026-01-17 11:30:00,P5,College Campus Parking,Campus,12.9675,77.594,120,22,98,0.1833,1.0,15,medium,clear,1,0,1,simulated
2026-01-17 12:00:00,P1,Central Mall Parking,Mall,12.9719,77.5937,200,160,40,0.8,0.8,40,medium,clear,1,0,0,simulated
2026-01-17 12:00:00,P2,City Office Parking,Office,12.975,77.5945,150,41,109,0.2733,1.4,30,medium,clear,1,0,0,simulated
2026-01-17 12:00:00,P3,Market Road Parking,Street,12.9698,77.5962,80,51,29,0.6375,0.5,20,medium,clear,1,0,0,simulated
2026-01-17 12:00:00,P4,Metro Station Parking,Transit,12.9784,77.5915,250,110,140,0.44,1.8,25,medium,clear,1,0,0,simulated
2026-01-17 12:00:00,P5,College Campus Parking,Campus,12.9675,77.594,120,21,99,0.175,1.0,15,medium,clear,1,0,0,simulated
2026-01-17 12:30:00,P1,Central Mall Parking,Mall,12.9719,77.5937,200,172,28,0.86,0.8,40,medium,clear,1,0,0,simulated
2026-01-17 12:30:00,P2,City Office Parking,Office,12.975,77.5945,150,47,103,0.3133,1.4,30,medium,clear,1,0,0,simulated
2026-01-17 12:30:00,P3,Market Road Parking,Street,12.9698,77.5962,80,52,28,0.65,0.5,20,medium,clear,1,0,0,simulated
2026-01-17 12:30:00,P4,Metro Station Parking,Transit,12.9784,77.5915,250,101,149,0.404,1.8,25,medium,clear,1,0,0,simulated
2026-01-17 12:30:00,P5,College Campus Parking,Campus,12.9675,77.594,120,16,104,0.1333,1.0,15,medium,clear,1,0,0,simulated
2026-01-17 13:00:00,P1,Central Mall Parking,Mall,12.9719,77.5937,200,163,37,0.815,0.8,40,medium,cloudy,1,0,0,simulated
2026-01-17 13:00:00,P2,City Office Parking,Office,12.975,77.5945,150,39,111,0.26,1.4,30,medium,cloudy,1,0,0,simulated
2026-01-17 13:00:00,P3,Market Road Parking,Street,12.9698,77.5962,80,51,29,0.6375,0.5,20,medium,cloudy,1,0,0,simulated
2026-01-17 13:00:00,P4,Metro Station Parking,Transit,12.9784,77.5915,250,108,142,0.432,1.8,25,medium,cloudy,1,0,0,simulated
2026-01-17 13:00:00,P5,College Campus Parking,Campus,12.9675,77.594,120,18,102,0.15,1.0,15,medium,cloudy,1,0,0,simulated
2026-01-17 13:30:00,P1,Central Mall Parking,Mall,12.9719,77.5937,200,175,25,0.875,0.8,40,medium,clear,1,0,0,simulated
2026-01-17 13:30:00,P2,City Office Parking,Office,12.975,77.5945,150,39,111,0.26,1.4,30,medium,clear,1,0,0,simulated
2026-01-17 13:30:00,P3,Market Road Parking,Street,12.9698,77.5962,80,57,23,0.7125,0.5,20,medium,clear,1,0,0,simulated
2026-01-17 13:30:00,P4,Metro Station Parking,Transit,12.9784,77.5915,250,100,150,0.4,1.8,25,medium,clear,1,0,0,simulated
2026-01-17 13:30:00,P5,College Campus Parking,Campus,12.9675,77.594,120,13,107,0.1083,1.0,15,medium,clear,1,0,0,simulated
2026-01-17 14:00:00,P1,Central Mall Parking,Mall,12.9719,77.5937,200,174,26,0.87,0.8,40,medium,clear,1,0,0,simulated
2026-01-17 14:00:00,P2,City Office Parking,Office,12.975,77.5945,150,30,120,0.2,1.4,30,medium,clear,1,0,0,simulated
2026-01-17 14:00:00,P3,Market Road Parking,Street,12.9698,77.5962,80,50,30,0.625,0.5,20,medium,clear,1,0,0,simulated
2026-01-17 14:00:00,P4,Metro Station Parking,Transit,12.9784,77.5915,250,115,135,0.46,1.8,25,medium,clear,1,0,0,simulated
2026-01-17 14:00:00,P5,College Campus Parking,Campus,12.9675,77.594,120,24,96,0.2,1.0,15,medium,clear,1,0,0,simulated
2026-01-17 14:30:00,P1,Central Mall Parking,Mall,12.9719,77.5937,200,169,31,0.845,0.8,40,medium,clear,1,0,0,simulated
2026-01-17 14:30:00,P2,City Office Parking,Office,12.975,77.5945,150,29,121,0.1933,1.4,30,medium,clear,1,0,0,simulated
2026-01-17 14:30:00,P3,Market Road Parking,Street,12.9698,77.5962,80,50,30,0.625,0.5,20,medium,clear,1,0,0,simulated
2026-01-17 14:30:00,P4,Metro Station Parking,Transit,12.9784,77.5915,250,116,134,0.464,1.8,25,medium,clear,1,0,0,simulated
2026-01-17 14:30:00,P5,College Campus Parking,Campus,12.9675,77.594,120,19,101,0.1583,1.0,15,medium,clear,1,0,0,simulated
2026-01-17 15:00:00,P1,Central Mall Parking,Mall,12.9719,77.5937,200,176,24,0.88,0.8,40,medium,clear,1,0,0,simulated
2026-01-17 15:00:00,P2,City Office Parking,Office,12.975,77.5945,150,35,115,0.2333,1.4,30,medium,clear,1,0,0,simulated
2026-01-17 15:00:00,P3,Market Road Parking,Street,12.9698,77.5962,80,55,25,0.6875,0.5,20,medium,clear,1,0,0,simulated
2026-01-17 15:00:00,P4,Metro Station Parking,Transit,12.9784,77.5915,250,93,157,0.372,1.8,25,medium,clear,1,0,0,simulated
2026-01-17 15:00:00,P5,College Campus Parking,Campus,12.9675,77.594,120,22,98,0.1833,1.0,15,medium,clear,1,0,0,simulated
2026-01-17 15:30:00,P1,Central Mall Parking,Mall,12.9719,77.5937,200,163,37,0.815,0.8,40,low,clear,1,0,0,simulated
2026-01-17 15:30:00,P2,City Office Parking,Office,12.975,77.5945,150,29,121,0.1933,1.4,30,low,clear,1,0,0,simulated
2026-01-17 15:30:00,P3,Market Road Parking,Street,12.9698,77.5962,80,41,39,0.5125,0.5,20,low,clear,1,0,0,simulated
2026-01-17 15:30:00,P4,Metro Station Parking,Transit,12.9784,77.5915,250,98,152,0.392,1.8,25,low,clear,1,0,0,simulated
2026-01-17 15:30:00,P5,College Campus Parking,Campus,12.9675,77.594,120,24,96,0.2,1.0,15,low,clear,1,0,0,simulated
2026-01-17 16:00:00,P1,Central Mall Parking,Mall,12.9719,77.5937,200,183,17,0.915,0.8,40,low,rain,1,0,0,simulated
2026-01-17 16:00:00,P2,City Office Parking,Office,12.975,77.5945,150,37,113,0.2467,1.4,30,low,rain,1,0,0,simulated
2026-01-17 16:00:00,P3,Market Road Parking,Street,12.9698,77.5962,80,42,38,0.525,0.5,20,low,rain,1,0,0,simulated
2026-01-17 16:00:00,P4,Metro Station Parking,Transit,12.9784,77.5915,250,107,143,0.428,1.8,25,low,rain,1,0,0,simulated
2026-01-17 16:00:00,P5,College Campus Parking,Campus,12.9675,77.594,120,16,104,0.1333,1.0,15,low,rain,1,0,0,simulated
2026-01-17 16:30:00,P1,Central Mall Parking,Mall,12.9719,77.5937,200,191,9,0.955,0.8,40,low,clear,1,0,0,simulated
2026-01-17 16:30:00,P2,City Office Parking,Office,12.975,77.5945,150,27,123,0.18,1.4,30,low,clear,1,0,0,simulated
2026-01-17 16:30:00,P3,Market Road Parking,Street,12.9698,77.5962,80,45,35,0.5625,0.5,20,low,clear,1,0,0,simulated
2026-01-17 16:30:00,P4,Metro Station Parking,Transit,12.9784,77.5915,250,110,140,0.44,1.8,25,low,clear,1,0,0,simulated
2026-01-17 16:30:00,P5,College Campus Parking,Campus,12.9675,77.594,120,16,104,0.1333,1.0,15,low,clear,1,0,0,simulated
2026-01-17 17:00:00,P1,Central Mall Parking,Mall,12.9719,77.5937,200,178,22,0.89,0.8,40,medium,clear,1,1,0,simulated
2026-01-17 17:00:00,P2,City Office Parking,Office,12.975,77.5945,150,41,109,0.2733,1.4,30,medium,clear,1,1,0,simulated
2026-01-17 17:00:00,P3,Market Road Parking,Street,12.9698,77.5962,80,51,29,0.6375,0.5,20,medium,clear,1,1,0,simulated
2026-01-17 17:00:00,P4,Metro Station Parking,Transit,12.9784,77.5915,250,206,44,0.824,1.8,25,medium,clear,1,1,0,simulated
2026-01-17 17:00:00,P5,College Campus Parking,Campus,12.9675,77.594,120,15,105,0.125,1.0,15,medium,clear,1,1,0,simulated
2026-01-17 17:30:00,P1,Central Mall Parking,Mall,12.9719,77.5937,200,173,27,0.865,0.8,40,medium,clear,1,1,0,simulated
2026-01-17 17:30:00,P2,City Office Parking,Office,12.975,77.5945,150,31,119,0.2067,1.4,30,medium,clear,1,1,0,simulated
2026-01-17 17:30:00,P3,Market Road Parking,Street,12.9698,77.5962,80,51,29,0.6375,0.5,20,medium,clear,1,1,0,simulated
2026-01-17 17:30:00,P4,Metro Station Parking,Transit,12.9784,77.5915,250,184,66,0.736,1.8,25,medium,clear,1,1,0,simulated
2026-01-17 17:30:00,P5,College Campus Parking,Campus,12.9675,77.594,120,24,96,0.2,1.0,15,medium,clear,1,1,0,simulated
2026-01-17 18:00:00,P1,Central Mall Parking,Mall,12.9719,77.5937,200,185,15,0.925,0.8,40,high,clear,1,1,0,simulated
2026-01-17 18:00:00,P2,City Office Parking,Office,12.975,77.5945,150,34,116,0.2267,1.4,30,high,clear,1,1,0,simulated
2026-01-17 18:00:00,P3,Market Road Parking,Street,12.9698,77.5962,80,49,31,0.6125,0.5,20,high,clear,1,1,0,simulated
2026-01-17 18:00:00,P4,Metro Station Parking,Transit,12.9784,77.5915,250,201,49,0.804,1.8,25,high,clear,1,1,0,simulated
2026-01-17 18:00:00,P5,College Campus Parking,Campus,12.9675,77.594,120,24,96,0.2,1.0,15,high,clear,1,1,0,simulated
2026-01-17 18:30:00,P1,Central Mall Parking,Mall,12.9719,77.5937,200,182,18,0.91,0.8,40,high,cloudy,1,1,0,simulated
2026-01-17 18:30:00,P2,City Office Parking,Office,12.975,77.5945,150,43,107,0.2867,1.4,30,high,cloudy,1,1,0,simulated
2026-01-17 18:30:00,P3,Market Road Parking,Street,12.9698,77.5962,80,46,34,0.575,0.5,20,high,cloudy,1,1,0,simulated
2026-01-17 18:30:00,P4,Metro Station Parking,Transit,12.9784,77.5915,250,196,54,0.784,1.8,25,high,cloudy,1,1,0,simulated
2026-01-17 18:30:00,P5,College Campus Parking,Campus,12.9675,77.594,120,29,91,0.2417,1.0,15,high,cloudy,1,1,0,simulated
2026-01-17 19:00:00,P1,Central Mall Parking,Mall,12.9719,77.5937,200,185,15,0.925,0.8,40,high,cloudy,1,1,0,simulated
2026-01-17 19:00:00,P2,City Office Parking,Office,12.975,77.5945,150,35,115,0.2333,1.4,30,high,cloudy,1,1,0,simulated
2026-01-17 19:00:00,P3,Market Road Parking,Street,12.9698,77.5962,80,49,31,0.6125,0.5,20,high,cloudy,1,1,0,simulated
2026-01-17 19:00:00,P4,Metro Station Parking,Transit,12.9784,77.5915,250,209,41,0.836,1.8,25,high,cloudy,1,1,0,simulated
2026-01-17 19:00:00,P5,College Campus Parking,Campus,12.9675,77.594,120,29,91,0.2417,1.0,15,high,cloudy,1,1,0,simulated
2026-01-17 19:30:00,P1,Central Mall Parking,Mall,12.9719,77.5937,200,185,15,0.925,0.8,40,medium,clear,1,1,0,simulated
2026-01-17 19:30:00,P2,City Office Parking,Office,12.975,77.5945,150,38,112,0.2533,1.4,30,medium,clear,1,1,0,simulated
2026-01-17 19:30:00,P3,Market Road Parking,Street,12.9698,77.5962,80,45,35,0.5625,0.5,20,medium,clear,1,1,0,simulated
2026-01-17 19:30:00,P4,Metro Station Parking,Transit,12.9784,77.5915,250,203,47,0.812,1.8,25,medium,clear,1,1,0,simulated
2026-01-17 19:30:00,P5,College Campus Parking,Campus,12.9675,77.594,120,18,102,0.15,1.0,15,medium,clear,1,1,0,simulated
2026-01-17 20:00:00,P1,Central Mall Parking,Mall,12.9719,77.5937,200,186,14,0.93,0.8,40,high,cloudy,1,1,0,simulated
2026-01-17 20:00:00,P2,City Office Parking,Office,12.975,77.5945,150,42,108,0.28,1.4,30,high,cloudy,1,1,0,simulated
2026-01-17 20:00:00,P3,Market Road Parking,Street,12.9698,77.5962,80,49,31,0.6125,0.5,20,high,cloudy,1,1,0,simulated
2026-01-17 20:00:00,P4,Metro Station Parking,Transit,12.9784,77.5915,250,201,49,0.804,1.8,25,high,cloudy,1,1,0,simulated
2026-01-17 20:00:00,P5,College Campus Parking,Campus,12.9675,77.594,120,27,93,0.225,1.0,15,high,cloudy,1,1,0,simulated
2026-01-18 08:00:00,P1,Central Mall Parking,Mall,12.9719,77.5937,200,91,109,0.455,0.8,40,high,clear,1,1,0,simulated
2026-01-18 08:00:00,P2,City Office Parking,Office,12.975,77.5945,150,37,113,0.2467,1.4,30,high,clear,1,1,0,simulated
2026-01-18 08:00:00,P3,Market Road Parking,Street,12.9698,77.5962,80,50,30,0.625,0.5,20,high,clear,1,1,0,simulated
2026-01-18 08:00:00,P4,Metro Station Parking,Transit,12.9784,77.5915,250,176,74,0.704,1.8,25,high,clear,1,1,0,simulated
2026-01-18 08:00:00,P5,College Campus Parking,Campus,12.9675,77.594,120,28,92,0.2333,1.0,15,high,clear,1,1,0,simulated
2026-01-18 08:30:00,P1,Central Mall Parking,Mall,12.9719,77.5937,200,79,121,0.395,0.8,40,high,cloudy,1,1,0,simulated
2026-01-18 08:30:00,P2,City Office Parking,Office,12.975,77.5945,150,33,117,0.22,1.4,30,high,cloudy,1,1,0,simulated
2026-01-18 08:30:00,P3,Market Road Parking,Street,12.9698,77.5962,80,51,29,0.6375,0.5,20,high,cloudy,1,1,0,simulated
2026-01-18 08:30:00,P4,Metro Station Parking,Transit,12.9784,77.5915,250,190,60,0.76,1.8,25,high,cloudy,1,1,0,simulated
2026-01-18 08:30:00,P5,College Campus Parking,Campus,12.9675,77.594,120,26,94,0.2167,1.0,15,high,cloudy,1,1,0,simulated
2026-01-18 09:00:00,P1,Central Mall Parking,Mall,12.9719,77.5937,200,85,115,0.425,0.8,40,high,clear,1,1,0,simulated
2026-01-18 09:00:00,P2,City Office Parking,Office,12.975,77.5945,150,45,105,0.3,1.4,30,high,clear,1,1,0,simulated
2026-01-18 09:00:00,P3,Market Road Parking,Street,12.9698,77.5962,80,48,32,0.6,0.5,20,high,clear,1,1,0,simulated
2026-01-18 09:00:00,P4,Metro Station Parking,Transit,12.9784,77.5915,250,201,49,0.804,1.8,25,high,clear,1,1,0,simulated
2026-01-18 09:00:00,P5,College Campus Parking,Campus,12.9675,77.594,120,17,103,0.1417,1.0,15,high,clear,1,1,0,simulated
2026-01-18 09:30:00,P1,Central Mall Parking,Mall,12.9719,77.5937,200,81,119,0.405,0.8,40,high,cloudy,1,1,0,simulated
2026-01-18 09:30:00,P2,City Office Parking,Office,12.975,77.5945,150,42,108,0.28,1.4,30,high,cloudy,1,1,0,simulated
2026-01-18 09:30:00,P3,Market Road Parking,Street,12.9698,77.5962,80,47,33,0.5875,0.5,20,high,cloudy,1,1,0,simulated
2026-01-18 09:30:00,P4,Metro Station Parking,Transit,12.9784,77.5915,250,203,47,0.812,1.8,25,high,cloudy,1,1,0,simulated
2026-01-18 09:30:00,P5,College Campus Parking,Campus,12.9675,77.594,120,19,101,0.1583,1.0,15,high,cloudy,1,1,0,simulated
2026-01-18 10:00:00,P1,Central Mall Parking,Mall,12.9719,77.5937,200,84,116,0.42,0.8,40,medium,clear,1,1,0,simulated
2026-01-18 10:00:00,P2,City Office Parking,Office,12.975,77.5945,150,34,116,0.2267,1.4,30,medium,clear,1,1,0,simulated
2026-01-18 10:00:00,P3,Market Road Parking,Street,12.9698,77.5962,80,49,31,0.6125,0.5,20,medium,clear,1,1,0,simulated
2026-01-18 10:00:00,P4,Metro Station Parking,Transit,12.9784,77.5915,250,191,59,0.764,1.8,25,medium,clear,1,1,0,simulated
2026-01-18 10:00:00,P5,College Campus Parking,Campus,12.9675,77.594,120,18,102,0.15,1.0,15,medium,clear,1,1,0,simulated
2026-01-18 10:30:00,P1,Central Mall Parking,Mall,12.9719,77.5937,200,97,103,0.485,0.8,40,low,rain,1,0,0,simulated
2026-01-18 10:30:00,P2,City Office Parking,Office,12.975,77.5945,150,40,110,0.2667,1.4,30,low,rain,1,0,0,simulated
2026-01-18 10:30:00,P3,Market Road Parking,Street,12.9698,77.5962,80,49,31,0.6125,0.5,20,low,rain,1,0,0,simulated
2026-01-18 10:30:00,P4,Metro Station Parking,Transit,12.9784,77.5915,250,107,143,0.428,1.8,25,low,rain,1,0,0,simulated
2026-01-18 10:30:00,P5,College Campus Parking,Campus,12.9675,77.594,120,23,97,0.1917,1.0,15,low,rain,1,0,0,simulated
2026-01-18 11:00:00,P1,Central Mall Parking,Mall,12.9719,77.5937,200,173,27,0.865,0.8,40,medium,clear,1,0,0,simulated
2026-01-18 11:00:00,P2,City Office Parking,Office,12.975,77.5945,150,43,107,0.2867,1.4,30,medium,clear,1,0,0,simulated
2026-01-18 11:00:00,P3,Market Road Parking,Street,12.9698,77.5962,80,56,24,0.7,0.5,20,medium,clear,1,0,0,simulated
2026-01-18 11:00:00,P4,Metro Station Parking,Transit,12.9784,77.5915,250,107,143,0.428,1.8,25,medium,clear,1,0,0,simulated
2026-01-18 11:00:00,P5,College Campus Parking,Campus,12.9675,77.594,120,13,107,0.1083,1.0,15,medium,clear,1,0,0,simulated
2026-01-18 11:30:00,P1,Central Mall Parking,Mall,12.9719,77.5937,200,168,32,0.84,0.8,40,medium,clear,1,0,0,simulated
2026-01-18 11:30:00,P2,City Office Parking,Office,12.975,77.5945,150,41,109,0.2733,1.4,30,medium,clear,1,0,0,simulated
2026-01-18 11:30:00,P3,Market Road Parking,Street,12.9698,77.5962,80,53,27,0.6625,0.5,20,medium,clear,1,0,0,simulated
2026-01-18 11:30:00,P4,Metro Station Parking,Transit,12.9784,77.5915,250,100,150,0.4,1.8,25,medium,clear,1,0,0,simulated
2026-01-18 11:30:00,P5,College Campus Parking,Campus,12.9675,77.594,120,22,98,0.1833,1.0,15,medium,clear,1,0,0,simulated
2026-01-18 12:00:00,P1,Central Mall Parking,Mall,12.9719,77.5937,200,172,28,0.86,0.8,40,low,clear,1,0,0,simulated
2026-01-18 12:00:00,P2,City Office Parking,Office,12.975,77.5945,150,46,104,0.3067,1.4,30,low,clear,1,0,0,simulated
2026-01-18 12:00:00,P3,Market Road Parking,Street,12.9698,77.5962,80,49,31,0.6125,0.5,20,low,clear,1,0,0,simulated
2026-01-18 12:00:00,P4,Metro Station Parking,Transit,12.9784,77.5915,250,92,158,0.368,1.8,25,low,clear,1,0,0,simulated
2026-01-18 12:00:00,P5,College Campus Parking,Campus,12.9675,77.594,120,24,96,0.2,1.0,15,low,clear,1,0,0,simulated
2026-01-18 12:30:00,P1,Central Mall Parking,Mall,12.9719,77.5937,200,163,37,0.815,0.8,40,low,rain,1,0,0,simulated
2026-01-18 12:30:00,P2,City Office Parking,Office,12.975,77.5945,150,39,111,0.26,1.4,30,low,rain,1,0,0,simulated
2026-01-18 12:30:00,P3,Market Road Parking,Street,12.9698,77.5962,80,57,23,0.7125,0.5,20,low,rain,1,0,0,simulated
2026-01-18 12:30:00,P4,Metro Station Parking,Transit,12.9784,77.5915,250,112,138,0.448,1.8,25,low,rain,1,0,0,simulated
2026-01-18 12:30:00,P5,College Campus Parking,Campus,12.9675,77.594,120,16,104,0.1333,1.0,15,low,rain,1,0,0,simulated
2026-01-18 13:00:00,P1,Central Mall Parking,Mall,12.9719,77.5937,200,176,24,0.88,0.8,40,medium,cloudy,1,0,0,simulated
2026-01-18 13:00:00,P2,City Office Parking,Office,12.975,77.5945,150,40,110,0.2667,1.4,30,medium,cloudy,1,0,0,simulated
2026-01-18 13:00:00,P3,Market Road Parking,Street,12.9698,77.5962,80,54,26,0.675,0.5,20,medium,cloudy,1,0,0,simulated
2026-01-18 13:00:00,P4,Metro Station Parking,Transit,12.9784,77.5915,250,94,156,0.376,1.8,25,medium,cloudy,1,0,0,simulated
2026-01-18 13:00:00,P5,College Campus Parking,Campus,12.9675,77.594,120,18,102,0.15,1.0,15,medium,cloudy,1,0,0,simulated
2026-01-18 13:30:00,P1,Central Mall Parking,Mall,12.9719,77.5937,200,169,31,0.845,0.8,40,low,clear,1,0,0,simulated
2026-01-18 13:30:00,P2,City Office Parking,Office,12.975,77.5945,150,39,111,0.26,1.4,30,low,clear,1,0,0,simulated
2026-01-18 13:30:00,P3,Market Road Parking,Street,12.9698,77.5962,80,57,23,0.7125,0.5,20,low,clear,1,0,0,simulated
2026-01-18 13:30:00,P4,Metro Station Parking,Transit,12.9784,77.5915,250,96,154,0.384,1.8,25,low,clear,1,0,0,simulated
2026-01-18 13:30:00,P5,College Campus Parking,Campus,12.9675,77.594,120,16,104,0.1333,1.0,15,low,clear,1,0,0,simulated
2026-01-18 14:00:00,P1,Central Mall Parking,Mall,12.9719,77.5937,200,168,32,0.84,0.8,40,medium,rain,1,0,0,simulated
2026-01-18 14:00:00,P2,City Office Parking,Office,12.975,77.5945,150,44,106,0.2933,1.4,30,medium,rain,1,0,0,simulated
2026-01-18 14:00:00,P3,Market Road Parking,Street,12.9698,77.5962,80,57,23,0.7125,0.5,20,medium,rain,1,0,0,simulated
2026-01-18 14:00:00,P4,Metro Station Parking,Transit,12.9784,77.5915,250,100,150,0.4,1.8,25,medium,rain,1,0,0,simulated
2026-01-18 14:00:00,P5,College Campus Parking,Campus,12.9675,77.594,120,17,103,0.1417,1.0,15,medium,rain,1,0,0,simulated
2026-01-18 14:30:00,P1,Central Mall Parking,Mall,12.9719,77.5937,200,167,33,0.835,0.8,40,low,rain,1,0,0,simulated
2026-01-18 14:30:00,P2,City Office Parking,Office,12.975,77.5945,150,40,110,0.2667,1.4,30,low,rain,1,0,0,simulated
2026-01-18 14:30:00,P3,Market Road Parking,Street,12.9698,77.5962,80,51,29,0.6375,0.5,20,low,rain,1,0,0,simulated
2026-01-18 14:30:00,P4,Metro Station Parking,Transit,12.9784,77.5915,250,104,146,0.416,1.8,25,low,rain,1,0,0,simulated
2026-01-18 14:30:00,P5,College Campus Parking,Campus,12.9675,77.594,120,24,96,0.2,1.0,15,low,rain,1,0,0,simulated
2026-01-18 15:00:00,P1,Central Mall Parking,Mall,12.9719,77.5937,200,158,42,0.79,0.8,40,medium,clear,1,0,0,simulated
2026-01-18 15:00:00,P2,City Office Parking,Office,12.975,77.5945,150,36,114,0.24,1.4,30,medium,clear,1,0,0,simulated
2026-01-18 15:00:00,P3,Market Road Parking,Street,12.9698,77.5962,80,53,27,0.6625,0.5,20,medium,clear,1,0,0,simulated
2026-01-18 15:00:00,P4,Metro Station Parking,Transit,12.9784,77.5915,250,115,135,0.46,1.8,25,medium,clear,1,0,0,simulated
2026-01-18 15:00:00,P5,College Campus Parking,Campus,12.9675,77.594,120,24,96,0.2,1.0,15,medium,clear,1,0,0,simulated
2026-01-18 15:30:00,P1,Central Mall Parking,Mall,12.9719,77.5937,200,162,38,0.81,0.8,40,medium,clear,1,0,0,simulated
2026-01-18 15:30:00,P2,City Office Parking,Office,12.975,77.5945,150,29,121,0.1933,1.4,30,medium,clear,1,0,0,simulated
2026-01-18 15:30:00,P3,Market Road Parking,Street,12.9698,77.5962,80,40,40,0.5,0.5,20,medium,clear,1,0,0,simulated
2026-01-18 15:30:00,P4,Metro Station Parking,Transit,12.9784,77.5915,250,109,141,0.436,1.8,25,medium,clear,1,0,0,simulated
2026-01-18 15:30:00,P5,College Campus Parking,Campus,12.9675,77.594,120,20,100,0.1667,1.0,15,medium,clear,1,0,0,simulated
2026-01-18 16:00:00,P1,Central Mall Parking,Mall,12.9719,77.5937,200,171,29,0.855,0.8,40,medium,cloudy,1,0,0,simulated
2026-01-18 16:00:00,P2,City Office Parking,Office,12.975,77.5945,150,41,109,0.2733,1.4,30,medium,cloudy,1,0,0,simulated
2026-01-18 16:00:00,P3,Market Road Parking,Street,12.9698,77.5962,80,44,36,0.55,0.5,20,medium,cloudy,1,0,0,simulated
2026-01-18 16:00:00,P4,Metro Station Parking,Transit,12.9784,77.5915,250,92,158,0.368,1.8,25,medium,cloudy,1,0,0,simulated
2026-01-18 16:00:00,P5,College Campus Parking,Campus,12.9675,77.594,120,18,102,0.15,1.0,15,medium,cloudy,1,0,0,simulated
2026-01-18 16:30:00,P1,Central Mall Parking,Mall,12.9719,77.5937,200,191,9,0.955,0.8,40,medium,cloudy,1,0,0,simulated
2026-01-18 16:30:00,P2,City Office Parking,Office,12.975,77.5945,150,38,112,0.2533,1.4,30,medium,cloudy,1,0,0,simulated
2026-01-18 16:30:00,P3,Market Road Parking,Street,12.9698,77.5962,80,46,34,0.575,0.5,20,medium,cloudy,1,0,0,simulated
2026-01-18 16:30:00,P4,Metro Station Parking,Transit,12.9784,77.5915,250,114,136,0.456,1.8,25,medium,cloudy,1,0,0,simulated
2026-01-18 16:30:00,P5,College Campus Parking,Campus,12.9675,77.594,120,21,99,0.175,1.0,15,medium,cloudy,1,0,0,simulated
2026-01-18 17:00:00,P1,Central Mall Parking,Mall,12.9719,77.5937,200,178,22,0.89,0.8,40,high,clear,1,1,0,simulated
2026-01-18 17:00:00,P2,City Office Parking,Office,12.975,77.5945,150,41,109,0.2733,1.4,30,high,clear,1,1,0,simulated
2026-01-18 17:00:00,P3,Market Road Parking,Street,12.9698,77.5962,80,47,33,0.5875,0.5,20,high,clear,1,1,0,simulated
2026-01-18 17:00:00,P4,Metro Station Parking,Transit,12.9784,77.5915,250,212,38,0.848,1.8,25,high,clear,1,1,0,simulated
2026-01-18 17:00:00,P5,College Campus Parking,Campus,12.9675,77.594,120,19,101,0.1583,1.0,15,high,clear,1,1,0,simulated
2026-01-18 17:30:00,P1,Central Mall Parking,Mall,12.9719,77.5937,200,183,17,0.915,0.8,40,medium,clear,1,1,0,simulated
2026-01-18 17:30:00,P2,City Office Parking,Office,12.975,77.5945,150,35,115,0.2333,1.4,30,medium,clear,1,1,0,simulated
2026-01-18 17:30:00,P3,Market Road Parking,Street,12.9698,77.5962,80,50,30,0.625,0.5,20,medium,clear,1,1,0,simulated
2026-01-18 17:30:00,P4,Metro Station Parking,Transit,12.9784,77.5915,250,182,68,0.728,1.8,25,medium,clear,1,1,0,simulated
2026-01-18 17:30:00,P5,College Campus Parking,Campus,12.9675,77.594,120,20,100,0.1667,1.0,15,medium,clear,1,1,0,simulated
2026-01-18 18:00:00,P1,Central Mall Parking,Mall,12.9719,77.5937,200,189,11,0.945,0.8,40,high,cloudy,1,1,0,simulated
2026-01-18 18:00:00,P2,City Office Parking,Office,12.975,77.5945,150,43,107,0.2867,1.4,30,high,cloudy,1,1,0,simulated
2026-01-18 18:00:00,P3,Market Road Parking,Street,12.9698,77.5962,80,47,33,0.5875,0.5,20,high,cloudy,1,1,0,simulated
2026-01-18 18:00:00,P4,Metro Station Parking,Transit,12.9784,77.5915,250,200,50,0.8,1.8,25,high,cloudy,1,1,0,simulated
2026-01-18 18:00:00,P5,College Campus Parking,Campus,12.9675,77.594,120,22,98,0.1833,1.0,15,high,cloudy,1,1,0,simulated
2026-01-18 18:30:00,P1,Central Mall Parking,Mall,12.9719,77.5937,200,188,12,0.94,0.8,40,high,clear,1,1,0,simulated
2026-01-18 18:30:00,P2,City Office Parking,Office,12.975,77.5945,150,33,117,0.22,1.4,30,high,clear,1,1,0,simulated
2026-01-18 18:30:00,P3,Market Road Parking,Street,12.9698,77.5962,80,53,27,0.6625,0.5,20,high,clear,1,1,0,simulated
2026-01-18 18:30:00,P4,Metro Station Parking,Transit,12.9784,77.5915,250,206,44,0.824,1.8,25,high,clear,1,1,0,simulated
2026-01-18 18:30:00,P5,College Campus Parking,Campus,12.9675,77.594,120,25,95,0.2083,1.0,15,high,clear,1,1,0,simulated
2026-01-18 19:00:00,P1,Central Mall Parking,Mall,12.9719,77.5937,200,194,6,0.97,0.8,40,high,cloudy,1,1,0,simulated
2026-01-18 19:00:00,P2,City Office Parking,Office,12.975,77.5945,150,44,106,0.2933,1.4,30,high,cloudy,1,1,0,simulated
2026-01-18 19:00:00,P3,Market Road Parking,Street,12.9698,77.5962,80,53,27,0.6625,0.5,20,high,cloudy,1,1,0,simulated
2026-01-18 19:00:00,P4,Metro Station Parking,Transit,12.9784,77.5915,250,203,47,0.812,1.8,25,high,cloudy,1,1,0,simulated
2026-01-18 19:00:00,P5,College Campus Parking,Campus,12.9675,77.594,120,29,91,0.2417,1.0,15,high,cloudy,1,1,0,simulated
2026-01-18 19:30:00,P1,Central Mall Parking,Mall,12.9719,77.5937,200,194,6,0.97,0.8,40,high,cloudy,1,1,0,simulated
2026-01-18 19:30:00,P2,City Office Parking,Office,12.975,77.5945,150,41,109,0.2733,1.4,30,high,cloudy,1,1,0,simulated
2026-01-18 19:30:00,P3,Market Road Parking,Street,12.9698,77.5962,80,47,33,0.5875,0.5,20,high,cloudy,1,1,0,simulated
2026-01-18 19:30:00,P4,Metro Station Parking,Transit,12.9784,77.5915,250,187,63,0.748,1.8,25,high,cloudy,1,1,0,simulated
2026-01-18 19:30:00,P5,College Campus Parking,Campus,12.9675,77.594,120,28,92,0.2333,1.0,15,high,cloudy,1,1,0,simulated
2026-01-18 20:00:00,P1,Central Mall Parking,Mall,12.9719,77.5937,200,173,27,0.865,0.8,40,medium,clear,1,1,0,simulated
2026-01-18 20:00:00,P2,City Office Parking,Office,12.975,77.5945,150,34,116,0.2267,1.4,30,medium,clear,1,1,0,simulated
2026-01-18 20:00:00,P3,Market Road Parking,Street,12.9698,77.5962,80,48,32,0.6,0.5,20,medium,clear,1,1,0,simulated
2026-01-18 20:00:00,P4,Metro Station Parking,Transit,12.9784,77.5915,250,196,54,0.784,1.8,25,medium,clear,1,1,0,simulated
2026-01-18 20:00:00,P5,College Campus Parking,Campus,12.9675,77.594,120,25,95,0.2083,1.0,15,medium,clear,1,1,0,simulated
2026-01-19 08:00:00,P1,Central Mall Parking,Mall,12.9719,77.5937,200,46,154,0.23,0.8,40,high,clear,0,1,0,simulated
2026-01-19 08:00:00,P2,City Office Parking,Office,12.975,77.5945,150,64,86,0.4267,1.4,30,high,clear,0,1,0,simulated
2026-01-19 08:00:00,P3,Market Road Parking,Street,12.9698,77.5962,80,51,29,0.6375,0.5,20,high,clear,0,1,0,simulated
2026-01-19 08:00:00,P4,Metro Station Parking,Transit,12.9784,77.5915,250,219,31,0.876,1.8,25,high,clear,0,1,0,simulated
2026-01-19 08:00:00,P5,College Campus Parking,Campus,12.9675,77.594,120,47,73,0.3917,1.0,15,high,clear,0,1,0,simulated
2026-01-19 08:30:00,P1,Central Mall Parking,Mall,12.9719,77.5937,200,49,151,0.245,0.8,40,high,clear,0,1,0,simulated
2026-01-19 08:30:00,P2,City Office Parking,Office,12.975,77.5945,150,66,84,0.44,1.4,30,high,clear,0,1,0,simulated
2026-01-19 08:30:00,P3,Market Road Parking,Street,12.9698,77.5962,80,48,32,0.6,0.5,20,high,clear,0,1,0,simulated
2026-01-19 08:30:00,P4,Metro Station Parking,Transit,12.9784,77.5915,250,215,35,0.86,1.8,25,high,clear,0,1,0,simulated
2026-01-19 08:30:00,P5,College Campus Parking,Campus,12.9675,77.594,120,51,69,0.425,1.0,15,high,clear,0,1,0,simulated
2026-01-19 09:00:00,P1,Central Mall Parking,Mall,12.9719,77.5937,200,52,148,0.26,0.8,40,medium,clear,0,1,0,simulated
2026-01-19 09:00:00,P2,City Office Parking,Office,12.975,77.5945,150,112,38,0.7467,1.4,30,medium,clear,0,1,0,simulated
2026-01-19 09:00:00,P3,Market Road Parking,Street,12.9698,77.5962,80,42,38,0.525,0.5,20,medium,clear,0,1,0,simulated
2026-01-19 09:00:00,P4,Metro Station Parking,Transit,12.9784,77.5915,250,207,43,0.828,1.8,25,medium,clear,0,1,0,simulated
2026-01-19 09:00:00,P5,College Campus Parking,Campus,12.9675,77.594,120,90,30,0.75,1.0,15,medium,clear,0,1,0,simulated
2026-01-19 09:30:00,P1,Central Mall Parking,Mall,12.9719,77.5937,200,57,143,0.285,0.8,40,medium,clear,0,1,0,simulated
2026-01-19 09:30:00,P2,City Office Parking,Office,12.975,77.5945,150,121,29,0.8067,1.4,30,medium,clear,0,1,0,simulated
2026-01-19 09:30:00,P3,Market Road Parking,Street,12.9698,77.5962,80,48,32,0.6,0.5,20,medium,clear,0,1,0,simulated
2026-01-19 09:30:00,P4,Metro Station Parking,Transit,12.9784,77.5915,250,211,39,0.844,1.8,25,medium,clear,0,1,0,simulated
2026-01-19 09:30:00,P5,College Campus Parking,Campus,12.9675,77.594,120,92,28,0.7667,1.0,15,medium,clear,0,1,0,simulated
2026-01-19 10:00:00,P1,Central Mall Parking,Mall,12.9719,77.5937,200,61,139,0.305,0.8,40,medium,clear,0,1,0,simulated
2026-01-19 10:00:00,P2,City Office Parking,Office,12.975,77.5945,150,120,30,0.8,1.4,30,medium,clear,0,1,0,simulated
2026-01-19 10:00:00,P3,Market Road Parking,Street,12.9698,77.5962,80,46,34,0.575,0.5,20,medium,clear,0,1,0,simulated
2026-01-19 10:00:00,P4,Metro Station Parking,Transit,12.9784,77.5915,250,200,50,0.8,1.8,25,medium,clear,0,1,0,simulated
2026-01-19 10:00:00,P5,College Campus Parking,Campus,12.9675,77.594,120,95,25,0.7917,1.0,15,medium,clear,0,1,0,simulated
2026-01-19 10:30:00,P1,Central Mall Parking,Mall,12.9719,77.5937,200,41,159,0.205,0.8,40,medium,clear,0,0,0,simulated
2026-01-19 10:30:00,P2,City Office Parking,Office,12.975,77.5945,150,117,33,0.78,1.4,30,medium,clear,0,0,0,simulated
2026-01-19 10:30:00,P3,Market Road Parking,Street,12.9698,77.5962,80,41,39,0.5125,0.5,20,medium,clear,0,0,0,simulated
2026-01-19 10:30:00,P4,Metro Station Parking,Transit,12.9784,77.5915,250,137,113,0.548,1.8,25,medium,clear,0,0,0,simulated
2026-01-19 10:30:00,P5,College Campus Parking,Campus,12.9675,77.594,120,97,23,0.8083,1.0,15,medium,clear,0,0,0,simulated
2026-01-19 11:00:00,P1,Central Mall Parking,Mall,12.9719,77.5937,200,127,73,0.635,0.8,40,low,clear,0,0,0,simulated
2026-01-19 11:00:00,P2,City Office Parking,Office,12.975,77.5945,150,118,32,0.7867,1.4,30,low,clear,0,0,0,simulated
2026-01-19 11:00:00,P3,Market Road Parking,Street,12.9698,77.5962,80,49,31,0.6125,0.5,20,low,clear,0,0,0,simulated
2026-01-19 11:00:00,P4,Metro Station Parking,Transit,12.9784,77.5915,250,139,111,0.556,1.8,25,low,clear,0,0,0,simulated
2026-01-19 11:00:00,P5,College Campus Parking,Campus,12.9675,77.594,120,94,26,0.7833,1.0,15,low,clear,0,0,0,simulated
2026-01-19 11:30:00,P1,Central Mall Parking,Mall,12.9719,77.5937,200,115,85,0.575,0.8,40,medium,cloudy,0,0,0,simulated
2026-01-19 11:30:00,P2,City Office Parking,Office,12.975,77.5945,150,130,20,0.8667,1.4,30,medium,cloudy,0,0,0,simulated
2026-01-19 11:30:00,P3,Market Road Parking,Street,12.9698,77.5962,80,50,30,0.625,0.5,20,medium,cloudy,0,0,0,simulated
2026-01-19 11:30:00,P4,Metro Station Parking,Transit,12.9784,77.5915,250,127,123,0.508,1.8,25,medium,cloudy,0,0,0,simulated
2026-01-19 11:30:00,P5,College Campus Parking,Campus,12.9675,77.594,120,96,24,0.8,1.0,15,medium,cloudy,0,0,0,simulated
2026-01-19 12:00:00,P1,Central Mall Parking,Mall,12.9719,77.5937,200,114,86,0.57,0.8,40,medium,clear,0,0,0,simulated
2026-01-19 12:00:00,P2,City Office Parking,Office,12.975,77.5945,150,126,24,0.84,1.4,30,medium,clear,0,0,0,simulated
2026-01-19 12:00:00,P3,Market Road Parking,Street,12.9698,77.5962,80,53,27,0.6625,0.5,20,medium,clear,0,0,0,simulated
2026-01-19 12:00:00,P4,Metro Station Parking,Transit,12.9784,77.5915,250,139,111,0.556,1.8,25,medium,clear,0,0,0,simulated
2026-01-19 12:00:00,P5,College Campus Parking,Campus,12.9675,77.594,120,95,25,0.7917,1.0,15,medium,clear,0,0,0,simulated
2026-01-19 12:30:00,P1,Central Mall Parking,Mall,12.9719,77.5937,200,132,68,0.66,0.8,40,medium,cloudy,0,0,0,simulated
2026-01-19 12:30:00,P2,City Office Parking,Office,12.975,77.5945,150,126,24,0.84,1.4,30,medium,cloudy,0,0,0,simulated
2026-01-19 12:30:00,P3,Market Road Parking,Street,12.9698,77.5962,80,49,31,0.6125,0.5,20,medium,cloudy,0,0,0,simulated
2026-01-19 12:30:00,P4,Metro Station Parking,Transit,12.9784,77.5915,250,139,111,0.556,1.8,25,medium,cloudy,0,0,0,simulated
2026-01-19 12:30:00,P5,College Campus Parking,Campus,12.9675,77.594,120,107,13,0.8917,1.0,15,medium,cloudy,0,0,0,simulated
2026-01-19 13:00:00,P1,Central Mall Parking,Mall,12.9719,77.5937,200,126,74,0.63,0.8,40,medium,cloudy,0,0,0,simulated
2026-01-19 13:00:00,P2,City Office Parking,Office,12.975,77.5945,150,137,13,0.9133,1.4,30,medium,cloudy,0,0,0,simulated
2026-01-19 13:00:00,P3,Market Road Parking,Street,12.9698,77.5962,80,51,29,0.6375,0.5,20,medium,cloudy,0,0,0,simulated
2026-01-19 13:00:00,P4,Metro Station Parking,Transit,12.9784,77.5915,250,132,118,0.528,1.8,25,medium,cloudy,0,0,0,simulated
2026-01-19 13:00:00,P5,College Campus Parking,Campus,12.9675,77.594,120,95,25,0.7917,1.0,15,medium,cloudy,0,0,0,simulated
2026-01-19 13:30:00,P1,Central Mall Parking,Mall,12.9719,77.5937,200,128,72,0.64,0.8,40,medium,rain,0,0,0,simulated
2026-01-19 13:30:00,P2,City Office Parking,Office,12.975,77.5945,150,143,7,0.9533,1.4,30,medium,rain,0,0,0,simulated
2026-01-19 13:30:00,P3,Market Road Parking,Street,12.9698,77.5962,80,51,29,0.6375,0.5,20,medium,rain,0,0,0,simulated
2026-01-19 13:30:00,P4,Metro Station Parking,Transit,12.9784,77.5915,250,124,126,0.496,1.8,25,medium,rain,0,0,0,simulated
2026-01-19 13:30:00,P5,College Campus Parking,Campus,12.9675,77.594,120,108,12,0.9,1.0,15,medium,rain,0,0,0,simulated
2026-01-19 14:00:00,P1,Central Mall Parking,Mall,12.9719,77.5937,200,122,78,0.61,0.8,40,low,clear,0,0,0,simulated
2026-01-19 14:00:00,P2,City Office Parking,Office,12.975,77.5945,150,139,11,0.9267,1.4,30,low,clear,0,0,0,simulated
2026-01-19 14:00:00,P3,Market Road Parking,Street,12.9698,77.5962,80,50,30,0.625,0.5,20,low,clear,0,0,0,simulated
2026-01-19 14:00:00,P4,Metro Station Parking,Transit,12.9784,77.5915,250,137,113,0.548,1.8,25,low,clear,0,0,0,simulated
2026-01-19 14:00:00,P5,College Campus Parking,Campus,12.9675,77.594,120,104,16,0.8667,1.0,15,low,clear,0,0,0,simulated
2026-01-19 14:30:00,P1,Central Mall Parking,Mall,12.9719,77.5937,200,128,72,0.64,0.8,40,low,clear,0,0,0,simulated
2026-01-19 14:30:00,P2,City Office Parking,Office,12.975,77.5945,150,127,23,0.8467,1.4,30,low,clear,0,0,0,simulated
2026-01-19 14:30:00,P3,Market Road Parking,Street,12.9698,77.5962,80,51,29,0.6375,0.5,20,low,clear,0,0,0,simulated
2026-01-19 14:30:00,P4,Metro Station Parking,Transit,12.9784,77.5915,250,126,124,0.504,1.8,25,low,clear,0,0,0,simulated
2026-01-19 14:30:00,P5,College Campus Parking,Campus,12.9675,77.594,120,101,19,0.8417,1.0,15,low,clear,0,0,0,simulated
2026-01-19 15:00:00,P1,Central Mall Parking,Mall,12.9719,77.5937,200,130,70,0.65,0.8,40,medium,clear,0,0,0,simulated
2026-01-19 15:00:00,P2,City Office Parking,Office,12.975,77.5945,150,124,26,0.8267,1.4,30,medium,clear,0,0,0,simulated
2026-01-19 15:00:00,P3,Market Road Parking,Street,12.9698,77.5962,80,53,27,0.6625,0.5,20,medium,clear,0,0,0,simulated
2026-01-19 15:00:00,P4,Metro Station Parking,Transit,12.9784,77.5915,250,119,131,0.476,1.8,25,medium,clear,0,0,0,simulated
2026-01-19 15:00:00,P5,College Campus Parking,Campus,12.9675,77.594,120,101,19,0.8417,1.0,15,medium,clear,0,0,0,simulated
2026-01-19 15:30:00,P1,Central Mall Parking,Mall,12.9719,77.5937,200,148,52,0.74,0.8,40,medium,cloudy,0,0,0,simulated
2026-01-19 15:30:00,P2,City Office Parking,Office,12.975,77.5945,150,124,26,0.8267,1.4,30,medium,cloudy,0,0,0,simulated
2026-01-19 15:30:00,P3,Market Road Parking,Street,12.9698,77.5962,80,42,38,0.525,0.5,20,medium,cloudy,0,0,0,simulated
2026-01-19 15:30:00,P4,Metro Station Parking,Transit,12.9784,77.5915,250,125,125,0.5,1.8,25,medium,cloudy,0,0,0,simulated
2026-01-19 15:30:00,P5,College Campus Parking,Campus,12.9675,77.594,120,100,20,0.8333,1.0,15,medium,cloudy,0,0,0,simulated
2026-01-19 16:00:00,P1,Central Mall Parking,Mall,12.9719,77.5937,200,158,42,0.79,0.8,40,medium,clear,0,0,0,simulated
2026-01-19 16:00:00,P2,City Office Parking,Office,12.975,77.5945,150,111,39,0.74,1.4,30,medium,clear,0,0,0,simulated
2026-01-19 16:00:00,P3,Market Road Parking,Street,12.9698,77.5962,80,38,42,0.475,0.5,20,medium,clear,0,0,0,simulated
2026-01-19 16:00:00,P4,Metro Station Parking,Transit,12.9784,77.5915,250,144,106,0.576,1.8,25,medium,clear,0,0,0,simulated
2026-01-19 16:00:00,P5,College Campus Parking,Campus,12.9675,77.594,120,107,13,0.8917,1.0,15,medium,clear,0,0,0,simulated
2026-01-19 16:30:00,P1,Central Mall Parking,Mall,12.9719,77.5937,200,161,39,0.805,0.8,40,medium,clear,0,0,0,simulated
2026-01-19 16:30:00,P2,City Office Parking,Office,12.975,77.5945,150,117,33,0.78,1.4,30,medium,clear,0,0,0,simulated
2026-01-19 16:30:00,P3,Market Road Parking,Street,12.9698,77.5962,80,36,44,0.45,0.5,20,medium,clear,0,0,0,simulated
2026-01-19 16:30:00,P4,Metro Station Parking,Transit,12.9784,77.5915,250,118,132,0.472,1.8,25,medium,clear,0,0,0,simulated
2026-01-19 16:30:00,P5,College Campus Parking,Campus,12.9675,77.594,120,63,57,0.525,1.0,15,medium,clear,0,0,0,simulated
2026-01-19 17:00:00,P1,Central Mall Parking,Mall,12.9719,77.5937,200,159,41,0.795,0.8,40,medium,cloudy,0,1,0,simulated
2026-01-19 17:00:00,P2,City Office Parking,Office,12.975,77.5945,150,119,31,0.7933,1.4,30,medium,cloudy,0,1,0,simulated
2026-01-19 17:00:00,P3,Market Road Parking,Street,12.9698,77.5962,80,46,34,0.575,0.5,20,medium,cloudy,0,1,0,simulated
2026-01-19 17:00:00,P4,Metro Station Parking,Transit,12.9784,77.5915,250,217,33,0.868,1.8,25,medium,cloudy,0,1,0,simulated
2026-01-19 17:00:00,P5,College Campus Parking,Campus,12.9675,77.594,120,65,55,0.5417,1.0,15,medium,cloudy,0,1,0,simulated
2026-01-19 17:30:00,P1,Central Mall Parking,Mall,12.9719,77.5937,200,165,35,0.825,0.8,40,high,clear,0,1,0,simulated
2026-01-19 17:30:00,P2,City Office Parking,Office,12.975,77.5945,150,121,29,0.8067,1.4,30,high,clear,0,1,0,simulated
2026-01-19 17:30:00,P3,Market Road Parking,Street,12.9698,77.5962,80,49,31,0.6125,0.5,20,high,clear,0,1,0,simulated
2026-01-19 17:30:00,P4,Metro Station Parking,Transit,12.9784,77.5915,250,223,27,0.892,1.8,25,high,clear,0,1,0,simulated
2026-01-19 17:30:00,P5,College Campus Parking,Campus,12.9675,77.594,120,70,50,0.5833,1.0,15,high,clear,0,1,0,simulated
2026-01-19 18:00:00,P1,Central Mall Parking,Mall,12.9719,77.5937,200,152,48,0.76,0.8,40,high,clear,0,1,0,simulated
2026-01-19 18:00:00,P2,City Office Parking,Office,12.975,77.5945,150,124,26,0.8267,1.4,30,high,clear,0,1,0,simulated
2026-01-19 18:00:00,P3,Market Road Parking,Street,12.9698,77.5962,80,43,37,0.5375,0.5,20,high,clear,0,1,0,simulated
2026-01-19 18:00:00,P4,Metro Station Parking,Transit,12.9784,77.5915,250,234,16,0.936,1.8,25,high,clear,0,1,0,simulated
2026-01-19 18:00:00,P5,College Campus Parking,Campus,12.9675,77.594,120,68,52,0.5667,1.0,15,high,clear,0,1,0,simulated
2026-01-19 18:30:00,P1,Central Mall Parking,Mall,12.9719,77.5937,200,150,50,0.75,0.8,40,high,cloudy,0,1,0,simulated
2026-01-19 18:30:00,P2,City Office Parking,Office,12.975,77.5945,150,74,76,0.4933,1.4,30,high,cloudy,0,1,0,simulated
2026-01-19 18:30:00,P3,Market Road Parking,Street,12.9698,77.5962,80,49,31,0.6125,0.5,20,high,cloudy,0,1,0,simulated
2026-01-19 18:30:00,P4,Metro Station Parking,Transit,12.9784,77.5915,250,218,32,0.872,1.8,25,high,cloudy,0,1,0,simulated
2026-01-19 18:30:00,P5,College Campus Parking,Campus,12.9675,77.594,120,34,86,0.2833,1.0,15,high,cloudy,0,1,0,simulated
2026-01-19 19:00:00,P1,Central Mall Parking,Mall,12.9719,77.5937,200,149,51,0.745,0.8,40,high,clear,0,1,0,simulated
2026-01-19 19:00:00,P2,City Office Parking,Office,12.975,77.5945,150,83,67,0.5533,1.4,30,high,clear,0,1,0,simulated
2026-01-19 19:00:00,P3,Market Road Parking,Street,12.9698,77.5962,80,45,35,0.5625,0.5,20,high,clear,0,1,0,simulated
2026-01-19 19:00:00,P4,Metro Station Parking,Transit,12.9784,77.5915,250,237,13,0.948,1.8,25,high,clear,0,1,0,simulated
2026-01-19 19:00:00,P5,College Campus Parking,Campus,12.9675,77.594,120,28,92,0.2333,1.0,15,high,clear,0,1,0,simulated
2026-01-19 19:30:00,P1,Central Mall Parking,Mall,12.9719,77.5937,200,151,49,0.755,0.8,40,high,clear,0,1,0,simulated
2026-01-19 19:30:00,P2,City Office Parking,Office,12.975,77.5945,150,84,66,0.56,1.4,30,high,clear,0,1,0,simulated
2026-01-19 19:30:00,P3,Market Road Parking,Street,12.9698,77.5962,80,47,33,0.5875,0.5,20,high,clear,0,1,0,simulated
2026-01-19 19:30:00,P4,Metro Station Parking,Transit,12.9784,77.5915,250,235,15,0.94,1.8,25,high,clear,0,1,0,simulated
2026-01-19 19:30:00,P5,College Campus Parking,Campus,12.9675,77.594,120,29,91,0.2417,1.0,15,high,clear,0,1,0,simulated
2026-01-19 20:00:00,P1,Central Mall Parking,Mall,12.9719,77.5937,200,153,47,0.765,0.8,40,medium,clear,0,1,0,simulated
2026-01-19 20:00:00,P2,City Office Parking,Office,12.975,77.5945,150,71,79,0.4733,1.4,30,medium,clear,0,1,0,simulated
2026-01-19 20:00:00,P3,Market Road Parking,Street,12.9698,77.5962,80,40,40,0.5,0.5,20,medium,clear,0,1,0,simulated
2026-01-19 20:00:00,P4,Metro Station Parking,Transit,12.9784,77.5915,250,215,35,0.86,1.8,25,medium,clear,0,1,0,simulated
2026-01-19 20:00:00,P5,College Campus Parking,Campus,12.9675,77.594,120,36,84,0.3,1.0,15,medium,clear,0,1,0,simulated
2026-01-20 08:00:00,P1,Central Mall Parking,Mall,12.9719,77.5937,200,52,148,0.26,0.8,40,high,rain,0,1,0,simulated
2026-01-20 08:00:00,P2,City Office Parking,Office,12.975,77.5945,150,74,76,0.4933,1.4,30,high,rain,0,1,0,simulated
2026-01-20 08:00:00,P3,Market Road Parking,Street,12.9698,77.5962,80,46,34,0.575,0.5,20,high,rain,0,1,0,simulated
2026-01-20 08:00:00,P4,Metro Station Parking,Transit,12.9784,77.5915,250,225,25,0.9,1.8,25,high,rain,0,1,0,simulated
2026-01-20 08:00:00,P5,College Campus Parking,Campus,12.9675,77.594,120,46,74,0.3833,1.0,15,high,rain,0,1,0,simulated
2026-01-20 08:30:00,P1,Central Mall Parking,Mall,12.9719,77.5937,200,64,136,0.32,0.8,40,high,clear,0,1,0,simulated
2026-01-20 08:30:00,P2,City Office Parking,Office,12.975,77.5945,150,64,86,0.4267,1.4,30,high,clear,0,1,0,simulated
2026-01-20 08:30:00,P3,Market Road Parking,Street,12.9698,77.5962,80,51,29,0.6375,0.5,20,high,clear,0,1,0,simulated
2026-01-20 08:30:00,P4,Metro Station Parking,Transit,12.9784,77.5915,250,221,29,0.884,1.8,25,high,clear,0,1,0,simulated
2026-01-20 08:30:00,P5,College Campus Parking,Campus,12.9675,77.594,120,45,75,0.375,1.0,15,high,clear,0,1,0,simulated
2026-01-20 09:00:00,P1,Central Mall Parking,Mall,12.9719,77.5937,200,42,158,0.21,0.8,40,medium,cloudy,0,1,0,simulated
2026-01-20 09:00:00,P2,City Office Parking,Office,12.975,77.5945,150,117,33,0.78,1.4,30,medium,cloudy,0,1,0,simulated
2026-01-20 09:00:00,P3,Market Road Parking,Street,12.9698,77.5962,80,44,36,0.55,0.5,20,medium,cloudy,0,1,0,simulated
2026-01-20 09:00:00,P4,Metro Station Parking,Transit,12.9784,77.5915,250,195,55,0.78,1.8,25,medium,cloudy,0,1,0,simulated
2026-01-20 09:00:00,P5,College Campus Parking,Campus,12.9675,77.594,120,95,25,0.7917,1.0,15,medium,cloudy,0,1,0,simulated
2026-01-20 09:30:00,P1,Central Mall Parking,Mall,12.9719,77.5937,200,47,153,0.235,0.8,40,high,cloudy,0,1,0,simulated
2026-01-20 09:30:00,P2,City Office Parking,Office,12.975,77.5945,150,124,26,0.8267,1.4,30,high,cloudy,0,1,0,simulated
2026-01-20 09:30:00,P3,Market Road Parking,Street,12.9698,77.5962,80,48,32,0.6,0.5,20,high,cloudy,0,1,0,simulated
2026-01-20 09:30:00,P4,Metro Station Parking,Transit,12.9784,77.5915,250,214,36,0.856,1.8,25,high,cloudy,0,1,0,simulated
2026-01-20 09:30:00,P5,College Campus Parking,Campus,12.9675,77.594,120,99,21,0.825,1.0,15,high,cloudy,0,1,0,simulated
2026-01-20 10:00:00,P1,Central Mall Parking,Mall,12.9719,77.5937,200,67,133,0.335,0.8,40,high,cloudy,0,1,0,simulated
2026-01-20 10:00:00,P2,City Office Parking,Office,12.975,77.5945,150,117,33,0.78,1.4,30,high,cloudy,0,1,0,simulated
2026-01-20 10:00:00,P3,Market Road Parking,Street,12.9698,77.5962,80,49,31,0.6125,0.5,20,high,cloudy,0,1,0,simulated
2026-01-20 10:00:00,P4,Metro Station Parking,Transit,12.9784,77.5915,250,225,25,0.9,1.8,25,high,cloudy,0,1,0,simulated
2026-01-20 10:00:00,P5,College Campus Parking,Campus,12.9675,77.594,120,99,21,0.825,1.0,15,high,cloudy,0,1,0,simulated
2026-01-20 10:30:00,P1,Central Mall Parking,Mall,12.9719,77.5937,200,61,139,0.305,0.8,40,low,clear,0,0,0,simulated
2026-01-20 10:30:00,P2,City Office Parking,Office,12.975,77.5945,150,112,38,0.7467,1.4,30,low,clear,0,0,0,simulated
2026-01-20 10:30:00,P3,Market Road Parking,Street,12.9698,77.5962,80,36,44,0.45,0.5,20,low,clear,0,0,0,simulated
2026-01-20 10:30:00,P4,Metro Station Parking,Transit,12.9784,77.5915,250,131,119,0.524,1.8,25,low,clear,0,0,0,simulated
2026-01-20 10:30:00,P5,College Campus Parking,Campus,12.9675,77.594,120,86,34,0.7167,1.0,15,low,clear,0,0,0,simulated
2026-01-20 11:00:00,P1,Central Mall Parking,Mall,12.9719,77.5937,200,137,63,0.685,0.8,40,low,rain,0,0,0,simulated
2026-01-20 11:00:00,P2,City Office Parking,Office,12.975,77.5945,150,124,26,0.8267,1.4,30,low,rain,0,0,0,simulated
2026-01-20 11:00:00,P3,Market Road Parking,Street,12.9698,77.5962,80,48,32,0.6,0.5,20,low,rain,0,0,0,simulated
2026-01-20 11:00:00,P4,Metro Station Parking,Transit,12.9784,77.5915,250,130,120,0.52,1.8,25,low,rain,0,0,0,simulated
2026-01-20 11:00:00,P5,College Campus Parking,Campus,12.9675,77.594,120,99,21,0.825,1.0,15,low,rain,0,0,0,simulated
2026-01-20 11:30:00,P1,Central Mall Parking,Mall,12.9719,77.5937,200,127,73,0.635,0.8,40,medium,cloudy,0,0,0,simulated
2026-01-20 11:30:00,P2,City Office Parking,Office,12.975,77.5945,150,127,23,0.8467,1.4,30,medium,cloudy,0,0,0,simulated
2026-01-20 11:30:00,P3,Market Road Parking,Street,12.9698,77.5962,80,49,31,0.6125,0.5,20,medium,cloudy,0,0,0,simulated
2026-01-20 11:30:00,P4,Metro Station Parking,Transit,12.9784,77.5915,250,123,127,0.492,1.8,25,medium,cloudy,0,0,0,simulated
2026-01-20 11:30:00,P5,College Campus Parking,Campus,12.9675,77.594,120,93,27,0.775,1.0,15,medium,cloudy,0,0,0,simulated
2026-01-20 12:00:00,P1,Central Mall Parking,Mall,12.9719,77.5937,200,119,81,0.595,0.8,40,medium,clear,0,0,0,simulated
2026-01-20 12:00:00,P2,City Office Parking,Office,12.975,77.5945,150,139,11,0.9267,1.4,30,medium,clear,0,0,0,simulated
2026-01-20 12:00:00,P3,Market Road Parking,Street,12.9698,77.5962,80,52,28,0.65,0.5,20,medium,clear,0,0,0,simulated
2026-01-20 12:00:00,P4,Metro Station Parking,Transit,12.9784,77.5915,250,139,111,0.556,1.8,25,medium,clear,0,0,0,simulated
2026-01-20 12:00:00,P5,College Campus Parking,Campus,12.9675,77.594,120,94,26,0.7833,1.0,15,medium,clear,0,0,0,simulated
2026-01-20 12:30:00,P1,Central Mall Parking,Mall,12.9719,77.5937,200,120,80,0.6,0.8,40,medium,clear,0,0,0,simulated
2026-01-20 12:30:00,P2,City Office Parking,Office,12.975,77.5945,150,131,19,0.8733,1.4,30,medium,clear,0,0,0,simulated
2026-01-20 12:30:00,P3,Market Road Parking,Street,12.9698,77.5962,80,48,32,0.6,0.5,20,medium,clear,0,0,0,simulated
2026-01-20 12:30:00,P4,Metro Station Parking,Transit,12.9784,77.5915,250,123,127,0.492,1.8,25,medium,clear,0,0,0,simulated
2026-01-20 12:30:00,P5,College Campus Parking,Campus,12.9675,77.594,120,101,19,0.8417,1.0,15,medium,clear,0,0,0,simulated
2026-01-20 13:00:00,P1,Central Mall Parking,Mall,12.9719,77.5937,200,116,84,0.58,0.8,40,medium,clear,0,0,0,simulated
2026-01-20 13:00:00,P2,City Office Parking,Office,12.975,77.5945,150,136,14,0.9067,1.4,30,medium,clear,0,0,0,simulated
2026-01-20 13:00:00,P3,Market Road Parking,Street,12.9698,77.5962,80,46,34,0.575,0.5,20,medium,clear,0,0,0,simulated
2026-01-20 13:00:00,P4,Metro Station Parking,Transit,12.9784,77.5915,250,138,112,0.552,1.8,25,medium,clear,0,0,0,simulated
2026-01-20 13:00:00,P5,College Campus Parking,Campus,12.9675,77.594,120,99,21,0.825,1.0,15,medium,clear,0,0,0,simulated
2026-01-20 13:30:00,P1,Central Mall Parking,Mall,12.9719,77.5937,200,132,68,0.66,0.8,40,medium,cloudy,0,0,0,simulated
2026-01-20 13:30:00,P2,City Office Parking,Office,12.975,77.5945,150,138,12,0.92,1.4,30,medium,cloudy,0,0,0,simulated
2026-01-20 13:30:00,P3,Market Road Parking,Street,12.9698,77.5962,80,52,28,0.65,0.5,20,medium,cloudy,0,0,0,simulated
2026-01-20 13:30:00,P4,Metro Station Parking,Transit,12.9784,77.5915,250,117,133,0.468,1.8,25,medium,cloudy,0,0,0,simulated
2026-01-20 13:30:00,P5,College Campus Parking,Campus,12.9675,77.594,120,102,18,0.85,1.0,15,medium,cloudy,0,0,0,simulated
2026-01-20 14:00:00,P1,Central Mall Parking,Mall,12.9719,77.5937,200,129,71,0.645,0.8,40,medium,clear,0,0,0,simulated
2026-01-20 14:00:00,P2,City Office Parking,Office,12.975,77.5945,150,132,18,0.88,1.4,30,medium,clear,0,0,0,simulated
2026-01-20 14:00:00,P3,Market Road Parking,Street,12.9698,77.5962,80,45,35,0.5625,0.5,20,medium,clear,0,0,0,simulated
2026-01-20 14:00:00,P4,Metro Station Parking,Transit,12.9784,77.5915,250,127,123,0.508,1.8,25,medium,clear,0,0,0,simulated
2026-01-20 14:00:00,P5,College Campus Parking,Campus,12.9675,77.594,120,99,21,0.825,1.0,15,medium,clear,0,0,0,simulated
2026-01-20 14:30:00,P1,Central Mall Parking,Mall,12.9719,77.5937,200,132,68,0.66,0.8,40,medium,clear,0,0,0,simulated
2026-01-20 14:30:00,P2,City Office Parking,Office,12.975,77.5945,150,137,13,0.9133,1.4,30,medium,clear,0,0,0,simulated
2026-01-20 14:30:00,P3,Market Road Parking,Street,12.9698,77.5962,80,47,33,0.5875,0.5,20,medium,clear,0,0,0,simulated
2026-01-20 14:30:00,P4,Metro Station Parking,Transit,12.9784,77.5915,250,136,114,0.544,1.8,25,medium,clear,0,0,0,simulated
2026-01-20 14:30:00,P5,College Campus Parking,Campus,12.9675,77.594,120,103,17,0.8583,1.0,15,medium,clear,0,0,0,simulated
2026-01-20 15:00:00,P1,Central Mall Parking,Mall,12.9719,77.5937,200,116,84,0.58,0.8,40,medium,clear,0,0,0,simulated
2026-01-20 15:00:00,P2,City Office Parking,Office,12.975,77.5945,150,139,11,0.9267,1.4,30,medium,clear,0,0,0,simulated
2026-01-20 15:00:00,P3,Market Road Parking,Street,12.9698,77.5962,80,48,32,0.6,0.5,20,medium,clear,0,0,0,simulated
2026-01-20 15:00:00,P4,Metro Station Parking,Transit,12.9784,77.5915,250,119,131,0.476,1.8,25,medium,clear,0,0,0,simulated
2026-01-20 15:00:00,P5,College Campus Parking,Campus,12.9675,77.594,120,99,21,0.825,1.0,15,medium,clear,0,0,0,simulated
2026-01-20 15:30:00,P1,Central Mall Parking,Mall,12.9719,77.5937,200,158,42,0.79,0.8,40,low,clear,0,0,0,simulated
2026-01-20 15:30:00,P2,City Office Parking,Office,12.975,77.5945,150,115,35,0.7667,1.4,30,low,clear,0,0,0,simulated
2026-01-20 15:30:00,P3,Market Road Parking,Street,12.9698,77.5962,80,39,41,0.4875,0.5,20,low,clear,0,0,0,simulated
2026-01-20 15:30:00,P4,Metro Station Parking,Transit,12.9784,77.5915,250,122,128,0.488,1.8,25,low,clear,0,0,0,simulated
2026-01-20 15:30:00,P5,College Campus Parking,Campus,12.9675,77.594,120,104,16,0.8667,1.0,15,low,clear,0,0,0,simulated
2026-01-20 16:00:00,P1,Central Mall Parking,Mall,12.9719,77.5937,200,151,49,0.755,0.8,40,medium,rain,0,0,0,simulated
2026-01-20 16:00:00,P2,City Office Parking,Office,12.975,77.5945,150,126,24,0.84,1.4,30,medium,rain,0,0,0,simulated
2026-01-20 16:00:00,P3,Market Road Parking,Street,12.9698,77.5962,80,46,34,0.575,0.5,20,medium,rain,0,0,0,simulated
2026-01-20 16:00:00,P4,Metro Station Parking,Transit,12.9784,77.5915,250,128,122,0.512,1.8,25,medium,rain,0,0,0,simulated
2026-01-20 16:00:00,P5,College Campus Parking,Campus,12.9675,77.594,120,109,11,0.9083,1.0,15,medium,rain,0,0,0,simulated
2026-01-20 16:30:00,P1,Central Mall Parking,Mall,12.9719,77.5937,200,144,56,0.72,0.8,40,medium,clear,0,0,0,simulated
2026-01-20 16:30:00,P2,City Office Parking,Office,12.975,77.5945,150,118,32,0.7867,1.4,30,medium,clear,0,0,0,simulated
2026-01-20 16:30:00,P3,Market Road Parking,Street,12.9698,77.5962,80,36,44,0.45,0.5,20,medium,clear,0,0,0,simulated
2026-01-20 16:30:00,P4,Metro Station Parking,Transit,12.9784,77.5915,250,139,111,0.556,1.8,25,medium,clear,0,0,0,simulated
2026-01-20 16:30:00,P5,College Campus Parking,Campus,12.9675,77.594,120,54,66,0.45,1.0,15,medium,clear,0,0,0,simulated
2026-01-20 17:00:00,P1,Central Mall Parking,Mall,12.9719,77.5937,200,164,36,0.82,0.8,40,high,clear,0,1,0,simulated
2026-01-20 17:00:00,P2,City Office Parking,Office,12.975,77.5945,150,124,26,0.8267,1.4,30,high,clear,0,1,0,simulated
2026-01-20 17:00:00,P3,Market Road Parking,Street,12.9698,77.5962,80,45,35,0.5625,0.5,20,high,clear,0,1,0,simulated
2026-01-20 17:00:00,P4,Metro Station Parking,Transit,12.9784,77.5915,250,232,18,0.928,1.8,25,high,clear,0,1,0,simulated
2026-01-20 17:00:00,P5,College Campus Parking,Campus,12.9675,77.594,120,66,54,0.55,1.0,15,high,clear,0,1,0,simulated
2026-01-20 17:30:00,P1,Central Mall Parking,Mall,12.9719,77.5937,200,151,49,0.755,0.8,40,high,clear,0,1,0,simulated
2026-01-20 17:30:00,P2,City Office Parking,Office,12.975,77.5945,150,118,32,0.7867,1.4,30,high,clear,0,1,0,simulated
2026-01-20 17:30:00,P3,Market Road Parking,Street,12.9698,77.5962,80,43,37,0.5375,0.5,20,high,clear,0,1,0,simulated
2026-01-20 17:30:00,P4,Metro Station Parking,Transit,12.9784,77.5915,250,230,20,0.92,1.8,25,high,clear,0,1,0,simulated
2026-01-20 17:30:00,P5,College Campus Parking,Campus,12.9675,77.594,120,66,54,0.55,1.0,15,high,clear,0,1,0,simulated
2026-01-20 18:00:00,P1,Central Mall Parking,Mall,12.9719,77.5937,200,160,40,0.8,0.8,40,high,clear,0,1,0,simulated
2026-01-20 18:00:00,P2,City Office Parking,Office,12.975,77.5945,150,120,30,0.8,1.4,30,high,clear,0,1,0,simulated
2026-01-20 18:00:00,P3,Market Road Parking,Street,12.9698,77.5962,80,44,36,0.55,0.5,20,high,clear,0,1,0,simulated
2026-01-20 18:00:00,P4,Metro Station Parking,Transit,12.9784,77.5915,250,233,17,0.932,1.8,25,high,clear,0,1,0,simulated
2026-01-20 18:00:00,P5,College Campus Parking,Campus,12.9675,77.594,120,63,57,0.525,1.0,15,high,clear,0,1,0,simulated
2026-01-20 18:30:00,P1,Central Mall Parking,Mall,12.9719,77.5937,200,158,42,0.79,0.8,40,high,clear,0,1,0,simulated
2026-01-20 18:30:00,P2,City Office Parking,Office,12.975,77.5945,150,83,67,0.5533,1.4,30,high,clear,0,1,0,simulated
2026-01-20 18:30:00,P3,Market Road Parking,Street,12.9698,77.5962,80,49,31,0.6125,0.5,20,high,clear,0,1,0,simulated
2026-01-20 18:30:00,P4,Metro Station Parking,Transit,12.9784,77.5915,250,235,15,0.94,1.8,25,high,clear,0,1,0,simulated
2026-01-20 18:30:00,P5,College Campus Parking,Campus,12.9675,77.594,120,29,91,0.2417,1.0,15,high,clear,0,1,0,simulated
2026-01-20 19:00:00,P1,Central Mall Parking,Mall,12.9719,77.5937,200,168,32,0.84,0.8,40,high,clear,0,1,0,simulated
2026-01-20 19:00:00,P2,City Office Parking,Office,12.975,77.5945,150,73,77,0.4867,1.4,30,high,clear,0,1,0,simulated
2026-01-20 19:00:00,P3,Market Road Parking,Street,12.9698,77.5962,80,46,34,0.575,0.5,20,high,clear,0,1,0,simulated
2026-01-20 19:00:00,P4,Metro Station Parking,Transit,12.9784,77.5915,250,223,27,0.892,1.8,25,high,clear,0,1,0,simulated
2026-01-20 19:00:00,P5,College Campus Parking,Campus,12.9675,77.594,120,40,80,0.3333,1.0,15,high,clear,0,1,0,simulated
2026-01-20 19:30:00,P1,Central Mall Parking,Mall,12.9719,77.5937,200,164,36,0.82,0.8,40,high,cloudy,0,1,0,simulated
2026-01-20 19:30:00,P2,City Office Parking,Office,12.975,77.5945,150,80,70,0.5333,1.4,30,high,cloudy,0,1,0,simulated
2026-01-20 19:30:00,P3,Market Road Parking,Street,12.9698,77.5962,80,45,35,0.5625,0.5,20,high,cloudy,0,1,0,simulated
2026-01-20 19:30:00,P4,Metro Station Parking,Transit,12.9784,77.5915,250,236,14,0.944,1.8,25,high,cloudy,0,1,0,simulated
2026-01-20 19:30:00,P5,College Campus Parking,Campus,12.9675,77.594,120,32,88,0.2667,1.0,15,high,cloudy,0,1,0,simulated
2026-01-20 20:00:00,P1,Central Mall Parking,Mall,12.9719,77.5937,200,161,39,0.805,0.8,40,high,clear,0,1,0,simulated
2026-01-20 20:00:00,P2,City Office Parking,Office,12.975,77.5945,150,80,70,0.5333,1.4,30,high,clear,0,1,0,simulated
2026-01-20 20:00:00,P3,Market Road Parking,Street,12.9698,77.5962,80,43,37,0.5375,0.5,20,high,clear,0,1,0,simulated
2026-01-20 20:00:00,P4,Metro Station Parking,Transit,12.9784,77.5915,250,228,22,0.912,1.8,25,high,clear,0,1,0,simulated
2026-01-20 20:00:00,P5,College Campus Parking,Campus,12.9675,77.594,120,29,91,0.2417,1.0,15,high,clear,0,1,0,simulated
2026-01-21 08:00:00,P1,Central Mall Parking,Mall,12.9719,77.5937,200,45,155,0.225,0.8,40,high,cloudy,0,1,0,simulated
2026-01-21 08:00:00,P2,City Office Parking,Office,12.975,77.5945,150,69,81,0.46,1.4,30,high,cloudy,0,1,0,simulated
2026-01-21 08:00:00,P3,Market Road Parking,Street,12.9698,77.5962,80,47,33,0.5875,0.5,20,high,cloudy,0,1,0,simulated
2026-01-21 08:00:00,P4,Metro Station Parking,Transit,12.9784,77.5915,250,206,44,0.824,1.8,25,high,cloudy,0,1,0,simulated
2026-01-21 08:00:00,P5,College Campus Parking,Campus,12.9675,77.594,120,49,71,0.4083,1.0,15,high,cloudy,0,1,0,simulated
2026-01-21 08:30:00,P1,Central Mall Parking,Mall,12.9719,77.5937,200,58,142,0.29,0.8,40,high,cloudy,0,1,0,simulated
2026-01-21 08:30:00,P2,City Office Parking,Office,12.975,77.5945,150,67,83,0.4467,1.4,30,high,cloudy,0,1,0,simulated
2026-01-21 08:30:00,P3,Market Road Parking,Street,12.9698,77.5962,80,48,32,0.6,0.5,20,high,cloudy,0,1,0,simulated
2026-01-21 08:30:00,P4,Metro Station Parking,Transit,12.9784,77.5915,250,220,30,0.88,1.8,25,high,cloudy,0,1,0,simulated
2026-01-21 08:30:00,P5,College Campus Parking,Campus,12.9675,77.594,120,43,77,0.3583,1.0,15,high,cloudy,0,1,0,simulated
2026-01-21 09:00:00,P1,Central Mall Parking,Mall,12.9719,77.5937,200,49,151,0.245,0.8,40,medium,cloudy,0,1,0,simulated
2026-01-21 09:00:00,P2,City Office Parking,Office,12.975,77.5945,150,116,34,0.7733,1.4,30,medium,cloudy,0,1,0,simulated
2026-01-21 09:00:00,P3,Market Road Parking,Street,12.9698,77.5962,80,48,32,0.6,0.5,20,medium,cloudy,0,1,0,simulated
2026-01-21 09:00:00,P4,Metro Station Parking,Transit,12.9784,77.5915,250,221,29,0.884,1.8,25,medium,cloudy,0,1,0,simulated
2026-01-21 09:00:00,P5,College Campus Parking,Campus,12.9675,77.594,120,87,33,0.725,1.0,15,medium,cloudy,0,1,0,simulated
2026-01-21 09:30:00,P1,Central Mall Parking,Mall,12.9719,77.5937,200,54,146,0.27,0.8,40,high,clear,0,1,0,simulated
2026-01-21 09:30:00,P2,City Office Parking,Office,12.975,77.5945,150,115,35,0.7667,1.4,30,high,clear,0,1,0,simulated
2026-01-21 09:30:00,P3,Market Road Parking,Street,12.9698,77.5962,80,48,32,0.6,0.5,20,high,clear,0,1,0,simulated
2026-01-21 09:30:00,P4,Metro Station Parking,Transit,12.9784,77.5915,250,204,46,0.816,1.8,25,high,clear,0,1,0,simulated
2026-01-21 09:30:00,P5,College Campus Parking,Campus,12.9675,77.594,120,91,29,0.7583,1.0,15,high,clear,0,1,0,simulated
2026-01-21 10:00:00,P1,Central Mall Parking,Mall,12.9719,77.5937,200,47,153,0.235,0.8,40,high,clear,0,1,0,simulated
2026-01-21 10:00:00,P2,City Office Parking,Office,12.975,77.5945,150,124,26,0.8267,1.4,30,high,clear,0,1,0,simulated
2026-01-21 10:00:00,P3,Market Road Parking,Street,12.9698,77.5962,80,45,35,0.5625,0.5,20,high,clear,0,1,0,simulated
2026-01-21 10:00:00,P4,Metro Station Parking,Transit,12.9784,77.5915,250,208,42,0.832,1.8,25,high,clear,0,1,0,simulated
2026-01-21 10:00:00,P5,College Campus Parking,Campus,12.9675,77.594,120,100,20,0.8333,1.0,15,high,clear,0,1,0,simulated
2026-01-21 10:30:00,P1,Central Mall Parking,Mall,12.9719,77.5937,200,54,146,0.27,0.8,40,medium,rain,0,0,0,simulated
2026-01-21 10:30:00,P2,City Office Parking,Office,12.975,77.5945,150,115,35,0.7667,1.4,30,medium,rain,0,0,0,simulated
2026-01-21 10:30:00,P3,Market Road Parking,Street,12.9698,77.5962,80,39,41,0.4875,0.5,20,medium,rain,0,0,0,simulated
2026-01-21 10:30:00,P4,Metro Station Parking,Transit,12.9784,77.5915,250,145,105,0.58,1.8,25,medium,rain,0,0,0,simulated
2026-01-21 10:30:00,P5,College Campus Parking,Campus,12.9675,77.594,120,95,25,0.7917,1.0,15,medium,rain,0,0,0,simulated
2026-01-21 11:00:00,P1,Central Mall Parking,Mall,12.9719,77.5937,200,132,68,0.66,0.8,40,low,clear,0,0,0,simulated
2026-01-21 11:00:00,P2,City Office Parking,Office,12.975,77.5945,150,115,35,0.7667,1.4,30,low,clear,0,0,0,simulated
2026-01-21 11:00:00,P3,Market Road Parking,Street,12.9698,77.5962,80,49,31,0.6125,0.5,20,low,clear,0,0,0,simulated
2026-01-21 11:00:00,P4,Metro Station Parking,Transit,12.9784,77.5915,250,132,118,0.528,1.8,25,low,clear,0,0,0,simulated
2026-01-21 11:00:00,P5,College Campus Parking,Campus,12.9675,77.594,120,97,23,0.8083,1.0,15,low,clear,0,0,0,simulated
2026-01-21 11:30:00,P1,Central Mall Parking,Mall,12.9719,77.5937,200,115,85,0.575,0.8,40,medium,clear,0,0,0,simulated
2026-01-21 11:30:00,P2,City Office Parking,Office,12.975,77.5945,150,131,19,0.8733,1.4,30,medium,clear,0,0,0,simulated
2026-01-21 11:30:00,P3,Market Road Parking,Street,12.9698,77.5962,80,51,29,0.6375,0.5,20,medium,clear,0,0,0,simulated
2026-01-21 11:30:00,P4,Metro Station Parking,Transit,12.9784,77.5915,250,128,122,0.512,1.8,25,medium,clear,0,0,0,simulated
2026-01-21 11:30:00,P5,College Campus Parking,Campus,12.9675,77.594,120,93,27,0.775,1.0,15,medium,clear,0,0,0,simulated
2026-01-21 12:00:00,P1,Central Mall Parking,Mall,12.9719,77.5937,200,117,83,0.585,0.8,40,medium,cloudy,0,0,0,simulated
2026-01-21 12:00:00,P2,City Office Parking,Office,12.975,77.5945,150,132,18,0.88,1.4,30,medium,cloudy,0,0,0,simulated
2026-01-21 12:00:00,P3,Market Road Parking,Street,12.9698,77.5962,80,53,27,0.6625,0.5,20,medium,cloudy,0,0,0,simulated
2026-01-21 12:00:00,P4,Metro Station Parking,Transit,12.9784,77.5915,250,123,127,0.492,1.8,25,medium,cloudy,0,0,0,simulated
2026-01-21 12:00:00,P5,College Campus Parking,Campus,12.9675,77.594,120,90,30,0.75,1.0,15,medium,cloudy,0,0,0,simulated
2026-01-21 12:30:00,P1,Central Mall Parking,Mall,12.9719,77.5937,200,134,66,0.67,0.8,40,low,clear,0,0,0,simulated
2026-01-21 12:30:00,P2,City Office Parking,Office,12.975,77.5945,150,129,21,0.86,1.4,30,low,clear,0,0,0,simulated
2026-01-21 12:30:00,P3,Market Road Parking,Street,12.9698,77.5962,80,45,35,0.5625,0.5,20,low,clear,0,0,0,simulated
2026-01-21 12:30:00,P4,Metro Station Parking,Transit,12.9784,77.5915,250,122,128,0.488,1.8,25,low,clear,0,0,0,simulated
2026-01-21 12:30:00,P5,College Campus Parking,Campus,12.9675,77.594,120,98,22,0.8167,1.0,15,low,clear,0,0,0,simulated
2026-01-21 13:00:00,P1,Central Mall Parking,Mall,12.9719,77.5937,200,128,72,0.64,0.8,40,low,clear,0,0,0,simulated
2026-01-21 13:00:00,P2,City Office Parking,Office,12.975,77.5945,150,133,17,0.8867,1.4,30,low,clear,0,0,0,simulated
2026-01-21 13:00:00,P3,Market Road Parking,Street,12.9698,77.5962,80,47,33,0.5875,0.5,20,low,clear,0,0,0,simulated
2026-01-21 13:00:00,P4,Metro Station Parking,Transit,12.9784,77.5915,250,117,133,0.468,1.8,25,low,clear,0,0,0,simulated
2026-01-21 13:00:00,P5,College Campus Parking,Campus,12.9675,77.594,120,102,18,0.85,1.0,15,low,clear,0,0,0,simulated
2026-01-21 13:30:00,P1,Central Mall Parking,Mall,12.9719,77.5937,200,126,74,0.63,0.8,40,medium,clear,0,0,0,simulated
2026-01-21 13:30:00,P2,City Office Parking,Office,12.975,77.5945,150,130,20,0.8667,1.4,30,medium,clear,0,0,0,simulated
2026-01-21 13:30:00,P3,Market Road Parking,Street,12.9698,77.5962,80,54,26,0.675,0.5,20,medium,clear,0,0,0,simulated
2026-01-21 13:30:00,P4,Metro Station Parking,Transit,12.9784,77.5915,250,121,129,0.484,1.8,25,medium,clear,0,0,0,simulated
2026-01-21 13:30:00,P5,College Campus Parking,Campus,12.9675,77.594,120,102,18,0.85,1.0,15,medium,clear,0,0,0,simulated
2026-01-21 14:00:00,P1,Central Mall Parking,Mall,12.9719,77.5937,200,120,80,0.6,0.8,40,medium,clear,0,0,0,simulated
2026-01-21 14:00:00,P2,City Office Parking,Office,12.975,77.5945,150,136,14,0.9067,1.4,30,medium,clear,0,0,0,simulated
2026-01-21 14:00:00,P3,Market Road Parking,Street,12.9698,77.5962,80,51,29,0.6375,0.5,20,medium,clear,0,0,0,simulated
2026-01-21 14:00:00,P4,Metro Station Parking,Transit,12.9784,77.5915,250,141,109,0.564,1.8,25,medium,clear,0,0,0,simulated
2026-01-21 14:00:00,P5,College Campus Parking,Campus,12.9675,77.594,120,104,16,0.8667,1.0,15,medium,clear,0,0,0,simulated
2026-01-21 14:30:00,P1,Central Mall Parking,Mall,12.9719,77.5937,200,126,74,0.63,0.8,40,medium,clear,0,0,0,simulated
2026-01-21 14:30:00,P2,City Office Parking,Office,12.975,77.5945,150,138,12,0.92,1.4,30,medium,clear,0,0,0,simulated
2026-01-21 14:30:00,P3,Market Road Parking,Street,12.9698,77.5962,80,52,28,0.65,0.5,20,medium,clear,0,0,0,simulated
2026-01-21 14:30:00,P4,Metro Station Parking,Transit,12.9784,77.5915,250,131,119,0.524,1.8,25,medium,clear,0,0,0,simulated
2026-01-21 14:30:00,P5,College Campus Parking,Campus,12.9675,77.594,120,106,14,0.8833,1.0,15,medium,clear,0,0,0,simulated
2026-01-21 15:00:00,P1,Central Mall Parking,Mall,12.9719,77.5937,200,115,85,0.575,0.8,40,medium,cloudy,0,0,0,simulated
2026-01-21 15:00:00,P2,City Office Parking,Office,12.975,77.5945,150,136,14,0.9067,1.4,30,medium,cloudy,0,0,0,simulated
2026-01-21 15:00:00,P3,Market Road Parking,Street,12.9698,77.5962,80,48,32,0.6,0.5,20,medium,cloudy,0,0,0,simulated
2026-01-21 15:00:00,P4,Metro Station Parking,Transit,12.9784,77.5915,250,126,124,0.504,1.8,25,medium,cloudy,0,0,0,simulated
2026-01-21 15:00:00,P5,College Campus Parking,Campus,12.9675,77.594,120,97,23,0.8083,1.0,15,medium,cloudy,0,0,0,simulated
2026-01-21 15:30:00,P1,Central Mall Parking,Mall,12.9719,77.5937,200,160,40,0.8,0.8,40,low,clear,0,0,0,simulated
2026-01-21 15:30:00,P2,City Office Parking,Office,12.975,77.5945,150,125,25,0.8333,1.4,30,low,clear,0,0,0,simulated
2026-01-21 15:30:00,P3,Market Road Parking,Street,12.9698,77.5962,80,43,37,0.5375,0.5,20,low,clear,0,0,0,simulated
2026-01-21 15:30:00,P4,Metro Station Parking,Transit,12.9784,77.5915,250,136,114,0.544,1.8,25,low,clear,0,0,0,simulated
2026-01-21 15:30:00,P5,College Campus Parking,Campus,12.9675,77.594,120,98,22,0.8167,1.0,15,low,clear,0,0,0,simulated
2026-01-21 16:00:00,P1,Central Mall Parking,Mall,12.9719,77.5937,200,160,40,0.8,0.8,40,low,cloudy,0,0,0,simulated
2026-01-21 16:00:00,P2,City Office Parking,Office,12.975,77.5945,150,118,32,0.7867,1.4,30,low,cloudy,0,0,0,simulated
2026-01-21 16:00:00,P3,Market Road Parking,Street,12.9698,77.5962,80,39,41,0.4875,0.5,20,low,cloudy,0,0,0,simulated
2026-01-21 16:00:00,P4,Metro Station Parking,Transit,12.9784,77.5915,250,133,117,0.532,1.8,25,low,cloudy,0,0,0,simulated
2026-01-21 16:00:00,P5,College Campus Parking,Campus,12.9675,77.594,120,100,20,0.8333,1.0,15,low,cloudy,0,0,0,simulated
2026-01-21 16:30:00,P1,Central Mall Parking,Mall,12.9719,77.5937,200,149,51,0.745,0.8,40,medium,cloudy,0,0,0,simulated
2026-01-21 16:30:00,P2,City Office Parking,Office,12.975,77.5945,150,120,30,0.8,1.4,30,medium,cloudy,0,0,0,simulated
2026-01-21 16:30:00,P3,Market Road Parking,Street,12.9698,77.5962,80,44,36,0.55,0.5,20,medium,cloudy,0,0,0,simulated
2026-01-21 16:30:00,P4,Metro Station Parking,Transit,12.9784,77.5915,250,117,133,0.468,1.8,25,medium,cloudy,0,0,0,simulated
2026-01-21 16:30:00,P5,College Campus Parking,Campus,12.9675,77.594,120,55,65,0.4583,1.0,15,medium,cloudy,0,0,0,simulated
2026-01-21 17:00:00,P1,Central Mall Parking,Mall,12.9719,77.5937,200,155,45,0.775,0.8,40,high,cloudy,0,1,0,simulated
2026-01-21 17:00:00,P2,City Office Parking,Office,12.975,77.5945,150,127,23,0.8467,1.4,30,high,cloudy,0,1,0,simulated
2026-01-21 17:00:00,P3,Market Road Parking,Street,12.9698,77.5962,80,49,31,0.6125,0.5,20,high,cloudy,0,1,0,simulated
2026-01-21 17:00:00,P4,Metro Station Parking,Transit,12.9784,77.5915,250,217,33,0.868,1.8,25,high,cloudy,0,1,0,simulated
2026-01-21 17:00:00,P5,College Campus Parking,Campus,12.9675,77.594,120,61,59,0.5083,1.0,15,high,cloudy,0,1,0,simulated
2026-01-21 17:30:00,P1,Central Mall Parking,Mall,12.9719,77.5937,200,161,39,0.805,0.8,40,medium,cloudy,0,1,0,simulated
2026-01-21 17:30:00,P2,City Office Parking,Office,12.975,77.5945,150,115,35,0.7667,1.4,30,medium,cloudy,0,1,0,simulated
2026-01-21 17:30:00,P3,Market Road Parking,Street,12.9698,77.5962,80,41,39,0.5125,0.5,20,medium,cloudy,0,1,0,simulated
2026-01-21 17:30:00,P4,Metro Station Parking,Transit,12.9784,77.5915,250,216,34,0.864,1.8,25,medium,cloudy,0,1,0,simulated
2026-01-21 17:30:00,P5,College Campus Parking,Campus,12.9675,77.594,120,65,55,0.5417,1.0,15,medium,cloudy,0,1,0,simulated
2026-01-21 18:00:00,P1,Central Mall Parking,Mall,12.9719,77.5937,200,149,51,0.745,0.8,40,high,clear,0,1,0,simulated
2026-01-21 18:00:00,P2,City Office Parking,Office,12.975,77.5945,150,124,26,0.8267,1.4,30,high,clear,0,1,0,simulated
2026-01-21 18:00:00,P3,Market Road Parking,Street,12.9698,77.5962,80,45,35,0.5625,0.5,20,high,clear,0,1,0,simulated
2026-01-21 18:00:00,P4,Metro Station Parking,Transit,12.9784,77.5915,250,233,17,0.932,1.8,25,high,clear,0,1,0,simulated
2026-01-21 18:00:00,P5,College Campus Parking,Campus,12.9675,77.594,120,65,55,0.5417,1.0,15,high,clear,0,1,0,simulated
2026-01-21 18:30:00,P1,Central Mall Parking,Mall,12.9719,77.5937,200,159,41,0.795,0.8,40,medium,cloudy,0,1,0,simulated
2026-01-21 18:30:00,P2,City Office Parking,Office,12.975,77.5945,150,67,83,0.4467,1.4,30,medium,cloudy,0,1,0,simulated
2026-01-21 18:30:00,P3,Market Road Parking,Street,12.9698,77.5962,80,40,40,0.5,0.5,20,medium,cloudy,0,1,0,simulated
2026-01-21 18:30:00,P4,Metro Station Parking,Transit,12.9784,77.5915,250,210,40,0.84,1.8,25,medium,cloudy,0,1,0,simulated
2026-01-21 18:30:00,P5,College Campus Parking,Campus,12.9675,77.594,120,25,95,0.2083,1.0,15,medium,cloudy,0,1,0,simulated
2026-01-21 19:00:00,P1,Central Mall Parking,Mall,12.9719,77.5937,200,153,47,0.765,0.8,40,high,clear,0,1,0,simulated
2026-01-21 19:00:00,P2,City Office Parking,Office,12.975,77.5945,150,84,66,0.56,1.4,30,high,clear,0,1,0,simulated
2026-01-21 19:00:00,P3,Market Road Parking,Street,12.9698,77.5962,80,50,30,0.625,0.5,20,high,clear,0,1,0,simulated
2026-01-21 19:00:00,P4,Metro Station Parking,Transit,12.9784,77.5915,250,214,36,0.856,1.8,25,high,clear,0,1,0,simulated
2026-01-21 19:00:00,P5,College Campus Parking,Campus,12.9675,77.594,120,39,81,0.325,1.0,15,high,clear,0,1,0,simulated
2026-01-21 19:30:00,P1,Central Mall Parking,Mall,12.9719,77.5937,200,155,45,0.775,0.8,40,high,clear,0,1,0,simulated
2026-01-21 19:30:00,P2,City Office Parking,Office,12.975,77.5945,150,83,67,0.5533,1.4,30,high,clear,0,1,0,simulated
2026-01-21 19:30:00,P3,Market Road Parking,Street,12.9698,77.5962,80,48,32,0.6,0.5,20,high,clear,0,1,0,simulated
2026-01-21 19:30:00,P4,Metro Station Parking,Transit,12.9784,77.5915,250,216,34,0.864,1.8,25,high,clear,0,1,0,simulated
2026-01-21 19:30:00,P5,College Campus Parking,Campus,12.9675,77.594,120,34,86,0.2833,1.0,15,high,clear,0,1,0,simulated
2026-01-21 20:00:00,P1,Central Mall Parking,Mall,12.9719,77.5937,200,148,52,0.74,0.8,40,high,cloudy,0,1,0,simulated
2026-01-21 20:00:00,P2,City Office Parking,Office,12.975,77.5945,150,71,79,0.4733,1.4,30,high,cloudy,0,1,0,simulated
2026-01-21 20:00:00,P3,Market Road Parking,Street,12.9698,77.5962,80,46,34,0.575,0.5,20,high,cloudy,0,1,0,simulated
2026-01-21 20:00:00,P4,Metro Station Parking,Transit,12.9784,77.5915,250,231,19,0.924,1.8,25,high,cloudy,0,1,0,simulated
2026-01-21 20:00:00,P5,College Campus Parking,Campus,12.9675,77.594,120,27,93,0.225,1.0,15,high,cloudy,0,1,0,simulated
2026-01-22 08:00:00,P1,Central Mall Parking,Mall,12.9719,77.5937,200,47,153,0.235,0.8,40,high,clear,0,1,0,simulated
2026-01-22 08:00:00,P2,City Office Parking,Office,12.975,77.5945,150,65,85,0.4333,1.4,30,high,clear,0,1,0,simulated
2026-01-22 08:00:00,P3,Market Road Parking,Street,12.9698,77.5962,80,43,37,0.5375,0.5,20,high,clear,0,1,0,simulated
2026-01-22 08:00:00,P4,Metro Station Parking,Transit,12.9784,77.5915,250,223,27,0.892,1.8,25,high,clear,0,1,0,simulated
2026-01-22 08:00:00,P5,College Campus Parking,Campus,12.9675,77.594,120,44,76,0.3667,1.0,15,high,clear,0,1,0,simulated
2026-01-22 08:30:00,P1,Central Mall Parking,Mall,12.9719,77.5937,200,45,155,0.225,0.8,40,high,clear,0,1,0,simulated
2026-01-22 08:30:00,P2,City Office Parking,Office,12.975,77.5945,150,72,78,0.48,1.4,30,high,clear,0,1,0,simulated
2026-01-22 08:30:00,P3,Market Road Parking,Street,12.9698,77.5962,80,43,37,0.5375,0.5,20,high,clear,0,1,0,simulated
2026-01-22 08:30:00,P4,Metro Station Parking,Transit,12.9784,77.5915,250,225,25,0.9,1.8,25,high,clear,0,1,0,simulated
2026-01-22 08:30:00,P5,College Campus Parking,Campus,12.9675,77.594,120,50,70,0.4167,1.0,15,high,clear,0,1,0,simulated
2026-01-22 09:00:00,P1,Central Mall Parking,Mall,12.9719,77.5937,200,60,140,0.3,0.8,40,medium,clear,0,1,0,simulated
2026-01-22 09:00:00,P2,City Office Parking,Office,12.975,77.5945,150,116,34,0.7733,1.4,30,medium,clear,0,1,0,simulated
2026-01-22 09:00:00,P3,Market Road Parking,Street,12.9698,77.5962,80,43,37,0.5375,0.5,20,medium,clear,0,1,0,simulated
2026-01-22 09:00:00,P4,Metro Station Parking,Transit,12.9784,77.5915,250,210,40,0.84,1.8,25,medium,clear,0,1,0,simulated
2026-01-22 09:00:00,P5,College Campus Parking,Campus,12.9675,77.594,120,97,23,0.8083,1.0,15,medium,clear,0,1,0,simulated
2026-01-22 09:30:00,P1,Central Mall Parking,Mall,12.9719,77.5937,200,66,134,0.33,0.8,40,high,cloudy,0,1,0,simulated
2026-01-22 09:30:00,P2,City Office Parking,Office,12.975,77.5945,150,122,28,0.8133,1.4,30,high,cloudy,0,1,0,simulated
2026-01-22 09:30:00,P3,Market Road Parking,Street,12.9698,77.5962,80,43,37,0.5375,0.5,20,high,cloudy,0,1,0,simulated
2026-01-22 09:30:00,P4,Metro Station Parking,Transit,12.9784,77.5915,250,204,46,0.816,1.8,25,high,cloudy,0,1,0,simulated
2026-01-22 09:30:00,P5,College Campus Parking,Campus,12.9675,77.594,120,99,21,0.825,1.0,15,high,cloudy,0,1,0,simulated
2026-01-22 10:00:00,P1,Central Mall Parking,Mall,12.9719,77.5937,200,59,141,0.295,0.8,40,high,clear,0,1,0,simulated
2026-01-22 10:00:00,P2,City Office Parking,Office,12.975,77.5945,150,124,26,0.8267,1.4,30,high,clear,0,1,0,simulated
2026-01-22 10:00:00,P3,Market Road Parking,Street,12.9698,77.5962,80,48,32,0.6,0.5,20,high,clear,0,1,0,simulated
2026-01-22 10:00:00,P4,Metro Station Parking,Transit,12.9784,77.5915,250,213,37,0.852,1.8,25,high,clear,0,1,0,simulated
2026-01-22 10:00:00,P5,College Campus Parking,Campus,12.9675,77.594,120,93,27,0.775,1.0,15,high,clear,0,1,0,simulated
2026-01-22 10:30:00,P1,Central Mall Parking,Mall,12.9719,77.5937,200,41,159,0.205,0.8,40,medium,clear,0,0,0,simulated
2026-01-22 10:30:00,P2,City Office Parking,Office,12.975,77.5945,150,108,42,0.72,1.4,30,medium,clear,0,0,0,simulated
2026-01-22 10:30:00,P3,Market Road Parking,Street,12.9698,77.5962,80,38,42,0.475,0.5,20,medium,clear,0,0,0,simulated
2026-01-22 10:30:00,P4,Metro Station Parking,Transit,12.9784,77.5915,250,117,133,0.468,1.8,25,medium,clear,0,0,0,simulated
2026-01-22 10:30:00,P5,College Campus Parking,Campus,12.9675,77.594,120,93,27,0.775,1.0,15,medium,clear,0,0,0,simulated
2026-01-22 11:00:00,P1,Central Mall Parking,Mall,12.9719,77.5937,200,128,72,0.64,0.8,40,medium,clear,0,0,0,simulated
2026-01-22 11:00:00,P2,City Office Parking,Office,12.975,77.5945,150,121,29,0.8067,1.4,30,medium,clear,0,0,0,simulated
2026-01-22 11:00:00,P3,Market Road Parking,Street,12.9698,77.5962,80,54,26,0.675,0.5,20,medium,clear,0,0,0,simulated
2026-01-22 11:00:00,P4,Metro Station Parking,Transit,12.9784,77.5915,250,121,129,0.484,1.8,25,medium,clear,0,0,0,simulated
2026-01-22 11:00:00,P5,College Campus Parking,Campus,12.9675,77.594,120,93,27,0.775,1.0,15,medium,clear,0,0,0,simulated
2026-01-22 11:30:00,P1,Central Mall Parking,Mall,12.9719,77.5937,200,132,68,0.66,0.8,40,low,clear,0,0,0,simulated
2026-01-22 11:30:00,P2,City Office Parking,Office,12.975,77.5945,150,139,11,0.9267,1.4,30,low,clear,0,0,0,simulated
2026-01-22 11:30:00,P3,Market Road Parking,Street,12.9698,77.5962,80,48,32,0.6,0.5,20,low,clear,0,0,0,simulated
2026-01-22 11:30:00,P4,Metro Station Parking,Transit,12.9784,77.5915,250,138,112,0.552,1.8,25,low,clear,0,0,0,simulated
2026-01-22 11:30:00,P5,College Campus Parking,Campus,12.9675,77.594,120,85,35,0.7083,1.0,15,low,clear,0,0,0,simulated
2026-01-22 12:00:00,P1,Central Mall Parking,Mall,12.9719,77.5937,200,123,77,0.615,0.8,40,medium,cloudy,0,0,0,simulated
2026-01-22 12:00:00,P2,City Office Parking,Office,12.975,77.5945,150,129,21,0.86,1.4,30,medium,cloudy,0,0,0,simulated
2026-01-22 12:00:00,P3,Market Road Parking,Street,12.9698,77.5962,80,46,34,0.575,0.5,20,medium,cloudy,0,0,0,simulated
2026-01-22 12:00:00,P4,Metro Station Parking,Transit,12.9784,77.5915,250,126,124,0.504,1.8,25,medium,cloudy,0,0,0,simulated
2026-01-22 12:00:00,P5,College Campus Parking,Campus,12.9675,77.594,120,87,33,0.725,1.0,15,medium,cloudy,0,0,0,simulated
2026-01-22 12:30:00,P1,Central Mall Parking,Mall,12.9719,77.5937,200,125,75,0.625,0.8,40,medium,cloudy,0,0,0,simulated
2026-01-22 12:30:00,P2,City Office Parking,Office,12.975,77.5945,150,126,24,0.84,1.4,30,medium,cloudy,0,0,0,simulated
2026-01-22 12:30:00,P3,Market Road Parking,Street,12.9698,77.5962,80,53,27,0.6625,0.5,20,medium,cloudy,0,0,0,simulated
2026-01-22 12:30:00,P4,Metro Station Parking,Transit,12.9784,77.5915,250,121,129,0.484,1.8,25,medium,cloudy,0,0,0,simulated
2026-01-22 12:30:00,P5,College Campus Parking,Campus,12.9675,77.594,120,95,25,0.7917,1.0,15,medium,cloudy,0,0,0,simulated
2026-01-22 13:00:00,P1,Central Mall Parking,Mall,12.9719,77.5937,200,123,77,0.615,0.8,40,medium,clear,0,0,0,simulated
2026-01-22 13:00:00,P2,City Office Parking,Office,12.975,77.5945,150,131,19,0.8733,1.4,30,medium,clear,0,0,0,simulated
2026-01-22 13:00:00,P3,Market Road Parking,Street,12.9698,77.5962,80,52,28,0.65,0.5,20,medium,clear,0,0,0,simulated
2026-01-22 13:00:00,P4,Metro Station Parking,Transit,12.9784,77.5915,250,119,131,0.476,1.8,25,medium,clear,0,0,0,simulated
2026-01-22 13:00:00,P5,College Campus Parking,Campus,12.9675,77.594,120,95,25,0.7917,1.0,15,medium,clear,0,0,0,simulated
2026-01-22 13:30:00,P1,Central Mall Parking,Mall,12.9719,77.5937,200,126,74,0.63,0.8,40,low,clear,0,0,0,simulated
2026-01-22 13:30:00,P2,City Office Parking,Office,12.975,77.5945,150,125,25,0.8333,1.4,30,low,clear,0,0,0,simulated
2026-01-22 13:30:00,P3,Market Road Parking,Street,12.9698,77.5962,80,51,29,0.6375,0.5,20,low,clear,0,0,0,simulated
2026-01-22 13:30:00,P4,Metro Station Parking,Transit,12.9784,77.5915,250,124,126,0.496,1.8,25,low,clear,0,0,0,simulated
2026-01-22 13:30:00,P5,College Campus Parking,Campus,12.9675,77.594,120,101,19,0.8417,1.0,15,low,clear,0,0,0,simulated
2026-01-22 14:00:00,P1,Central Mall Parking,Mall,12.9719,77.5937,200,114,86,0.57,0.8,40,medium,clear,0,0,0,simulated
2026-01-22 14:00:00,P2,City Office Parking,Office,12.975,77.5945,150,124,26,0.8267,1.4,30,medium,clear,0,0,0,simulated
2026-01-22 14:00:00,P3,Market Road Parking,Street,12.9698,77.5962,80,49,31,0.6125,0.5,20,medium,clear,0,0,0,simulated
2026-01-22 14:00:00,P4,Metro Station Parking,Transit,12.9784,77.5915,250,128,122,0.512,1.8,25,medium,clear,0,0,0,simulated
2026-01-22 14:00:00,P5,College Campus Parking,Campus,12.9675,77.594,120,102,18,0.85,1.0,15,medium,clear,0,0,0,simulated
2026-01-22 14:30:00,P1,Central Mall Parking,Mall,12.9719,77.5937,200,121,79,0.605,0.8,40,low,clear,0,0,0,simulated
2026-01-22 14:30:00,P2,City Office Parking,Office,12.975,77.5945,150,136,14,0.9067,1.4,30,low,clear,0,0,0,simulated
2026-01-22 14:30:00,P3,Market Road Parking,Street,12.9698,77.5962,80,47,33,0.5875,0.5,20,low,clear,0,0,0,simulated
2026-01-22 14:30:00,P4,Metro Station Parking,Transit,12.9784,77.5915,250,132,118,0.528,1.8,25,low,clear,0,0,0,simulated
2026-01-22 14:30:00,P5,College Campus Parking,Campus,12.9675,77.594,120,94,26,0.7833,1.0,15,low,clear,0,0,0,simulated
2026-01-22 15:00:00,P1,Central Mall Parking,Mall,12.9719,77.5937,200,130,70,0.65,0.8,40,medium,clear,0,0,0,simulated
2026-01-22 15:00:00,P2,City Office Parking,Office,12.975,77.5945,150,136,14,0.9067,1.4,30,medium,clear,0,0,0,simulated
2026-01-22 15:00:00,P3,Market Road Parking,Street,12.9698,77.5962,80,46,34,0.575,0.5,20,medium,clear,0,0,0,simulated
2026-01-22 15:00:00,P4,Metro Station Parking,Transit,12.9784,77.5915,250,137,113,0.548,1.8,25,medium,clear,0,0,0,simulated
2026-01-22 15:00:00,P5,College Campus Parking,Campus,12.9675,77.594,120,102,18,0.85,1.0,15,medium,clear,0,0,0,simulated
2026-01-22 15:30:00,P1,Central Mall Parking,Mall,12.9719,77.5937,200,151,49,0.755,0.8,40,medium,cloudy,0,0,0,simulated
2026-01-22 15:30:00,P2,City Office Parking,Office,12.975,77.5945,150,121,29,0.8067,1.4,30,medium,cloudy,0,0,0,simulated
2026-01-22 15:30:00,P3,Market Road Parking,Street,12.9698,77.5962,80,41,39,0.5125,0.5,20,medium,cloudy,0,0,0,simulated
2026-01-22 15:30:00,P4,Metro Station Parking,Transit,12.9784,77.5915,250,134,116,0.536,1.8,25,medium,cloudy,0,0,0,simulated
2026-01-22 15:30:00,P5,College Campus Parking,Campus,12.9675,77.594,120,106,14,0.8833,1.0,15,medium,cloudy,0,0,0,simulated
2026-01-22 16:00:00,P1,Central Mall Parking,Mall,12.9719,77.5937,200,152,48,0.76,0.8,40,medium,clear,0,0,0,simulated
2026-01-22 16:00:00,P2,City Office Parking,Office,12.975,77.5945,150,123,27,0.82,1.4,30,medium,clear,0,0,0,simulated
2026-01-22 16:00:00,P3,Market Road Parking,Street,12.9698,77.5962,80,44,36,0.55,0.5,20,medium,clear,0,0,0,simulated
2026-01-22 16:00:00,P4,Metro Station Parking,Transit,12.9784,77.5915,250,132,118,0.528,1.8,25,medium,clear,0,0,0,simulated
2026-01-22 16:00:00,P5,College Campus Parking,Campus,12.9675,77.594,120,95,25,0.7917,1.0,15,medium,clear,0,0,0,simulated
2026-01-22 16:30:00,P1,Central Mall Parking,Mall,12.9719,77.5937,200,143,57,0.715,0.8,40,medium,clear,0,0,0,simulated
2026-01-22 16:30:00,P2,City Office Parking,Office,12.975,77.5945,150,121,29,0.8067,1.4,30,medium,clear,0,0,0,simulated
2026-01-22 16:30:00,P3,Market Road Parking,Street,12.9698,77.5962,80,42,38,0.525,0.5,20,medium,clear,0,0,0,simulated
2026-01-22 16:30:00,P4,Metro Station Parking,Transit,12.9784,77.5915,250,118,132,0.472,1.8,25,medium,clear,0,0,0,simulated
2026-01-22 16:30:00,P5,College Campus Parking,Campus,12.9675,77.594,120,64,56,0.5333,1.0,15,medium,clear,0,0,0,simulated
2026-01-22 17:00:00,P1,Central Mall Parking,Mall,12.9719,77.5937,200,163,37,0.815,0.8,40,high,clear,0,1,0,simulated
2026-01-22 17:00:00,P2,City Office Parking,Office,12.975,77.5945,150,118,32,0.7867,1.4,30,high,clear,0,1,0,simulated
2026-01-22 17:00:00,P3,Market Road Parking,Street,12.9698,77.5962,80,45,35,0.5625,0.5,20,high,clear,0,1,0,simulated
2026-01-22 17:00:00,P4,Metro Station Parking,Transit,12.9784,77.5915,250,225,25,0.9,1.8,25,high,clear,0,1,0,simulated
2026-01-22 17:00:00,P5,College Campus Parking,Campus,12.9675,77.594,120,62,58,0.5167,1.0,15,high,clear,0,1,0,simulated
2026-01-22 17:30:00,P1,Central Mall Parking,Mall,12.9719,77.5937,200,159,41,0.795,0.8,40,high,clear,0,1,0,simulated
2026-01-22 17:30:00,P2,City Office Parking,Office,12.975,77.5945,150,125,25,0.8333,1.4,30,high,clear,0,1,0,simulated
2026-01-22 17:30:00,P3,Market Road Parking,Street,12.9698,77.5962,80,43,37,0.5375,0.5,20,high,clear,0,1,0,simulated
2026-01-22 17:30:00,P4,Metro Station Parking,Transit,12.9784,77.5915,250,231,19,0.924,1.8,25,high,clear,0,1,0,simulated
2026-01-22 17:30:00,P5,College Campus Parking,Campus,12.9675,77.594,120,68,52,0.5667,1.0,15,high,clear,0,1,0,simulated
2026-01-22 18:00:00,P1,Central Mall Parking,Mall,12.9719,77.5937,200,161,39,0.805,0.8,40,medium,clear,0,1,0,simulated
2026-01-22 18:00:00,P2,City Office Parking,Office,12.975,77.5945,150,114,36,0.76,1.4,30,medium,clear,0,1,0,simulated
2026-01-22 18:00:00,P3,Market Road Parking,Street,12.9698,77.5962,80,46,34,0.575,0.5,20,medium,clear,0,1,0,simulated
2026-01-22 18:00:00,P4,Metro Station Parking,Transit,12.9784,77.5915,250,227,23,0.908,1.8,25,medium,clear,0,1,0,simulated
2026-01-22 18:00:00,P5,College Campus Parking,Campus,12.9675,77.594,120,57,63,0.475,1.0,15,medium,clear,0,1,0,simulated
2026-01-22 18:30:00,P1,Central Mall Parking,Mall,12.9719,77.5937,200,165,35,0.825,0.8,40,high,clear,0,1,0,simulated
2026-01-22 18:30:00,P2,City Office Parking,Office,12.975,77.5945,150,76,74,0.5067,1.4,30,high,clear,0,1,0,simulated
2026-01-22 18:30:00,P3,Market Road Parking,Street,12.9698,77.5962,80,44,36,0.55,0.5,20,high,clear,0,1,0,simulated
2026-01-22 18:30:00,P4,Metro Station Parking,Transit,12.9784,77.5915,250,217,33,0.868,1.8,25,high,clear,0,1,0,simulated
2026-01-22 18:30:00,P5,College Campus Parking,Campus,12.9675,77.594,120,35,85,0.2917,1.0,15,high,clear,0,1,0,simulated
2026-01-22 19:00:00,P1,Central Mall Parking,Mall,12.9719,77.5937,200,152,48,0.76,0.8,40,high,clear,0,1,0,simulated
2026-01-22 19:00:00,P2,City Office Parking,Office,12.975,77.5945,150,80,70,0.5333,1.4,30,high,clear,0,1,0,simulated
2026-01-22 19:00:00,P3,Market Road Parking,Street,12.9698,77.5962,80,48,32,0.6,0.5,20,high,clear,0,1,0,simulated
2026-01-22 19:00:00,P4,Metro Station Parking,Transit,12.9784,77.5915,250,225,25,0.9,1.8,25,high,clear,0,1,0,simulated
2026-01-22 19:00:00,P5,College Campus Parking,Campus,12.9675,77.594,120,29,91,0.2417,1.0,15,high,clear,0,1,0,simulated
2026-01-22 19:30:00,P1,Central Mall Parking,Mall,12.9719,77.5937,200,165,35,0.825,0.8,40,high,cloudy,0,1,0,simulated
2026-01-22 19:30:00,P2,City Office Parking,Office,12.975,77.5945,150,72,78,0.48,1.4,30,high,cloudy,0,1,0,simulated
2026-01-22 19:30:00,P3,Market Road Parking,Street,12.9698,77.5962,80,44,36,0.55,0.5,20,high,cloudy,0,1,0,simulated
2026-01-22 19:30:00,P4,Metro Station Parking,Transit,12.9784,77.5915,250,215,35,0.86,1.8,25,high,cloudy,0,1,0,simulated
2026-01-22 19:30:00,P5,College Campus Parking,Campus,12.9675,77.594,120,28,92,0.2333,1.0,15,high,cloudy,0,1,0,simulated
2026-01-22 20:00:00,P1,Central Mall Parking,Mall,12.9719,77.5937,200,152,48,0.76,0.8,40,high,cloudy,0,1,0,simulated
2026-01-22 20:00:00,P2,City Office Parking,Office,12.975,77.5945,150,78,72,0.52,1.4,30,high,cloudy,0,1,0,simulated
2026-01-22 20:00:00,P3,Market Road Parking,Street,12.9698,77.5962,80,48,32,0.6,0.5,20,high,cloudy,0,1,0,simulated
2026-01-22 20:00:00,P4,Metro Station Parking,Transit,12.9784,77.5915,250,222,28,0.888,1.8,25,high,cloudy,0,1,0,simulated
2026-01-22 20:00:00,P5,College Campus Parking,Campus,12.9675,77.594,120,33,87,0.275,1.0,15,high,cloudy,0,1,0,simulated
2026-01-23 08:00:00,P1,Central Mall Parking,Mall,12.9719,77.5937,200,39,161,0.195,0.8,40,medium,clear,0,1,0,simulated
2026-01-23 08:00:00,P2,City Office Parking,Office,12.975,77.5945,150,65,85,0.4333,1.4,30,medium,clear,0,1,0,simulated
2026-01-23 08:00:00,P3,Market Road Parking,Street,12.9698,77.5962,80,48,32,0.6,0.5,20,medium,clear,0,1,0,simulated
2026-01-23 08:00:00,P4,Metro Station Parking,Transit,12.9784,77.5915,250,204,46,0.816,1.8,25,medium,clear,0,1,0,simulated
2026-01-23 08:00:00,P5,College Campus Parking,Campus,12.9675,77.594,120,41,79,0.3417,1.0,15,medium,clear,0,1,0,simulated
2026-01-23 08:30:00,P1,Central Mall Parking,Mall,12.9719,77.5937,200,48,152,0.24,0.8,40,medium,clear,0,1,0,simulated
2026-01-23 08:30:00,P2,City Office Parking,Office,12.975,77.5945,150,65,85,0.4333,1.4,30,medium,clear,0,1,0,simulated
2026-01-23 08:30:00,P3,Market Road Parking,Street,12.9698,77.5962,80,48,32,0.6,0.5,20,medium,clear,0,1,0,simulated
2026-01-23 08:30:00,P4,Metro Station Parking,Transit,12.9784,77.5915,250,203,47,0.812,1.8,25,medium,clear,0,1,0,simulated
2026-01-23 08:30:00,P5,College Campus Parking,Campus,12.9675,77.594,120,38,82,0.3167,1.0,15,medium,clear,0,1,0,simulated
2026-01-23 09:00:00,P1,Central Mall Parking,Mall,12.9719,77.5937,200,60,140,0.3,0.8,40,high,clear,0,1,0,simulated
2026-01-23 09:00:00,P2,City Office Parking,Office,12.975,77.5945,150,114,36,0.76,1.4,30,high,clear,0,1,0,simulated
2026-01-23 09:00:00,P3,Market Road Parking,Street,12.9698,77.5962,80,49,31,0.6125,0.5,20,high,clear,0,1,0,simulated
2026-01-23 09:00:00,P4,Metro Station Parking,Transit,12.9784,77.5915,250,224,26,0.896,1.8,25,high,clear,0,1,0,simulated
2026-01-23 09:00:00,P5,College Campus Parking,Campus,12.9675,77.594,120,89,31,0.7417,1.0,15,high,clear,0,1,0,simulated
2026-01-23 09:30:00,P1,Central Mall Parking,Mall,12.9719,77.5937,200,55,145,0.275,0.8,40,medium,cloudy,0,1,0,simulated
2026-01-23 09:30:00,P2,City Office Parking,Office,12.975,77.5945,150,118,32,0.7867,1.4,30,medium,cloudy,0,1,0,simulated
2026-01-23 09:30:00,P3,Market Road Parking,Street,12.9698,77.5962,80,46,34,0.575,0.5,20,medium,cloudy,0,1,0,simulated
2026-01-23 09:30:00,P4,Metro Station Parking,Transit,12.9784,77.5915,250,213,37,0.852,1.8,25,medium,cloudy,0,1,0,simulated
2026-01-23 09:30:00,P5,College Campus Parking,Campus,12.9675,77.594,120,95,25,0.7917,1.0,15,medium,cloudy,0,1,0,simulated
2026-01-23 10:00:00,P1,Central Mall Parking,Mall,12.9719,77.5937,200,51,149,0.255,0.8,40,medium,cloudy,0,1,0,simulated
2026-01-23 10:00:00,P2,City Office Parking,Office,12.975,77.5945,150,120,30,0.8,1.4,30,medium,cloudy,0,1,0,simulated
2026-01-23 10:00:00,P3,Market Road Parking,Street,12.9698,77.5962,80,44,36,0.55,0.5,20,medium,cloudy,0,1,0,simulated
2026-01-23 10:00:00,P4,Metro Station Parking,Transit,12.9784,77.5915,250,207,43,0.828,1.8,25,medium,cloudy,0,1,0,simulated
2026-01-23 10:00:00,P5,College Campus Parking,Campus,12.9675,77.594,120,97,23,0.8083,1.0,15,medium,cloudy,0,1,0,simulated
2026-01-23 10:30:00,P1,Central Mall Parking,Mall,12.9719,77.5937,200,40,160,0.2,0.8,40,medium,cloudy,0,0,0,simulated
2026-01-23 10:30:00,P2,City Office Parking,Office,12.975,77.5945,150,114,36,0.76,1.4,30,medium,cloudy,0,0,0,simulated
2026-01-23 10:30:00,P3,Market Road Parking,Street,12.9698,77.5962,80,37,43,0.4625,0.5,20,medium,cloudy,0,0,0,simulated
2026-01-23 10:30:00,P4,Metro Station Parking,Transit,12.9784,77.5915,250,126,124,0.504,1.8,25,medium,cloudy,0,0,0,simulated
2026-01-23 10:30:00,P5,College Campus Parking,Campus,12.9675,77.594,120,88,32,0.7333,1.0,15,medium,cloudy,0,0,0,simulated
2026-01-23 11:00:00,P1,Central Mall Parking,Mall,12.9719,77.5937,200,116,84,0.58,0.8,40,medium,clear,0,0,0,simulated
2026-01-23 11:00:00,P2,City Office Parking,Office,12.975,77.5945,150,108,42,0.72,1.4,30,medium,clear,0,0,0,simulated
2026-01-23 11:00:00,P3,Market Road Parking,Street,12.9698,77.5962,80,47,33,0.5875,0.5,20,medium,clear,0,0,0,simulated
2026-01-23 11:00:00,P4,Metro Station Parking,Transit,12.9784,77.5915,250,122,128,0.488,1.8,25,medium,clear,0,0,0,simulated
2026-01-23 11:00:00,P5,College Campus Parking,Campus,12.9675,77.594,120,90,30,0.75,1.0,15,medium,clear,0,0,0,simulated
2026-01-23 11:30:00,P1,Central Mall Parking,Mall,12.9719,77.5937,200,132,68,0.66,0.8,40,medium,clear,0,0,0,simulated
2026-01-23 11:30:00,P2,City Office Parking,Office,12.975,77.5945,150,135,15,0.9,1.4,30,medium,clear,0,0,0,simulated
2026-01-23 11:30:00,P3,Market Road Parking,Street,12.9698,77.5962,80,53,27,0.6625,0.5,20,medium,clear,0,0,0,simulated
2026-01-23 11:30:00,P4,Metro Station Parking,Transit,12.9784,77.5915,250,119,131,0.476,1.8,25,medium,clear,0,0,0,simulated
2026-01-23 11:30:00,P5,College Campus Parking,Campus,12.9675,77.594,120,88,32,0.7333,1.0,15,medium,clear,0,0,0,simulated
2026-01-23 12:00:00,P1,Central Mall Parking,Mall,12.9719,77.5937,200,127,73,0.635,0.8,40,medium,cloudy,0,0,0,simulated
2026-01-23 12:00:00,P2,City Office Parking,Office,12.975,77.5945,150,127,23,0.8467,1.4,30,medium,cloudy,0,0,0,simulated
2026-01-23 12:00:00,P3,Market Road Parking,Street,12.9698,77.5962,80,46,34,0.575,0.5,20,medium,cloudy,0,0,0,simulated
2026-01-23 12:00:00,P4,Metro Station Parking,Transit,12.9784,77.5915,250,136,114,0.544,1.8,25,medium,cloudy,0,0,0,simulated
2026-01-23 12:00:00,P5,College Campus Parking,Campus,12.9675,77.594,120,89,31,0.7417,1.0,15,medium,cloudy,0,0,0,simulated
2026-01-23 12:30:00,P1,Central Mall Parking,Mall,12.9719,77.5937,200,132,68,0.66,0.8,40,medium,cloudy,0,0,0,simulated
2026-01-23 12:30:00,P2,City Office Parking,Office,12.975,77.5945,150,140,10,0.9333,1.4,30,medium,cloudy,0,0,0,simulated
2026-01-23 12:30:00,P3,Market Road Parking,Street,12.9698,77.5962,80,54,26,0.675,0.5,20,medium,cloudy,0,0,0,simulated
2026-01-23 12:30:00,P4,Metro Station Parking,Transit,12.9784,77.5915,250,122,128,0.488,1.8,25,medium,cloudy,0,0,0,simulated
2026-01-23 12:30:00,P5,College Campus Parking,Campus,12.9675,77.594,120,105,15,0.875,1.0,15,medium,cloudy,0,0,0,simulated
2026-01-23 13:00:00,P1,Central Mall Parking,Mall,12.9719,77.5937,200,130,70,0.65,0.8,40,low,cloudy,0,0,0,simulated
2026-01-23 13:00:00,P2,City Office Parking,Office,12.975,77.5945,150,133,17,0.8867,1.4,30,low,cloudy,0,0,0,simulated
2026-01-23 13:00:00,P3,Market Road Parking,Street,12.9698,77.5962,80,46,34,0.575,0.5,20,low,cloudy,0,0,0,simulated
2026-01-23 13:00:00,P4,Metro Station Parking,Transit,12.9784,77.5915,250,123,127,0.492,1.8,25,low,cloudy,0,0,0,simulated
2026-01-23 13:00:00,P5,College Campus Parking,Campus,12.9675,77.594,120,102,18,0.85,1.0,15,low,cloudy,0,0,0,simulated
2026-01-23 13:30:00,P1,Central Mall Parking,Mall,12.9719,77.5937,200,121,79,0.605,0.8,40,low,clear,0,0,0,simulated
2026-01-23 13:30:00,P2,City Office Parking,Office,12.975,77.5945,150,134,16,0.8933,1.4,30,low,clear,0,0,0,simulated
2026-01-23 13:30:00,P3,Market Road Parking,Street,12.9698,77.5962,80,47,33,0.5875,0.5,20,low,clear,0,0,0,simulated
2026-01-23 13:30:00,P4,Metro Station Parking,Transit,12.9784,77.5915,250,131,119,0.524,1.8,25,low,clear,0,0,0,simulated
2026-01-23 13:30:00,P5,College Campus Parking,Campus,12.9675,77.594,120,99,21,0.825,1.0,15,low,clear,0,0,0,simulated
2026-01-23 14:00:00,P1,Central Mall Parking,Mall,12.9719,77.5937,200,132,68,0.66,0.8,40,low,clear,0,0,0,simulated
2026-01-23 14:00:00,P2,City Office Parking,Office,12.975,77.5945,150,137,13,0.9133,1.4,30,low,clear,0,0,0,simulated
2026-01-23 14:00:00,P3,Market Road Parking,Street,12.9698,77.5962,80,52,28,0.65,0.5,20,low,clear,0,0,0,simulated
2026-01-23 14:00:00,P4,Metro Station Parking,Transit,12.9784,77.5915,250,136,114,0.544,1.8,25,low,clear,0,0,0,simulated
2026-01-23 14:00:00,P5,College Campus Parking,Campus,12.9675,77.594,120,97,23,0.8083,1.0,15,low,clear,0,0,0,simulated
2026-01-23 14:30:00,P1,Central Mall Parking,Mall,12.9719,77.5937,200,134,66,0.67,0.8,40,medium,cloudy,0,0,0,simulated
2026-01-23 14:30:00,P2,City Office Parking,Office,12.975,77.5945,150,133,17,0.8867,1.4,30,medium,cloudy,0,0,0,simulated
2026-01-23 14:30:00,P3,Market Road Parking,Street,12.9698,77.5962,80,46,34,0.575,0.5,20,medium,cloudy,0,0,0,simulated
2026-01-23 14:30:00,P4,Metro Station Parking,Transit,12.9784,77.5915,250,117,133,0.468,1.8,25,medium,cloudy,0,0,0,simulated
2026-01-23 14:30:00,P5,College Campus Parking,Campus,12.9675,77.594,120,97,23,0.8083,1.0,15,medium,cloudy,0,0,0,simulated
2026-01-23 15:00:00,P1,Central Mall Parking,Mall,12.9719,77.5937,200,122,78,0.61,0.8,40,medium,clear,0,0,0,simulated
2026-01-23 15:00:00,P2,City Office Parking,Office,12.975,77.5945,150,128,22,0.8533,1.4,30,medium,clear,0,0,0,simulated
2026-01-23 15:00:00,P3,Market Road Parking,Street,12.9698,77.5962,80,51,29,0.6375,0.5,20,medium,clear,0,0,0,simulated
2026-01-23 15:00:00,P4,Metro Station Parking,Transit,12.9784,77.5915,250,125,125,0.5,1.8,25,medium,clear,0,0,0,simulated
2026-01-23 15:00:00,P5,College Campus Parking,Campus,12.9675,77.594,120,100,20,0.8333,1.0,15,medium,clear,0,0,0,simulated
2026-01-23 15:30:00,P1,Central Mall Parking,Mall,12.9719,77.5937,200,162,38,0.81,0.8,40,medium,clear,0,0,0,simulated
2026-01-23 15:30:00,P2,City Office Parking,Office,12.975,77.5945,150,119,31,0.7933,1.4,30,medium,clear,0,0,0,simulated
2026-01-23 15:30:00,P3,Market Road Parking,Street,12.9698,77.5962,80,41,39,0.5125,0.5,20,medium,clear,0,0,0,simulated
2026-01-23 15:30:00,P4,Metro Station Parking,Transit,12.9784,77.5915,250,138,112,0.552,1.8,25,medium,clear,0,0,0,simulated
2026-01-23 15:30:00,P5,College Campus Parking,Campus,12.9675,77.594,120,106,14,0.8833,1.0,15,medium,clear,0,0,0,simulated
2026-01-23 16:00:00,P1,Central Mall Parking,Mall,12.9719,77.5937,200,163,37,0.815,0.8,40,medium,rain,0,0,0,simulated
2026-01-23 16:00:00,P2,City Office Parking,Office,12.975,77.5945,150,119,31,0.7933,1.4,30,medium,rain,0,0,0,simulated
2026-01-23 16:00:00,P3,Market Road Parking,Street,12.9698,77.5962,80,43,37,0.5375,0.5,20,medium,rain,0,0,0,simulated
2026-01-23 16:00:00,P4,Metro Station Parking,Transit,12.9784,77.5915,250,130,120,0.52,1.8,25,medium,rain,0,0,0,simulated
2026-01-23 16:00:00,P5,College Campus Parking,Campus,12.9675,77.594,120,105,15,0.875,1.0,15,medium,rain,0,0,0,simulated
2026-01-23 16:30:00,P1,Central Mall Parking,Mall,12.9719,77.5937,200,160,40,0.8,0.8,40,low,clear,0,0,0,simulated
2026-01-23 16:30:00,P2,City Office Parking,Office,12.975,77.5945,150,110,40,0.7333,1.4,30,low,clear,0,0,0,simulated
2026-01-23 16:30:00,P3,Market Road Parking,Street,12.9698,77.5962,80,40,40,0.5,0.5,20,low,clear,0,0,0,simulated
2026-01-23 16:30:00,P4,Metro Station Parking,Transit,12.9784,77.5915,250,131,119,0.524,1.8,25,low,clear,0,0,0,simulated
2026-01-23 16:30:00,P5,College Campus Parking,Campus,12.9675,77.594,120,62,58,0.5167,1.0,15,low,clear,0,0,0,simulated
2026-01-23 17:00:00,P1,Central Mall Parking,Mall,12.9719,77.5937,200,166,34,0.83,0.8,40,high,clear,0,1,0,simulated
2026-01-23 17:00:00,P2,City Office Parking,Office,12.975,77.5945,150,122,28,0.8133,1.4,30,high,clear,0,1,0,simulated
2026-01-23 17:00:00,P3,Market Road Parking,Street,12.9698,77.5962,80,42,38,0.525,0.5,20,high,clear,0,1,0,simulated
2026-01-23 17:00:00,P4,Metro Station Parking,Transit,12.9784,77.5915,250,222,28,0.888,1.8,25,high,clear,0,1,0,simulated
2026-01-23 17:00:00,P5,College Campus Parking,Campus,12.9675,77.594,120,68,52,0.5667,1.0,15,high,clear,0,1,0,simulated
2026-01-23 17:30:00,P1,Central Mall Parking,Mall,12.9719,77.5937,200,162,38,0.81,0.8,40,high,cloudy,0,1,0,simulated
2026-01-23 17:30:00,P2,City Office Parking,Office,12.975,77.5945,150,125,25,0.8333,1.4,30,high,cloudy,0,1,0,simulated
2026-01-23 17:30:00,P3,Market Road Parking,Street,12.9698,77.5962,80,44,36,0.55,0.5,20,high,cloudy,0,1,0,simulated
2026-01-23 17:30:00,P4,Metro Station Parking,Transit,12.9784,77.5915,250,214,36,0.856,1.8,25,high,cloudy,0,1,0,simulated
2026-01-23 17:30:00,P5,College Campus Parking,Campus,12.9675,77.594,120,62,58,0.5167,1.0,15,high,cloudy,0,1,0,simulated
2026-01-23 18:00:00,P1,Central Mall Parking,Mall,12.9719,77.5937,200,165,35,0.825,0.8,40,high,cloudy,0,1,0,simulated
2026-01-23 18:00:00,P2,City Office Parking,Office,12.975,77.5945,150,115,35,0.7667,1.4,30,high,cloudy,0,1,0,simulated
2026-01-23 18:00:00,P3,Market Road Parking,Street,12.9698,77.5962,80,43,37,0.5375,0.5,20,high,cloudy,0,1,0,simulated
2026-01-23 18:00:00,P4,Metro Station Parking,Transit,12.9784,77.5915,250,216,34,0.864,1.8,25,high,cloudy,0,1,0,simulated
2026-01-23 18:00:00,P5,College Campus Parking,Campus,12.9675,77.594,120,58,62,0.4833,1.0,15,high,cloudy,0,1,0,simulated
2026-01-23 18:30:00,P1,Central Mall Parking,Mall,12.9719,77.5937,200,155,45,0.775,0.8,40,high,clear,0,1,0,simulated
2026-01-23 18:30:00,P2,City Office Parking,Office,12.975,77.5945,150,70,80,0.4667,1.4,30,high,clear,0,1,0,simulated
2026-01-23 18:30:00,P3,Market Road Parking,Street,12.9698,77.5962,80,47,33,0.5875,0.5,20,high,clear,0,1,0,simulated
2026-01-23 18:30:00,P4,Metro Station Parking,Transit,12.9784,77.5915,250,222,28,0.888,1.8,25,high,clear,0,1,0,simulated
2026-01-23 18:30:00,P5,College Campus Parking,Campus,12.9675,77.594,120,35,85,0.2917,1.0,15,high,clear,0,1,0,simulated
2026-01-23 19:00:00,P1,Central Mall Parking,Mall,12.9719,77.5937,200,156,44,0.78,0.8,40,high,clear,0,1,0,simulated
2026-01-23 19:00:00,P2,City Office Parking,Office,12.975,77.5945,150,73,77,0.4867,1.4,30,high,clear,0,1,0,simulated
2026-01-23 19:00:00,P3,Market Road Parking,Street,12.9698,77.5962,80,48,32,0.6,0.5,20,high,clear,0,1,0,simulated
2026-01-23 19:00:00,P4,Metro Station Parking,Transit,12.9784,77.5915,250,225,25,0.9,1.8,25,high,clear,0,1,0,simulated
2026-01-23 19:00:00,P5,College Campus Parking,Campus,12.9675,77.594,120,28,92,0.2333,1.0,15,high,clear,0,1,0,simulated
2026-01-23 19:30:00,P1,Central Mall Parking,Mall,12.9719,77.5937,200,151,49,0.755,0.8,40,high,clear,0,1,0,simulated
2026-01-23 19:30:00,P2,City Office Parking,Office,12.975,77.5945,150,81,69,0.54,1.4,30,high,clear,0,1,0,simulated
2026-01-23 19:30:00,P3,Market Road Parking,Street,12.9698,77.5962,80,49,31,0.6125,0.5,20,high,clear,0,1,0,simulated
2026-01-23 19:30:00,P4,Metro Station Parking,Transit,12.9784,77.5915,250,236,14,0.944,1.8,25,high,clear,0,1,0,simulated
2026-01-23 19:30:00,P5,College Campus Parking,Campus,12.9675,77.594,120,30,90,0.25,1.0,15,high,clear,0,1,0,simulated
2026-01-23 20:00:00,P1,Central Mall Parking,Mall,12.9719,77.5937,200,149,51,0.745,0.8,40,medium,clear,0,1,0,simulated
2026-01-23 20:00:00,P2,City Office Parking,Office,12.975,77.5945,150,70,80,0.4667,1.4,30,medium,clear,0,1,0,simulated
2026-01-23 20:00:00,P3,Market Road Parking,Street,12.9698,77.5962,80,43,37,0.5375,0.5,20,medium,clear,0,1,0,simulated
2026-01-23 20:00:00,P4,Metro Station Parking,Transit,12.9784,77.5915,250,231,19,0.924,1.8,25,medium,clear,0,1,0,simulated
2026-01-23 20:00:00,P5,College Campus Parking,Campus,12.9675,77.594,120,35,85,0.2917,1.0,15,medium,clear,0,1,0,simulated
2026-01-24 08:00:00,P1,Central Mall Parking,Mall,12.9719,77.5937,200,85,115,0.425,0.8,40,high,cloudy,1,1,0,simulated
2026-01-24 08:00:00,P2,City Office Parking,Office,12.975,77.5945,150,39,111,0.26,1.4,30,high,cloudy,1,1,0,simulated
2026-01-24 08:00:00,P3,Market Road Parking,Street,12.9698,77.5962,80,48,32,0.6,0.5,20,high,cloudy,1,1,0,simulated
2026-01-24 08:00:00,P4,Metro Station Parking,Transit,12.9784,77.5915,250,181,69,0.724,1.8,25,high,cloudy,1,1,0,simulated
2026-01-24 08:00:00,P5,College Campus Parking,Campus,12.9675,77.594,120,24,96,0.2,1.0,15,high,cloudy,1,1,0,simulated
2026-01-24 08:30:00,P1,Central Mall Parking,Mall,12.9719,77.5937,200,76,124,0.38,0.8,40,medium,clear,1,1,0,simulated
2026-01-24 08:30:00,P2,City Office Parking,Office,12.975,77.5945,150,32,118,0.2133,1.4,30,medium,clear,1,1,0,simulated
2026-01-24 08:30:00,P3,Market Road Parking,Street,12.9698,77.5962,80,49,31,0.6125,0.5,20,medium,clear,1,1,0,simulated
2026-01-24 08:30:00,P4,Metro Station Parking,Transit,12.9784,77.5915,250,183,67,0.732,1.8,25,medium,clear,1,1,0,simulated
2026-01-24 08:30:00,P5,College Campus Parking,Campus,12.9675,77.594,120,24,96,0.2,1.0,15,medium,clear,1,1,0,simulated
2026-01-24 09:00:00,P1,Central Mall Parking,Mall,12.9719,77.5937,200,83,117,0.415,0.8,40,high,cloudy,1,1,0,simulated
2026-01-24 09:00:00,P2,City Office Parking,Office,12.975,77.5945,150,35,115,0.2333,1.4,30,high,cloudy,1,1,0,simulated
2026-01-24 09:00:00,P3,Market Road Parking,Street,12.9698,77.5962,80,49,31,0.6125,0.5,20,high,cloudy,1,1,0,simulated
2026-01-24 09:00:00,P4,Metro Station Parking,Transit,12.9784,77.5915,250,176,74,0.704,1.8,25,high,cloudy,1,1,0,simulated
2026-01-24 09:00:00,P5,College Campus Parking,Campus,12.9675,77.594,120,23,97,0.1917,1.0,15,high,cloudy,1,1,0,simulated
2026-01-24 09:30:00,P1,Central Mall Parking,Mall,12.9719,77.5937,200,93,107,0.465,0.8,40,high,cloudy,1,1,0,simulated
2026-01-24 09:30:00,P2,City Office Parking,Office,12.975,77.5945,150,45,105,0.3,1.4,30,high,cloudy,1,1,0,simulated
2026-01-24 09:30:00,P3,Market Road Parking,Street,12.9698,77.5962,80,49,31,0.6125,0.5,20,high,cloudy,1,1,0,simulated
2026-01-24 09:30:00,P4,Metro Station Parking,Transit,12.9784,77.5915,250,189,61,0.756,1.8,25,high,cloudy,1,1,0,simulated
2026-01-24 09:30:00,P5,College Campus Parking,Campus,12.9675,77.594,120,29,91,0.2417,1.0,15,high,cloudy,1,1,0,simulated
2026-01-24 10:00:00,P1,Central Mall Parking,Mall,12.9719,77.5937,200,84,116,0.42,0.8,40,medium,clear,1,1,0,simulated
2026-01-24 10:00:00,P2,City Office Parking,Office,12.975,77.5945,150,42,108,0.28,1.4,30,medium,clear,1,1,0,simulated
2026-01-24 10:00:00,P3,Market Road Parking,Street,12.9698,77.5962,80,45,35,0.5625,0.5,20,medium,clear,1,1,0,simulated
2026-01-24 10:00:00,P4,Metro Station Parking,Transit,12.9784,77.5915,250,193,57,0.772,1.8,25,medium,clear,1,1,0,simulated
2026-01-24 10:00:00,P5,College Campus Parking,Campus,12.9675,77.594,120,25,95,0.2083,1.0,15,medium,clear,1,1,0,simulated
2026-01-24 10:30:00,P1,Central Mall Parking,Mall,12.9719,77.5937,200,88,112,0.44,0.8,40,low,clear,1,0,0,simulated
2026-01-24 10:30:00,P2,City Office Parking,Office,12.975,77.5945,150,37,113,0.2467,1.4,30,low,clear,1,0,0,simulated
2026-01-24 10:30:00,P3,Market Road Parking,Street,12.9698,77.5962,80,46,34,0.575,0.5,20,low,clear,1,0,0,simulated
2026-01-24 10:30:00,P4,Metro Station Parking,Transit,12.9784,77.5915,250,97,153,0.388,1.8,25,low,clear,1,0,0,simulated
2026-01-24 10:30:00,P5,College Campus Parking,Campus,12.9675,77.594,120,25,95,0.2083,1.0,15,low,clear,1,0,0,simulated
2026-01-24 11:00:00,P1,Central Mall Parking,Mall,12.9719,77.5937,200,174,26,0.87,0.8,40,low,clear,1,0,0,simulated
2026-01-24 11:00:00,P2,City Office Parking,Office,12.975,77.5945,150,43,107,0.2867,1.4,30,low,clear,1,0,0,simulated
2026-01-24 11:00:00,P3,Market Road Parking,Street,12.9698,77.5962,80,56,24,0.7,0.5,20,low,clear,1,0,0,simulated
2026-01-24 11:00:00,P4,Metro Station Parking,Transit,12.9784,77.5915,250,96,154,0.384,1.8,25,low,clear,1,0,0,simulated
2026-01-24 11:00:00,P5,College Campus Parking,Campus,12.9675,77.594,120,24,96,0.2,1.0,15,low,clear,1,0,0,simulated
2026-01-24 11:30:00,P1,Central Mall Parking,Mall,12.9719,77.5937,200,165,35,0.825,0.8,40,medium,clear,1,0,0,simulated
2026-01-24 11:30:00,P2,City Office Parking,Office,12.975,77.5945,150,46,104,0.3067,1.4,30,medium,clear,1,0,0,simulated
2026-01-24 11:30:00,P3,Market Road Parking,Street,12.9698,77.5962,80,52,28,0.65,0.5,20,medium,clear,1,0,0,simulated
2026-01-24 11:30:00,P4,Metro Station Parking,Transit,12.9784,77.5915,250,108,142,0.432,1.8,25,medium,clear,1,0,0,simulated
2026-01-24 11:30:00,P5,College Campus Parking,Campus,12.9675,77.594,120,23,97,0.1917,1.0,15,medium,clear,1,0,0,simulated
2026-01-24 12:00:00,P1,Central Mall Parking,Mall,12.9719,77.5937,200,172,28,0.86,0.8,40,medium,clear,1,0,0,simulated
2026-01-24 12:00:00,P2,City Office Parking,Office,12.975,77.5945,150,39,111,0.26,1.4,30,medium,clear,1,0,0,simulated
2026-01-24 12:00:00,P3,Market Road Parking,Street,12.9698,77.5962,80,50,30,0.625,0.5,20,medium,clear,1,0,0,simulated
2026-01-24 12:00:00,P4,Metro Station Parking,Transit,12.9784,77.5915,250,93,157,0.372,1.8,25,medium,clear,1,0,0,simulated
2026-01-24 12:00:00,P5,College Campus Parking,Campus,12.9675,77.594,120,20,100,0.1667,1.0,15,medium,clear,1,0,0,simulated
2026-01-24 12:30:00,P1,Central Mall Parking,Mall,12.9719,77.5937,200,161,39,0.805,0.8,40,medium,cloudy,1,0,0,simulated
2026-01-24 12:30:00,P2,City Office Parking,Office,12.975,77.5945,150,30,120,0.2,1.4,30,medium,cloudy,1,0,0,simulated
2026-01-24 12:30:00,P3,Market Road Parking,Street,12.9698,77.5962,80,52,28,0.65,0.5,20,medium,cloudy,1,0,0,simulated
2026-01-24 12:30:00,P4,Metro Station Parking,Transit,12.9784,77.5915,250,114,136,0.456,1.8,25,medium,cloudy,1,0,0,simulated
2026-01-24 12:30:00,P5,College Campus Parking,Campus,12.9675,77.594,120,23,97,0.1917,1.0,15,medium,cloudy,1,0,0,simulated
2026-01-24 13:00:00,P1,Central Mall Parking,Mall,12.9719,77.5937,200,160,40,0.8,0.8,40,medium,clear,1,0,0,simulated
2026-01-24 13:00:00,P2,City Office Parking,Office,12.975,77.5945,150,30,120,0.2,1.4,30,medium,clear,1,0,0,simulated
2026-01-24 13:00:00,P3,Market Road Parking,Street,12.9698,77.5962,80,55,25,0.6875,0.5,20,medium,clear,1,0,0,simulated
2026-01-24 13:00:00,P4,Metro Station Parking,Transit,12.9784,77.5915,250,95,155,0.38,1.8,25,medium,clear,1,0,0,simulated
2026-01-24 13:00:00,P5,College Campus Parking,Campus,12.9675,77.594,120,18,102,0.15,1.0,15,medium,clear,1,0,0,simulated
2026-01-24 13:30:00,P1,Central Mall Parking,Mall,12.9719,77.5937,200,159,41,0.795,0.8,40,low,clear,1,0,0,simulated
2026-01-24 13:30:00,P2,City Office Parking,Office,12.975,77.5945,150,34,116,0.2267,1.4,30,low,clear,1,0,0,simulated
2026-01-24 13:30:00,P3,Market Road Parking,Street,12.9698,77.5962,80,57,23,0.7125,0.5,20,low,clear,1,0,0,simulated
2026-01-24 13:30:00,P4,Metro Station Parking,Transit,12.9784,77.5915,250,98,152,0.392,1.8,25,low,clear,1,0,0,simulated
2026-01-24 13:30:00,P5,College Campus Parking,Campus,12.9675,77.594,120,14,106,0.1167,1.0,15,low,clear,1,0,0,simulated
2026-01-24 14:00:00,P1,Central Mall Parking,Mall,12.9719,77.5937,200,162,38,0.81,0.8,40,medium,clear,1,0,0,simulated
2026-01-24 14:00:00,P2,City Office Parking,Office,12.975,77.5945,150,32,118,0.2133,1.4,30,medium,clear,1,0,0,simulated
2026-01-24 14:00:00,P3,Market Road Parking,Street,12.9698,77.5962,80,54,26,0.675,0.5,20,medium,clear,1,0,0,simulated
2026-01-24 14:00:00,P4,Metro Station Parking,Transit,12.9784,77.5915,250,112,138,0.448,1.8,25,medium,clear,1,0,0,simulated
2026-01-24 14:00:00,P5,College Campus Parking,Campus,12.9675,77.594,120,18,102,0.15,1.0,15,medium,clear,1,0,0,simulated
2026-01-24 14:30:00,P1,Central Mall Parking,Mall,12.9719,77.5937,200,160,40,0.8,0.8,40,medium,cloudy,1,0,0,simulated
2026-01-24 14:30:00,P2,City Office Parking,Office,12.975,77.5945,150,32,118,0.2133,1.4,30,medium,cloudy,1,0,0,simulated
2026-01-24 14:30:00,P3,Market Road Parking,Street,12.9698,77.5962,80,49,31,0.6125,0.5,20,medium,cloudy,1,0,0,simulated
2026-01-24 14:30:00,P4,Metro Station Parking,Transit,12.9784,77.5915,250,95,155,0.38,1.8,25,medium,cloudy,1,0,0,simulated
2026-01-24 14:30:00,P5,College Campus Parking,Campus,12.9675,77.594,120,16,104,0.1333,1.0,15,medium,cloudy,1,0,0,simulated
2026-01-24 15:00:00,P1,Central Mall Parking,Mall,12.9719,77.5937,200,170,30,0.85,0.8,40,medium,cloudy,1,0,0,simulated
2026-01-24 15:00:00,P2,City Office Parking,Office,12.975,77.5945,150,33,117,0.22,1.4,30,medium,cloudy,1,0,0,simulated
2026-01-24 15:00:00,P3,Market Road Parking,Street,12.9698,77.5962,80,52,28,0.65,0.5,20,medium,cloudy,1,0,0,simulated
2026-01-24 15:00:00,P4,Metro Station Parking,Transit,12.9784,77.5915,250,112,138,0.448,1.8,25,medium,cloudy,1,0,0,simulated
2026-01-24 15:00:00,P5,College Campus Parking,Campus,12.9675,77.594,120,18,102,0.15,1.0,15,medium,cloudy,1,0,0,simulated
2026-01-24 15:30:00,P1,Central Mall Parking,Mall,12.9719,77.5937,200,160,40,0.8,0.8,40,low,clear,1,0,0,simulated
2026-01-24 15:30:00,P2,City Office Parking,Office,12.975,77.5945,150,44,106,0.2933,1.4,30,low,clear,1,0,0,simulated
2026-01-24 15:30:00,P3,Market Road Parking,Street,12.9698,77.5962,80,43,37,0.5375,0.5,20,low,clear,1,0,0,simulated
2026-01-24 15:30:00,P4,Metro Station Parking,Transit,12.9784,77.5915,250,104,146,0.416,1.8,25,low,clear,1,0,0,simulated
2026-01-24 15:30:00,P5,College Campus Parking,Campus,12.9675,77.594,120,17,103,0.1417,1.0,15,low,clear,1,0,0,simulated
2026-01-24 16:00:00,P1,Central Mall Parking,Mall,12.9719,77.5937,200,167,33,0.835,0.8,40,medium,clear,1,0,0,simulated
2026-01-24 16:00:00,P2,City Office Parking,Office,12.975,77.5945,150,42,108,0.28,1.4,30,medium,clear,1,0,0,simulated
2026-01-24 16:00:00,P3,Market Road Parking,Street,12.9698,77.5962,80,39,41,0.4875,0.5,20,medium,clear,1,0,0,simulated
2026-01-24 16:00:00,P4,Metro Station Parking,Transit,12.9784,77.5915,250,97,153,0.388,1.8,25,medium,clear,1,0,0,simulated
2026-01-24 16:00:00,P5,College Campus Parking,Campus,12.9675,77.594,120,25,95,0.2083,1.0,15,medium,clear,1,0,0,simulated
2026-01-24 16:30:00,P1,Central Mall Parking,Mall,12.9719,77.5937,200,186,14,0.93,0.8,40,low,cloudy,1,0,0,simulated
2026-01-24 16:30:00,P2,City Office Parking,Office,12.975,77.5945,150,40,110,0.2667,1.4,30,low,cloudy,1,0,0,simulated
2026-01-24 16:30:00,P3,Market Road Parking,Street,12.9698,77.5962,80,40,40,0.5,0.5,20,low,cloudy,1,0,0,simulated
2026-01-24 16:30:00,P4,Metro Station Parking,Transit,12.9784,77.5915,250,97,153,0.388,1.8,25,low,cloudy,1,0,0,simulated
2026-01-24 16:30:00,P5,College Campus Parking,Campus,12.9675,77.594,120,20,100,0.1667,1.0,15,low,cloudy,1,0,0,simulated
2026-01-24 17:00:00,P1,Central Mall Parking,Mall,12.9719,77.5937,200,173,27,0.865,0.8,40,medium,clear,1,1,0,simulated
2026-01-24 17:00:00,P2,City Office Parking,Office,12.975,77.5945,150,30,120,0.2,1.4,30,medium,clear,1,1,0,simulated
2026-01-24 17:00:00,P3,Market Road Parking,Street,12.9698,77.5962,80,50,30,0.625,0.5,20,medium,clear,1,1,0,simulated
2026-01-24 17:00:00,P4,Metro Station Parking,Transit,12.9784,77.5915,250,194,56,0.776,1.8,25,medium,clear,1,1,0,simulated
2026-01-24 17:00:00,P5,College Campus Parking,Campus,12.9675,77.594,120,16,104,0.1333,1.0,15,medium,clear,1,1,0,simulated
2026-01-24 17:30:00,P1,Central Mall Parking,Mall,12.9719,77.5937,200,194,6,0.97,0.8,40,high,clear,1,1,1,simulated
2026-01-24 17:30:00,P2,City Office Parking,Office,12.975,77.5945,150,32,118,0.2133,1.4,30,high,clear,1,1,1,simulated
2026-01-24 17:30:00,P3,Market Road Parking,Street,12.9698,77.5962,80,51,29,0.6375,0.5,20,high,clear,1,1,1,simulated
2026-01-24 17:30:00,P4,Metro Station Parking,Transit,12.9784,77.5915,250,236,14,0.944,1.8,25,high,clear,1,1,1,simulated
2026-01-24 17:30:00,P5,College Campus Parking,Campus,12.9675,77.594,120,26,94,0.2167,1.0,15,high,clear,1,1,1,simulated
2026-01-24 18:00:00,P1,Central Mall Parking,Mall,12.9719,77.5937,200,190,10,0.95,0.8,40,medium,clear,1,1,0,simulated
2026-01-24 18:00:00,P2,City Office Parking,Office,12.975,77.5945,150,28,122,0.1867,1.4,30,medium,clear,1,1,0,simulated
2026-01-24 18:00:00,P3,Market Road Parking,Street,12.9698,77.5962,80,45,35,0.5625,0.5,20,medium,clear,1,1,0,simulated
2026-01-24 18:00:00,P4,Metro Station Parking,Transit,12.9784,77.5915,250,203,47,0.812,1.8,25,medium,clear,1,1,0,simulated
2026-01-24 18:00:00,P5,College Campus Parking,Campus,12.9675,77.594,120,25,95,0.2083,1.0,15,medium,clear,1,1,0,simulated
2026-01-24 18:30:00,P1,Central Mall Parking,Mall,12.9719,77.5937,200,194,6,0.97,0.8,40,high,clear,1,1,0,simulated
2026-01-24 18:30:00,P2,City Office Parking,Office,12.975,77.5945,150,44,106,0.2933,1.4,30,high,clear,1,1,0,simulated
2026-01-24 18:30:00,P3,Market Road Parking,Street,12.9698,77.5962,80,52,28,0.65,0.5,20,high,clear,1,1,0,simulated
2026-01-24 18:30:00,P4,Metro Station Parking,Transit,12.9784,77.5915,250,195,55,0.78,1.8,25,high,clear,1,1,0,simulated
2026-01-24 18:30:00,P5,College Campus Parking,Campus,12.9675,77.594,120,17,103,0.1417,1.0,15,high,clear,1,1,0,simulated
2026-01-24 19:00:00,P1,Central Mall Parking,Mall,12.9719,77.5937,200,181,19,0.905,0.8,40,high,cloudy,1,1,0,simulated
2026-01-24 19:00:00,P2,City Office Parking,Office,12.975,77.5945,150,32,118,0.2133,1.4,30,high,cloudy,1,1,0,simulated
2026-01-24 19:00:00,P3,Market Road Parking,Street,12.9698,77.5962,80,53,27,0.6625,0.5,20,high,cloudy,1,1,0,simulated
2026-01-24 19:00:00,P4,Metro Station Parking,Transit,12.9784,77.5915,250,212,38,0.848,1.8,25,high,cloudy,1,1,0,simulated
2026-01-24 19:00:00,P5,College Campus Parking,Campus,12.9675,77.594,120,22,98,0.1833,1.0,15,high,cloudy,1,1,0,simulated
2026-01-24 19:30:00,P1,Central Mall Parking,Mall,12.9719,77.5937,200,194,6,0.97,0.8,40,high,cloudy,1,1,0,simulated
2026-01-24 19:30:00,P2,City Office Parking,Office,12.975,77.5945,150,40,110,0.2667,1.4,30,high,cloudy,1,1,0,simulated
2026-01-24 19:30:00,P3,Market Road Parking,Street,12.9698,77.5962,80,50,30,0.625,0.5,20,high,cloudy,1,1,0,simulated
2026-01-24 19:30:00,P4,Metro Station Parking,Transit,12.9784,77.5915,250,204,46,0.816,1.8,25,high,cloudy,1,1,0,simulated
2026-01-24 19:30:00,P5,College Campus Parking,Campus,12.9675,77.594,120,27,93,0.225,1.0,15,high,cloudy,1,1,0,simulated
2026-01-24 20:00:00,P1,Central Mall Parking,Mall,12.9719,77.5937,200,194,6,0.97,0.8,40,high,clear,1,1,0,simulated
2026-01-24 20:00:00,P2,City Office Parking,Office,12.975,77.5945,150,42,108,0.28,1.4,30,high,clear,1,1,0,simulated
2026-01-24 20:00:00,P3,Market Road Parking,Street,12.9698,77.5962,80,48,32,0.6,0.5,20,high,clear,1,1,0,simulated
2026-01-24 20:00:00,P4,Metro Station Parking,Transit,12.9784,77.5915,250,192,58,0.768,1.8,25,high,clear,1,1,0,simulated
2026-01-24 20:00:00,P5,College Campus Parking,Campus,12.9675,77.594,120,19,101,0.1583,1.0,15,high,clear,1,1,0,simulated
2026-01-25 08:00:00,P1,Central Mall Parking,Mall,12.9719,77.5937,200,93,107,0.465,0.8,40,high,cloudy,1,1,0,simulated
2026-01-25 08:00:00,P2,City Office Parking,Office,12.975,77.5945,150,40,110,0.2667,1.4,30,high,cloudy,1,1,0,simulated
2026-01-25 08:00:00,P3,Market Road Parking,Street,12.9698,77.5962,80,52,28,0.65,0.5,20,high,cloudy,1,1,0,simulated
2026-01-25 08:00:00,P4,Metro Station Parking,Transit,12.9784,77.5915,250,192,58,0.768,1.8,25,high,cloudy,1,1,0,simulated
2026-01-25 08:00:00,P5,College Campus Parking,Campus,12.9675,77.594,120,28,92,0.2333,1.0,15,high,cloudy,1,1,0,simulated
2026-01-25 08:30:00,P1,Central Mall Parking,Mall,12.9719,77.5937,200,90,110,0.45,0.8,40,high,rain,1,1,0,simulated
2026-01-25 08:30:00,P2,City Office Parking,Office,12.975,77.5945,150,42,108,0.28,1.4,30,high,rain,1,1,0,simulated
2026-01-25 08:30:00,P3,Market Road Parking,Street,12.9698,77.5962,80,54,26,0.675,0.5,20,high,rain,1,1,0,simulated
2026-01-25 08:30:00,P4,Metro Station Parking,Transit,12.9784,77.5915,250,200,50,0.8,1.8,25,high,rain,1,1,0,simulated
2026-01-25 08:30:00,P5,College Campus Parking,Campus,12.9675,77.594,120,26,94,0.2167,1.0,15,high,rain,1,1,0,simulated
2026-01-25 09:00:00,P1,Central Mall Parking,Mall,12.9719,77.5937,200,96,104,0.48,0.8,40,high,clear,1,1,0,simulated
2026-01-25 09:00:00,P2,City Office Parking,Office,12.975,77.5945,150,41,109,0.2733,1.4,30,high,clear,1,1,0,simulated
2026-01-25 09:00:00,P3,Market Road Parking,Street,12.9698,77.5962,80,47,33,0.5875,0.5,20,high,clear,1,1,0,simulated
2026-01-25 09:00:00,P4,Metro Station Parking,Transit,12.9784,77.5915,250,196,54,0.784,1.8,25,high,clear,1,1,0,simulated
2026-01-25 09:00:00,P5,College Campus Parking,Campus,12.9675,77.594,120,25,95,0.2083,1.0,15,high,clear,1,1,0,simulated
2026-01-25 09:30:00,P1,Central Mall Parking,Mall,12.9719,77.5937,200,84,116,0.42,0.8,40,high,cloudy,1,1,0,simulated
2026-01-25 09:30:00,P2,City Office Parking,Office,12.975,77.5945,150,40,110,0.2667,1.4,30,high,cloudy,1,1,0,simulated
2026-01-25 09:30:00,P3,Market Road Parking,Street,12.9698,77.5962,80,47,33,0.5875,0.5,20,high,cloudy,1,1,0,simulated
2026-01-25 09:30:00,P4,Metro Station Parking,Transit,12.9784,77.5915,250,196,54,0.784,1.8,25,high,cloudy,1,1,0,simulated
2026-01-25 09:30:00,P5,College Campus Parking,Campus,12.9675,77.594,120,29,91,0.2417,1.0,15,high,cloudy,1,1,0,simulated
2026-01-25 10:00:00,P1,Central Mall Parking,Mall,12.9719,77.5937,200,80,120,0.4,0.8,40,high,cloudy,1,1,0,simulated
2026-01-25 10:00:00,P2,City Office Parking,Office,12.975,77.5945,150,36,114,0.24,1.4,30,high,cloudy,1,1,0,simulated
2026-01-25 10:00:00,P3,Market Road Parking,Street,12.9698,77.5962,80,52,28,0.65,0.5,20,high,cloudy,1,1,0,simulated
2026-01-25 10:00:00,P4,Metro Station Parking,Transit,12.9784,77.5915,250,193,57,0.772,1.8,25,high,cloudy,1,1,0,simulated
2026-01-25 10:00:00,P5,College Campus Parking,Campus,12.9675,77.594,120,25,95,0.2083,1.0,15,high,cloudy,1,1,0,simulated
2026-01-25 10:30:00,P1,Central Mall Parking,Mall,12.9719,77.5937,200,94,106,0.47,0.8,40,medium,clear,1,0,0,simulated
2026-01-25 10:30:00,P2,City Office Parking,Office,12.975,77.5945,150,36,114,0.24,1.4,30,medium,clear,1,0,0,simulated
2026-01-25 10:30:00,P3,Market Road Parking,Street,12.9698,77.5962,80,44,36,0.55,0.5,20,medium,clear,1,0,0,simulated
2026-01-25 10:30:00,P4,Metro Station Parking,Transit,12.9784,77.5915,250,95,155,0.38,1.8,25,medium,clear,1,0,0,simulated
2026-01-25 10:30:00,P5,College Campus Parking,Campus,12.9675,77.594,120,24,96,0.2,1.0,15,medium,clear,1,0,0,simulated
2026-01-25 11:00:00,P1,Central Mall Parking,Mall,12.9719,77.5937,200,178,22,0.89,0.8,40,medium,clear,1,0,0,simulated
2026-01-25 11:00:00,P2,City Office Parking,Office,12.975,77.5945,150,35,115,0.2333,1.4,30,medium,clear,1,0,0,simulated
2026-01-25 11:00:00,P3,Market Road Parking,Street,12.9698,77.5962,80,49,31,0.6125,0.5,20,medium,clear,1,0,0,simulated
2026-01-25 11:00:00,P4,Metro Station Parking,Transit,12.9784,77.5915,250,107,143,0.428,1.8,25,medium,clear,1,0,0,simulated
2026-01-25 11:00:00,P5,College Campus Parking,Campus,12.9675,77.594,120,23,97,0.1917,1.0,15,medium,clear,1,0,0,simulated
2026-01-25 11:30:00,P1,Central Mall Parking,Mall,12.9719,77.5937,200,178,22,0.89,0.8,40,medium,clear,1,0,0,simulated
2026-01-25 11:30:00,P2,City Office Parking,Office,12.975,77.5945,150,36,114,0.24,1.4,30,medium,clear,1,0,0,simulated
2026-01-25 11:30:00,P3,Market Road Parking,Street,12.9698,77.5962,80,56,24,0.7,0.5,20,medium,clear,1,0,0,simulated
2026-01-25 11:30:00,P4,Metro Station Parking,Transit,12.9784,77.5915,250,113,137,0.452,1.8,25,medium,clear,1,0,0,simulated
2026-01-25 11:30:00,P5,College Campus Parking,Campus,12.9675,77.594,120,20,100,0.1667,1.0,15,medium,clear,1,0,0,simulated
2026-01-25 12:00:00,P1,Central Mall Parking,Mall,12.9719,77.5937,200,175,25,0.875,0.8,40,medium,clear,1,0,0,simulated
2026-01-25 12:00:00,P2,City Office Parking,Office,12.975,77.5945,150,38,112,0.2533,1.4,30,medium,clear,1,0,0,simulated
2026-01-25 12:00:00,P3,Market Road Parking,Street,12.9698,77.5962,80,55,25,0.6875,0.5,20,medium,clear,1,0,0,simulated
2026-01-25 12:00:00,P4,Metro Station Parking,Transit,12.9784,77.5915,250,112,138,0.448,1.8,25,medium,clear,1,0,0,simulated
2026-01-25 12:00:00,P5,College Campus Parking,Campus,12.9675,77.594,120,22,98,0.1833,1.0,15,medium,clear,1,0,0,simulated
2026-01-25 12:30:00,P1,Central Mall Parking,Mall,12.9719,77.5937,200,165,35,0.825,0.8,40,low,cloudy,1,0,0,simulated
2026-01-25 12:30:00,P2,City Office Parking,Office,12.975,77.5945,150,39,111,0.26,1.4,30,low,cloudy,1,0,0,simulated
2026-01-25 12:30:00,P3,Market Road Parking,Street,12.9698,77.5962,80,50,30,0.625,0.5,20,low,cloudy,1,0,0,simulated
2026-01-25 12:30:00,P4,Metro Station Parking,Transit,12.9784,77.5915,250,92,158,0.368,1.8,25,low,cloudy,1,0,0,simulated
2026-01-25 12:30:00,P5,College Campus Parking,Campus,12.9675,77.594,120,24,96,0.2,1.0,15,low,cloudy,1,0,0,simulated
2026-01-25 13:00:00,P1,Central Mall Parking,Mall,12.9719,77.5937,200,168,32,0.84,0.8,40,medium,clear,1,0,0,simulated
2026-01-25 13:00:00,P2,City Office Parking,Office,12.975,77.5945,150,45,105,0.3,1.4,30,medium,clear,1,0,0,simulated
2026-01-25 13:00:00,P3,Market Road Parking,Street,12.9698,77.5962,80,51,29,0.6375,0.5,20,medium,clear,1,0,0,simulated
2026-01-25 13:00:00,P4,Metro Station Parking,Transit,12.9784,77.5915,250,103,147,0.412,1.8,25,medium,clear,1,0,0,simulated
2026-01-25 13:00:00,P5,College Campus Parking,Campus,12.9675,77.594,120,15,105,0.125,1.0,15,medium,clear,1,0,0,simulated
2026-01-25 13:30:00,P1,Central Mall Parking,Mall,12.9719,77.5937,200,170,30,0.85,0.8,40,medium,clear,1,0,0,simulated
2026-01-25 13:30:00,P2,City Office Parking,Office,12.975,77.5945,150,41,109,0.2733,1.4,30,medium,clear,1,0,0,simulated
2026-01-25 13:30:00,P3,Market Road Parking,Street,12.9698,77.5962,80,53,27,0.6625,0.5,20,medium,clear,1,0,0,simulated
2026-01-25 13:30:00,P4,Metro Station Parking,Transit,12.9784,77.5915,250,114,136,0.456,1.8,25,medium,clear,1,0,0,simulated
2026-01-25 13:30:00,P5,College Campus Parking,Campus,12.9675,77.594,120,19,101,0.1583,1.0,15,medium,clear,1,0,0,simulated
2026-01-25 14:00:00,P1,Central Mall Parking,Mall,12.9719,77.5937,200,162,38,0.81,0.8,40,medium,cloudy,1,0,0,simulated
2026-01-25 14:00:00,P2,City Office Parking,Office,12.975,77.5945,150,33,117,0.22,1.4,30,medium,cloudy,1,0,0,simulated
2026-01-25 14:00:00,P3,Market Road Parking,Street,12.9698,77.5962,80,49,31,0.6125,0.5,20,medium,cloudy,1,0,0,simulated
2026-01-25 14:00:00,P4,Metro Station Parking,Transit,12.9784,77.5915,250,98,152,0.392,1.8,25,medium,cloudy,1,0,0,simulated
2026-01-25 14:00:00,P5,College Campus Parking,Campus,12.9675,77.594,120,21,99,0.175,1.0,15,medium,cloudy,1,0,0,simulated
2026-01-25 14:30:00,P1,Central Mall Parking,Mall,12.9719,77.5937,200,171,29,0.855,0.8,40,medium,clear,1,0,0,simulated
2026-01-25 14:30:00,P2,City Office Parking,Office,12.975,77.5945,150,30,120,0.2,1.4,30,medium,clear,1,0,0,simulated
2026-01-25 14:30:00,P3,Market Road Parking,Street,12.9698,77.5962,80,53,27,0.6625,0.5,20,medium,clear,1,0,0,simulated
2026-01-25 14:30:00,P4,Metro Station Parking,Transit,12.9784,77.5915,250,96,154,0.384,1.8,25,medium,clear,1,0,0,simulated
2026-01-25 14:30:00,P5,College Campus Parking,Campus,12.9675,77.594,120,21,99,0.175,1.0,15,medium,clear,1,0,0,simulated
2026-01-25 15:00:00,P1,Central Mall Parking,Mall,12.9719,77.5937,200,164,36,0.82,0.8,40,medium,clear,1,0,0,simulated
2026-01-25 15:00:00,P2,City Office Parking,Office,12.975,77.5945,150,42,108,0.28,1.4,30,medium,clear,1,0,0,simulated
2026-01-25 15:00:00,P3,Market Road Parking,Street,12.9698,77.5962,80,51,29,0.6375,0.5,20,medium,clear,1,0,0,simulated
2026-01-25 15:00:00,P4,Metro Station Parking,Transit,12.9784,77.5915,250,99,151,0.396,1.8,25,medium,clear,1,0,0,simulated
2026-01-25 15:00:00,P5,College Campus Parking,Campus,12.9675,77.594,120,13,107,0.1083,1.0,15,medium,clear,1,0,0,simulated
2026-01-25 15:30:00,P1,Central Mall Parking,Mall,12.9719,77.5937,200,162,38,0.81,0.8,40,low,clear,1,0,0,simulated
2026-01-25 15:30:00,P2,City Office Parking,Office,12.975,77.5945,150,37,113,0.2467,1.4,30,low,clear,1,0,0,simulated
2026-01-25 15:30:00,P3,Market Road Parking,Street,12.9698,77.5962,80,46,34,0.575,0.5,20,low,clear,1,0,0,simulated
2026-01-25 15:30:00,P4,Metro Station Parking,Transit,12.9784,77.5915,250,114,136,0.456,1.8,25,low,clear,1,0,0,simulated
2026-01-25 15:30:00,P5,College Campus Parking,Campus,12.9675,77.594,120,13,107,0.1083,1.0,15,low,clear,1,0,0,simulated
2026-01-25 16:00:00,P1,Central Mall Parking,Mall,12.9719,77.5937,200,174,26,0.87,0.8,40,medium,cloudy,1,0,0,simulated
2026-01-25 16:00:00,P2,City Office Parking,Office,12.975,77.5945,150,41,109,0.2733,1.4,30,medium,cloudy,1,0,0,simulated
2026-01-25 16:00:00,P3,Market Road Parking,Street,12.9698,77.5962,80,43,37,0.5375,0.5,20,medium,cloudy,1,0,0,simulated
2026-01-25 16:00:00,P4,Metro Station Parking,Transit,12.9784,77.5915,250,113,137,0.452,1.8,25,medium,cloudy,1,0,0,simulated
2026-01-25 16:00:00,P5,College Campus Parking,Campus,12.9675,77.594,120,20,100,0.1667,1.0,15,medium,cloudy,1,0,0,simulated
2026-01-25 16:30:00,P1,Central Mall Parking,Mall,12.9719,77.5937,200,177,23,0.885,0.8,40,medium,clear,1,0,0,simulated
2026-01-25 16:30:00,P2,City Office Parking,Office,12.975,77.5945,150,32,118,0.2133,1.4,30,medium,clear,1,0,0,simulated
2026-01-25 16:30:00,P3,Market Road Parking,Street,12.9698,77.5962,80,42,38,0.525,0.5,20,medium,clear,1,0,0,simulated
2026-01-25 16:30:00,P4,Metro Station Parking,Transit,12.9784,77.5915,250,103,147,0.412,1.8,25,medium,clear,1,0,0,simulated
2026-01-25 16:30:00,P5,College Campus Parking,Campus,12.9675,77.594,120,17,103,0.1417,1.0,15,medium,clear,1,0,0,simulated
2026-01-25 17:00:00,P1,Central Mall Parking,Mall,12.9719,77.5937,200,192,8,0.96,0.8,40,medium,clear,1,1,0,simulated
2026-01-25 17:00:00,P2,City Office Parking,Office,12.975,77.5945,150,40,110,0.2667,1.4,30,medium,clear,1,1,0,simulated
2026-01-25 17:00:00,P3,Market Road Parking,Street,12.9698,77.5962,80,45,35,0.5625,0.5,20,medium,clear,1,1,0,simulated
2026-01-25 17:00:00,P4,Metro Station Parking,Transit,12.9784,77.5915,250,189,61,0.756,1.8,25,medium,clear,1,1,0,simulated
2026-01-25 17:00:00,P5,College Campus Parking,Campus,12.9675,77.594,120,24,96,0.2,1.0,15,medium,clear,1,1,0,simulated
2026-01-25 17:30:00,P1,Central Mall Parking,Mall,12.9719,77.5937,200,191,9,0.955,0.8,40,high,clear,1,1,0,simulated
2026-01-25 17:30:00,P2,City Office Parking,Office,12.975,77.5945,150,45,105,0.3,1.4,30,high,clear,1,1,0,simulated
2026-01-25 17:30:00,P3,Market Road Parking,Street,12.9698,77.5962,80,52,28,0.65,0.5,20,high,clear,1,1,0,simulated
2026-01-25 17:30:00,P4,Metro Station Parking,Transit,12.9784,77.5915,250,213,37,0.852,1.8,25,high,clear,1,1,0,simulated
2026-01-25 17:30:00,P5,College Campus Parking,Campus,12.9675,77.594,120,28,92,0.2333,1.0,15,high,clear,1,1,0,simulated
2026-01-25 18:00:00,P1,Central Mall Parking,Mall,12.9719,77.5937,200,182,18,0.91,0.8,40,high,cloudy,1,1,0,simulated
2026-01-25 18:00:00,P2,City Office Parking,Office,12.975,77.5945,150,32,118,0.2133,1.4,30,high,cloudy,1,1,0,simulated
2026-01-25 18:00:00,P3,Market Road Parking,Street,12.9698,77.5962,80,46,34,0.575,0.5,20,high,cloudy,1,1,0,simulated
2026-01-25 18:00:00,P4,Metro Station Parking,Transit,12.9784,77.5915,250,187,63,0.748,1.8,25,high,cloudy,1,1,0,simulated
2026-01-25 18:00:00,P5,College Campus Parking,Campus,12.9675,77.594,120,27,93,0.225,1.0,15,high,cloudy,1,1,0,simulated
2026-01-25 18:30:00,P1,Central Mall Parking,Mall,12.9719,77.5937,200,194,6,0.97,0.8,40,high,clear,1,1,0,simulated
2026-01-25 18:30:00,P2,City Office Parking,Office,12.975,77.5945,150,30,120,0.2,1.4,30,high,clear,1,1,0,simulated
2026-01-25 18:30:00,P3,Market Road Parking,Street,12.9698,77.5962,80,49,31,0.6125,0.5,20,high,clear,1,1,0,simulated
2026-01-25 18:30:00,P4,Metro Station Parking,Transit,12.9784,77.5915,250,212,38,0.848,1.8,25,high,clear,1,1,0,simulated
2026-01-25 18:30:00,P5,College Campus Parking,Campus,12.9675,77.594,120,28,92,0.2333,1.0,15,high,clear,1,1,0,simulated
2026-01-25 19:00:00,P1,Central Mall Parking,Mall,12.9719,77.5937,200,187,13,0.935,0.8,40,high,cloudy,1,1,0,simulated
2026-01-25 19:00:00,P2,City Office Parking,Office,12.975,77.5945,150,38,112,0.2533,1.4,30,high,cloudy,1,1,0,simulated
2026-01-25 19:00:00,P3,Market Road Parking,Street,12.9698,77.5962,80,47,33,0.5875,0.5,20,high,cloudy,1,1,0,simulated
2026-01-25 19:00:00,P4,Metro Station Parking,Transit,12.9784,77.5915,250,191,59,0.764,1.8,25,high,cloudy,1,1,0,simulated
2026-01-25 19:00:00,P5,College Campus Parking,Campus,12.9675,77.594,120,21,99,0.175,1.0,15,high,cloudy,1,1,0,simulated
2026-01-25 19:30:00,P1,Central Mall Parking,Mall,12.9719,77.5937,200,178,22,0.89,0.8,40,medium,cloudy,1,1,0,simulated
2026-01-25 19:30:00,P2,City Office Parking,Office,12.975,77.5945,150,34,116,0.2267,1.4,30,medium,cloudy,1,1,0,simulated
2026-01-25 19:30:00,P3,Market Road Parking,Street,12.9698,77.5962,80,44,36,0.55,0.5,20,medium,cloudy,1,1,0,simulated
2026-01-25 19:30:00,P4,Metro Station Parking,Transit,12.9784,77.5915,250,185,65,0.74,1.8,25,medium,cloudy,1,1,0,simulated
2026-01-25 19:30:00,P5,College Campus Parking,Campus,12.9675,77.594,120,19,101,0.1583,1.0,15,medium,cloudy,1,1,0,simulated
2026-01-25 20:00:00,P1,Central Mall Parking,Mall,12.9719,77.5937,200,190,10,0.95,0.8,40,high,cloudy,1,1,0,simulated
2026-01-25 20:00:00,P2,City Office Parking,Office,12.975,77.5945,150,38,112,0.2533,1.4,30,high,cloudy,1,1,0,simulated
2026-01-25 20:00:00,P3,Market Road Parking,Street,12.9698,77.5962,80,47,33,0.5875,0.5,20,high,cloudy,1,1,0,simulated
2026-01-25 20:00:00,P4,Metro Station Parking,Transit,12.9784,77.5915,250,197,53,0.788,1.8,25,high,cloudy,1,1,0,simulated
2026-01-25 20:00:00,P5,College Campus Parking,Campus,12.9675,77.594,120,29,91,0.2417,1.0,15,high,cloudy,1,1,0,simulated
2026-01-26 08:00:00,P1,Central Mall Parking,Mall,12.9719,77.5937,200,59,141,0.295,0.8,40,medium,cloudy,0,1,0,simulated
2026-01-26 08:00:00,P2,City Office Parking,Office,12.975,77.5945,150,54,96,0.36,1.4,30,medium,cloudy,0,1,0,simulated
2026-01-26 08:00:00,P3,Market Road Parking,Street,12.9698,77.5962,80,44,36,0.55,0.5,20,medium,cloudy,0,1,0,simulated
2026-01-26 08:00:00,P4,Metro Station Parking,Transit,12.9784,77.5915,250,214,36,0.856,1.8,25,medium,cloudy,0,1,0,simulated
2026-01-26 08:00:00,P5,College Campus Parking,Campus,12.9675,77.594,120,43,77,0.3583,1.0,15,medium,cloudy,0,1,0,simulated
2026-01-26 08:30:00,P1,Central Mall Parking,Mall,12.9719,77.5937,200,48,152,0.24,0.8,40,high,cloudy,0,1,0,simulated
2026-01-26 08:30:00,P2,City Office Parking,Office,12.975,77.5945,150,68,82,0.4533,1.4,30,high,cloudy,0,1,0,simulated
2026-01-26 08:30:00,P3,Market Road Parking,Street,12.9698,77.5962,80,42,38,0.525,0.5,20,high,cloudy,0,1,0,simulated
2026-01-26 08:30:00,P4,Metro Station Parking,Transit,12.9784,77.5915,250,207,43,0.828,1.8,25,high,cloudy,0,1,0,simulated
2026-01-26 08:30:00,P5,College Campus Parking,Campus,12.9675,77.594,120,51,69,0.425,1.0,15,high,cloudy,0,1,0,simulated
2026-01-26 09:00:00,P1,Central Mall Parking,Mall,12.9719,77.5937,200,51,149,0.255,0.8,40,high,clear,0,1,0,simulated
2026-01-26 09:00:00,P2,City Office Parking,Office,12.975,77.5945,150,113,37,0.7533,1.4,30,high,clear,0,1,0,simulated
2026-01-26 09:00:00,P3,Market Road Parking,Street,12.9698,77.5962,80,49,31,0.6125,0.5,20,high,clear,0,1,0,simulated
2026-01-26 09:00:00,P4,Metro Station Parking,Transit,12.9784,77.5915,250,224,26,0.896,1.8,25,high,clear,0,1,0,simulated
2026-01-26 09:00:00,P5,College Campus Parking,Campus,12.9675,77.594,120,91,29,0.7583,1.0,15,high,clear,0,1,0,simulated
2026-01-26 09:30:00,P1,Central Mall Parking,Mall,12.9719,77.5937,200,51,149,0.255,0.8,40,high,cloudy,0,1,0,simulated
2026-01-26 09:30:00,P2,City Office Parking,Office,12.975,77.5945,150,114,36,0.76,1.4,30,high,cloudy,0,1,0,simulated
2026-01-26 09:30:00,P3,Market Road Parking,Street,12.9698,77.5962,80,47,33,0.5875,0.5,20,high,cloudy,0,1,0,simulated
2026-01-26 09:30:00,P4,Metro Station Parking,Transit,12.9784,77.5915,250,227,23,0.908,1.8,25,high,cloudy,0,1,0,simulated
2026-01-26 09:30:00,P5,College Campus Parking,Campus,12.9675,77.594,120,92,28,0.7667,1.0,15,high,cloudy,0,1,0,simulated
2026-01-26 10:00:00,P1,Central Mall Parking,Mall,12.9719,77.5937,200,75,125,0.375,0.8,40,high,clear,0,1,1,simulated
2026-01-26 10:00:00,P2,City Office Parking,Office,12.975,77.5945,150,120,30,0.8,1.4,30,high,clear,0,1,1,simulated
2026-01-26 10:00:00,P3,Market Road Parking,Street,12.9698,77.5962,80,56,24,0.7,0.5,20,high,clear,0,1,1,simulated
2026-01-26 10:00:00,P4,Metro Station Parking,Transit,12.9784,77.5915,250,242,8,0.968,1.8,25,high,clear,0,1,1,simulated
2026-01-26 10:00:00,P5,College Campus Parking,Campus,12.9675,77.594,120,103,17,0.8583,1.0,15,high,clear,0,1,1,simulated
2026-01-26 10:30:00,P1,Central Mall Parking,Mall,12.9719,77.5937,200,74,126,0.37,0.8,40,low,cloudy,0,0,1,simulated
2026-01-26 10:30:00,P2,City Office Parking,Office,12.975,77.5945,150,108,42,0.72,1.4,30,low,cloudy,0,0,1,simulated
2026-01-26 10:30:00,P3,Market Road Parking,Street,12.9698,77.5962,80,44,36,0.55,0.5,20,low,cloudy,0,0,1,simulated
2026-01-26 10:30:00,P4,Metro Station Parking,Transit,12.9784,77.5915,250,156,94,0.624,1.8,25,low,cloudy,0,0,1,simulated
2026-01-26 10:30:00,P5,College Campus Parking,Campus,12.9675,77.594,120,102,18,0.85,1.0,15,low,cloudy,0,0,1,simulated
2026-01-26 11:00:00,P1,Central Mall Parking,Mall,12.9719,77.5937,200,133,67,0.665,0.8,40,medium,cloudy,0,0,0,simulated
2026-01-26 11:00:00,P2,City Office Parking,Office,12.975,77.5945,150,115,35,0.7667,1.4,30,medium,cloudy,0,0,0,simulated
2026-01-26 11:00:00,P3,Market Road Parking,Street,12.9698,77.5962,80,49,31,0.6125,0.5,20,medium,cloudy,0,0,0,simulated
2026-01-26 11:00:00,P4,Metro Station Parking,Transit,12.9784,77.5915,250,117,133,0.468,1.8,25,medium,cloudy,0,0,0,simulated
2026-01-26 11:00:00,P5,College Campus Parking,Campus,12.9675,77.594,120,89,31,0.7417,1.0,15,medium,cloudy,0,0,0,simulated
2026-01-26 11:30:00,P1,Central Mall Parking,Mall,12.9719,77.5937,200,124,76,0.62,0.8,40,medium,clear,0,0,0,simulated
2026-01-26 11:30:00,P2,City Office Parking,Office,12.975,77.5945,150,131,19,0.8733,1.4,30,medium,clear,0,0,0,simulated
2026-01-26 11:30:00,P3,Market Road Parking,Street,12.9698,77.5962,80,45,35,0.5625,0.5,20,medium,clear,0,0,0,simulated
2026-01-26 11:30:00,P4,Metro Station Parking,Transit,12.9784,77.5915,250,125,125,0.5,1.8,25,medium,clear,0,0,0,simulated
2026-01-26 11:30:00,P5,College Campus Parking,Campus,12.9675,77.594,120,90,30,0.75,1.0,15,medium,clear,0,0,0,simulated
2026-01-26 12:00:00,P1,Central Mall Parking,Mall,12.9719,77.5937,200,134,66,0.67,0.8,40,medium,cloudy,0,0,0,simulated
2026-01-26 12:00:00,P2,City Office Parking,Office,12.975,77.5945,150,136,14,0.9067,1.4,30,medium,cloudy,0,0,0,simulated
2026-01-26 12:00:00,P3,Market Road Parking,Street,12.9698,77.5962,80,51,29,0.6375,0.5,20,medium,cloudy,0,0,0,simulated
2026-01-26 12:00:00,P4,Metro Station Parking,Transit,12.9784,77.5915,250,120,130,0.48,1.8,25,medium,cloudy,0,0,0,simulated
2026-01-26 12:00:00,P5,College Campus Parking,Campus,12.9675,77.594,120,91,29,0.7583,1.0,15,medium,cloudy,0,0,0,simulated
2026-01-26 12:30:00,P1,Central Mall Parking,Mall,12.9719,77.5937,200,129,71,0.645,0.8,40,low,clear,0,0,0,simulated
2026-01-26 12:30:00,P2,City Office Parking,Office,12.975,77.5945,150,138,12,0.92,1.4,30,low,clear,0,0,0,simulated
2026-01-26 12:30:00,P3,Market Road Parking,Street,12.9698,77.5962,80,54,26,0.675,0.5,20,low,clear,0,0,0,simulated
2026-01-26 12:30:00,P4,Metro Station Parking,Transit,12.9784,77.5915,250,121,129,0.484,1.8,25,low,clear,0,0,0,simulated
2026-01-26 12:30:00,P5,College Campus Parking,Campus,12.9675,77.594,120,99,21,0.825,1.0,15,low,clear,0,0,0,simulated
2026-01-26 13:00:00,P1,Central Mall Parking,Mall,12.9719,77.5937,200,125,75,0.625,0.8,40,low,clear,0,0,0,simulated
2026-01-26 13:00:00,P2,City Office Parking,Office,12.975,77.5945,150,130,20,0.8667,1.4,30,low,clear,0,0,0,simulated
2026-01-26 13:00:00,P3,Market Road Parking,Street,12.9698,77.5962,80,52,28,0.65,0.5,20,low,clear,0,0,0,simulated
2026-01-26 13:00:00,P4,Metro Station Parking,Transit,12.9784,77.5915,250,138,112,0.552,1.8,25,low,clear,0,0,0,simulated
2026-01-26 13:00:00,P5,College Campus Parking,Campus,12.9675,77.594,120,96,24,0.8,1.0,15,low,clear,0,0,0,simulated
2026-01-26 13:30:00,P1,Central Mall Parking,Mall,12.9719,77.5937,200,135,65,0.675,0.8,40,medium,clear,0,0,0,simulated
2026-01-26 13:30:00,P2,City Office Parking,Office,12.975,77.5945,150,136,14,0.9067,1.4,30,medium,clear,0,0,0,simulated
2026-01-26 13:30:00,P3,Market Road Parking,Street,12.9698,77.5962,80,49,31,0.6125,0.5,20,medium,clear,0,0,0,simulated
2026-01-26 13:30:00,P4,Metro Station Parking,Transit,12.9784,77.5915,250,142,108,0.568,1.8,25,medium,clear,0,0,0,simulated
2026-01-26 13:30:00,P5,College Campus Parking,Campus,12.9675,77.594,120,103,17,0.8583,1.0,15,medium,clear,0,0,0,simulated
2026-01-26 14:00:00,P1,Central Mall Parking,Mall,12.9719,77.5937,200,120,80,0.6,0.8,40,low,clear,0,0,0,simulated
2026-01-26 14:00:00,P2,City Office Parking,Office,12.975,77.5945,150,128,22,0.8533,1.4,30,low,clear,0,0,0,simulated
2026-01-26 14:00:00,P3,Market Road Parking,Street,12.9698,77.5962,80,54,26,0.675,0.5,20,low,clear,0,0,0,simulated
2026-01-26 14:00:00,P4,Metro Station Parking,Transit,12.9784,77.5915,250,125,125,0.5,1.8,25,low,clear,0,0,0,simulated
2026-01-26 14:00:00,P5,College Campus Parking,Campus,12.9675,77.594,120,96,24,0.8,1.0,15,low,clear,0,0,0,simulated
2026-01-26 14:30:00,P1,Central Mall Parking,Mall,12.9719,77.5937,200,125,75,0.625,0.8,40,medium,cloudy,0,0,0,simulated
2026-01-26 14:30:00,P2,City Office Parking,Office,12.975,77.5945,150,126,24,0.84,1.4,30,medium,cloudy,0,0,0,simulated
2026-01-26 14:30:00,P3,Market Road Parking,Street,12.9698,77.5962,80,47,33,0.5875,0.5,20,medium,cloudy,0,0,0,simulated
2026-01-26 14:30:00,P4,Metro Station Parking,Transit,12.9784,77.5915,250,134,116,0.536,1.8,25,medium,cloudy,0,0,0,simulated
2026-01-26 14:30:00,P5,College Campus Parking,Campus,12.9675,77.594,120,97,23,0.8083,1.0,15,medium,cloudy,0,0,0,simulated
2026-01-26 15:00:00,P1,Central Mall Parking,Mall,12.9719,77.5937,200,116,84,0.58,0.8,40,low,clear,0,0,0,simulated
2026-01-26 15:00:00,P2,City Office Parking,Office,12.975,77.5945,150,128,22,0.8533,1.4,30,low,clear,0,0,0,simulated
2026-01-26 15:00:00,P3,Market Road Parking,Street,12.9698,77.5962,80,46,34,0.575,0.5,20,low,clear,0,0,0,simulated
2026-01-26 15:00:00,P4,Metro Station Parking,Transit,12.9784,77.5915,250,141,109,0.564,1.8,25,low,clear,0,0,0,simulated
2026-01-26 15:00:00,P5,College Campus Parking,Campus,12.9675,77.594,120,98,22,0.8167,1.0,15,low,clear,0,0,0,simulated
2026-01-26 15:30:00,P1,Central Mall Parking,Mall,12.9719,77.5937,200,148,52,0.74,0.8,40,medium,cloudy,0,0,0,simulated
2026-01-26 15:30:00,P2,City Office Parking,Office,12.975,77.5945,150,119,31,0.7933,1.4,30,medium,cloudy,0,0,0,simulated
2026-01-26 15:30:00,P3,Market Road Parking,Street,12.9698,77.5962,80,41,39,0.5125,0.5,20,medium,cloudy,0,0,0,simulated
2026-01-26 15:30:00,P4,Metro Station Parking,Transit,12.9784,77.5915,250,122,128,0.488,1.8,25,medium,cloudy,0,0,0,simulated
2026-01-26 15:30:00,P5,College Campus Parking,Campus,12.9675,77.594,120,103,17,0.8583,1.0,15,medium,cloudy,0,0,0,simulated
2026-01-26 16:00:00,P1,Central Mall Parking,Mall,12.9719,77.5937,200,156,44,0.78,0.8,40,low,rain,0,0,0,simulated
2026-01-26 16:00:00,P2,City Office Parking,Office,12.975,77.5945,150,119,31,0.7933,1.4,30,low,rain,0,0,0,simulated
2026-01-26 16:00:00,P3,Market Road Parking,Street,12.9698,77.5962,80,45,35,0.5625,0.5,20,low,rain,0,0,0,simulated
2026-01-26 16:00:00,P4,Metro Station Parking,Transit,12.9784,77.5915,250,134,116,0.536,1.8,25,low,rain,0,0,0,simulated
2026-01-26 16:00:00,P5,College Campus Parking,Campus,12.9675,77.594,120,101,19,0.8417,1.0,15,low,rain,0,0,0,simulated
2026-01-26 16:30:00,P1,Central Mall Parking,Mall,12.9719,77.5937,200,160,40,0.8,0.8,40,medium,cloudy,0,0,0,simulated
2026-01-26 16:30:00,P2,City Office Parking,Office,12.975,77.5945,150,116,34,0.7733,1.4,30,medium,cloudy,0,0,0,simulated
2026-01-26 16:30:00,P3,Market Road Parking,Street,12.9698,77.5962,80,43,37,0.5375,0.5,20,medium,cloudy,0,0,0,simulated
2026-01-26 16:30:00,P4,Metro Station Parking,Transit,12.9784,77.5915,250,140,110,0.56,1.8,25,medium,cloudy,0,0,0,simulated
2026-01-26 16:30:00,P5,College Campus Parking,Campus,12.9675,77.594,120,58,62,0.4833,1.0,15,medium,cloudy,0,0,0,simulated
2026-01-26 17:00:00,P1,Central Mall Parking,Mall,12.9719,77.5937,200,149,51,0.745,0.8,40,high,clear,0,1,0,simulated
2026-01-26 17:00:00,P2,City Office Parking,Office,12.975,77.5945,150,114,36,0.76,1.4,30,high,clear,0,1,0,simulated
2026-01-26 17:00:00,P3,Market Road Parking,Street,12.9698,77.5962,80,50,30,0.625,0.5,20,high,clear,0,1,0,simulated
2026-01-26 17:00:00,P4,Metro Station Parking,Transit,12.9784,77.5915,250,218,32,0.872,1.8,25,high,clear,0,1,0,simulated
2026-01-26 17:00:00,P5,College Campus Parking,Campus,12.9675,77.594,120,58,62,0.4833,1.0,15,high,clear,0,1,0,simulated
2026-01-26 17:30:00,P1,Central Mall Parking,Mall,12.9719,77.5937,200,155,45,0.775,0.8,40,high,clear,0,1,0,simulated
2026-01-26 17:30:00,P2,City Office Parking,Office,12.975,77.5945,150,123,27,0.82,1.4,30,high,clear,0,1,0,simulated
2026-01-26 17:30:00,P3,Market Road Parking,Street,12.9698,77.5962,80,46,34,0.575,0.5,20,high,clear,0,1,0,simulated
2026-01-26 17:30:00,P4,Metro Station Parking,Transit,12.9784,77.5915,250,218,32,0.872,1.8,25,high,clear,0,1,0,simulated
2026-01-26 17:30:00,P5,College Campus Parking,Campus,12.9675,77.594,120,66,54,0.55,1.0,15,high,clear,0,1,0,simulated
2026-01-26 18:00:00,P1,Central Mall Parking,Mall,12.9719,77.5937,200,153,47,0.765,0.8,40,high,clear,0,1,0,simulated
2026-01-26 18:00:00,P2,City Office Parking,Office,12.975,77.5945,150,126,24,0.84,1.4,30,high,clear,0,1,0,simulated
2026-01-26 18:00:00,P3,Market Road Parking,Street,12.9698,77.5962,80,43,37,0.5375,0.5,20,high,clear,0,1,0,simulated
2026-01-26 18:00:00,P4,Metro Station Parking,Transit,12.9784,77.5915,250,223,27,0.892,1.8,25,high,clear,0,1,0,simulated
2026-01-26 18:00:00,P5,College Campus Parking,Campus,12.9675,77.594,120,61,59,0.5083,1.0,15,high,clear,0,1,0,simulated
2026-01-26 18:30:00,P1,Central Mall Parking,Mall,12.9719,77.5937,200,164,36,0.82,0.8,40,high,clear,0,1,0,simulated
2026-01-26 18:30:00,P2,City Office Parking,Office,12.975,77.5945,150,78,72,0.52,1.4,30,high,clear,0,1,0,simulated
2026-01-26 18:30:00,P3,Market Road Parking,Street,12.9698,77.5962,80,48,32,0.6,0.5,20,high,clear,0,1,0,simulated
2026-01-26 18:30:00,P4,Metro Station Parking,Transit,12.9784,77.5915,250,213,37,0.852,1.8,25,high,clear,0,1,0,simulated
2026-01-26 18:30:00,P5,College Campus Parking,Campus,12.9675,77.594,120,33,87,0.275,1.0,15,high,clear,0,1,0,simulated
2026-01-26 19:00:00,P1,Central Mall Parking,Mall,12.9719,77.5937,200,153,47,0.765,0.8,40,high,clear,0,1,0,simulated
2026-01-26 19:00:00,P2,City Office Parking,Office,12.975,77.5945,150,84,66,0.56,1.4,30,high,clear,0,1,0,simulated
2026-01-26 19:00:00,P3,Market Road Parking,Street,12.9698,77.5962,80,44,36,0.55,0.5,20,high,clear,0,1,0,simulated
2026-01-26 19:00:00,P4,Metro Station Parking,Transit,12.9784,77.5915,250,226,24,0.904,1.8,25,high,clear,0,1,0,simulated
2026-01-26 19:00:00,P5,College Campus Parking,Campus,12.9675,77.594,120,28,92,0.2333,1.0,15,high,clear,0,1,0,simulated
2026-01-26 19:30:00,P1,Central Mall Parking,Mall,12.9719,77.5937,200,158,42,0.79,0.8,40,high,clear,0,1,0,simulated
2026-01-26 19:30:00,P2,City Office Parking,Office,12.975,77.5945,150,83,67,0.5533,1.4,30,high,clear,0,1,0,simulated
2026-01-26 19:30:00,P3,Market Road Parking,Street,12.9698,77.5962,80,49,31,0.6125,0.5,20,high,clear,0,1,0,simulated
2026-01-26 19:30:00,P4,Metro Station Parking,Transit,12.9784,77.5915,250,235,15,0.94,1.8,25,high,clear,0,1,0,simulated
2026-01-26 19:30:00,P5,College Campus Parking,Campus,12.9675,77.594,120,33,87,0.275,1.0,15,high,clear,0,1,0,simulated
2026-01-26 20:00:00,P1,Central Mall Parking,Mall,12.9719,77.5937,200,151,49,0.755,0.8,40,high,cloudy,0,1,0,simulated
2026-01-26 20:00:00,P2,City Office Parking,Office,12.975,77.5945,150,72,78,0.48,1.4,30,high,cloudy,0,1,0,simulated
2026-01-26 20:00:00,P3,Market Road Parking,Street,12.9698,77.5962,80,48,32,0.6,0.5,20,high,cloudy,0,1,0,simulated
2026-01-26 20:00:00,P4,Metro Station Parking,Transit,12.9784,77.5915,250,225,25,0.9,1.8,25,high,cloudy,0,1,0,simulated
2026-01-26 20:00:00,P5,College Campus Parking,Campus,12.9675,77.594,120,38,82,0.3167,1.0,15,high,cloudy,0,1,0,simulated
2026-01-27 08:00:00,P1,Central Mall Parking,Mall,12.9719,77.5937,200,58,142,0.29,0.8,40,high,clear,0,1,0,simulated
2026-01-27 08:00:00,P2,City Office Parking,Office,12.975,77.5945,150,69,81,0.46,1.4,30,high,clear,0,1,0,simulated
2026-01-27 08:00:00,P3,Market Road Parking,Street,12.9698,77.5962,80,47,33,0.5875,0.5,20,high,clear,0,1,0,simulated
2026-01-27 08:00:00,P4,Metro Station Parking,Transit,12.9784,77.5915,250,212,38,0.848,1.8,25,high,clear,0,1,0,simulated
2026-01-27 08:00:00,P5,College Campus Parking,Campus,12.9675,77.594,120,48,72,0.4,1.0,15,high,clear,0,1,0,simulated
2026-01-27 08:30:00,P1,Central Mall Parking,Mall,12.9719,77.5937,200,51,149,0.255,0.8,40,high,clear,0,1,0,simulated
2026-01-27 08:30:00,P2,City Office Parking,Office,12.975,77.5945,150,59,91,0.3933,1.4,30,high,clear,0,1,0,simulated
2026-01-27 08:30:00,P3,Market Road Parking,Street,12.9698,77.5962,80,44,36,0.55,0.5,20,high,clear,0,1,0,simulated
2026-01-27 08:30:00,P4,Metro Station Parking,Transit,12.9784,77.5915,250,227,23,0.908,1.8,25,high,clear,0,1,0,simulated
2026-01-27 08:30:00,P5,College Campus Parking,Campus,12.9675,77.594,120,43,77,0.3583,1.0,15,high,clear,0,1,0,simulated
2026-01-27 09:00:00,P1,Central Mall Parking,Mall,12.9719,77.5937,200,59,141,0.295,0.8,40,high,clear,0,1,0,simulated
2026-01-27 09:00:00,P2,City Office Parking,Office,12.975,77.5945,150,117,33,0.78,1.4,30,high,clear,0,1,0,simulated
2026-01-27 09:00:00,P3,Market Road Parking,Street,12.9698,77.5962,80,49,31,0.6125,0.5,20,high,clear,0,1,0,simulated
2026-01-27 09:00:00,P4,Metro Station Parking,Transit,12.9784,77.5915,250,225,25,0.9,1.8,25,high,clear,0,1,0,simulated
2026-01-27 09:00:00,P5,College Campus Parking,Campus,12.9675,77.594,120,92,28,0.7667,1.0,15,high,clear,0,1,0,simulated
2026-01-27 09:30:00,P1,Central Mall Parking,Mall,12.9719,77.5937,200,55,145,0.275,0.8,40,high,clear,0,1,0,simulated
2026-01-27 09:30:00,P2,City Office Parking,Office,12.975,77.5945,150,122,28,0.8133,1.4,30,high,clear,0,1,0,simulated
2026-01-27 09:30:00,P3,Market Road Parking,Street,12.9698,77.5962,80,45,35,0.5625,0.5,20,high,clear,0,1,0,simulated
2026-01-27 09:30:00,P4,Metro Station Parking,Transit,12.9784,77.5915,250,215,35,0.86,1.8,25,high,clear,0,1,0,simulated
2026-01-27 09:30:00,P5,College Campus Parking,Campus,12.9675,77.594,120,94,26,0.7833,1.0,15,high,clear,0,1,0,simulated
2026-01-27 10:00:00,P1,Central Mall Parking,Mall,12.9719,77.5937,200,61,139,0.305,0.8,40,high,clear,0,1,0,simulated
2026-01-27 10:00:00,P2,City Office Parking,Office,12.975,77.5945,150,121,29,0.8067,1.4,30,high,clear,0,1,0,simulated
2026-01-27 10:00:00,P3,Market Road Parking,Street,12.9698,77.5962,80,44,36,0.55,0.5,20,high,clear,0,1,0,simulated
2026-01-27 10:00:00,P4,Metro Station Parking,Transit,12.9784,77.5915,250,207,43,0.828,1.8,25,high,clear,0,1,0,simulated
2026-01-27 10:00:00,P5,College Campus Parking,Campus,12.9675,77.594,120,98,22,0.8167,1.0,15,high,clear,0,1,0,simulated
2026-01-27 10:30:00,P1,Central Mall Parking,Mall,12.9719,77.5937,200,56,144,0.28,0.8,40,medium,clear,0,0,0,simulated
2026-01-27 10:30:00,P2,City Office Parking,Office,12.975,77.5945,150,120,30,0.8,1.4,30,medium,clear,0,0,0,simulated
2026-01-27 10:30:00,P3,Market Road Parking,Street,12.9698,77.5962,80,36,44,0.45,0.5,20,medium,clear,0,0,0,simulated
2026-01-27 10:30:00,P4,Metro Station Parking,Transit,12.9784,77.5915,250,124,126,0.496,1.8,25,medium,clear,0,0,0,simulated
2026-01-27 10:30:00,P5,College Campus Parking,Campus,12.9675,77.594,120,88,32,0.7333,1.0,15,medium,clear,0,0,0,simulated
2026-01-27 11:00:00,P1,Central Mall Parking,Mall,12.9719,77.5937,200,131,69,0.655,0.8,40,medium,rain,0,0,0,simulated
2026-01-27 11:00:00,P2,City Office Parking,Office,12.975,77.5945,150,118,32,0.7867,1.4,30,medium,rain,0,0,0,simulated
2026-01-27 11:00:00,P3,Market Road Parking,Street,12.9698,77.5962,80,56,24,0.7,0.5,20,medium,rain,0,0,0,simulated
2026-01-27 11:00:00,P4,Metro Station Parking,Transit,12.9784,77.5915,250,126,124,0.504,1.8,25,medium,rain,0,0,0,simulated
2026-01-27 11:00:00,P5,College Campus Parking,Campus,12.9675,77.594,120,89,31,0.7417,1.0,15,medium,rain,0,0,0,simulated
2026-01-27 11:30:00,P1,Central Mall Parking,Mall,12.9719,77.5937,200,115,85,0.575,0.8,40,low,clear,0,0,0,simulated
2026-01-27 11:30:00,P2,City Office Parking,Office,12.975,77.5945,150,133,17,0.8867,1.4,30,low,clear,0,0,0,simulated
2026-01-27 11:30:00,P3,Market Road Parking,Street,12.9698,77.5962,80,54,26,0.675,0.5,20,low,clear,0,0,0,simulated
2026-01-27 11:30:00,P4,Metro Station Parking,Transit,12.9784,77.5915,250,142,108,0.568,1.8,25,low,clear,0,0,0,simulated
2026-01-27 11:30:00,P5,College Campus Parking,Campus,12.9675,77.594,120,96,24,0.8,1.0,15,low,clear,0,0,0,simulated
2026-01-27 12:00:00,P1,Central Mall Parking,Mall,12.9719,77.5937,200,127,73,0.635,0.8,40,medium,cloudy,0,0,0,simulated
2026-01-27 12:00:00,P2,City Office Parking,Office,12.975,77.5945,150,129,21,0.86,1.4,30,medium,cloudy,0,0,0,simulated
2026-01-27 12:00:00,P3,Market Road Parking,Street,12.9698,77.5962,80,50,30,0.625,0.5,20,medium,cloudy,0,0,0,simulated
2026-01-27 12:00:00,P4,Metro Station Parking,Transit,12.9784,77.5915,250,143,107,0.572,1.8,25,medium,cloudy,0,0,0,simulated
2026-01-27 12:00:00,P5,College Campus Parking,Campus,12.9675,77.594,120,89,31,0.7417,1.0,15,medium,cloudy,0,0,0,simulated
2026-01-27 12:30:00,P1,Central Mall Parking,Mall,12.9719,77.5937,200,116,84,0.58,0.8,40,medium,clear,0,0,0,simulated
2026-01-27 12:30:00,P2,City Office Parking,Office,12.975,77.5945,150,140,10,0.9333,1.4,30,medium,clear,0,0,0,simulated
2026-01-27 12:30:00,P3,Market Road Parking,Street,12.9698,77.5962,80,53,27,0.6625,0.5,20,medium,clear,0,0,0,simulated
2026-01-27 12:30:00,P4,Metro Station Parking,Transit,12.9784,77.5915,250,139,111,0.556,1.8,25,medium,clear,0,0,0,simulated
2026-01-27 12:30:00,P5,College Campus Parking,Campus,12.9675,77.594,120,102,18,0.85,1.0,15,medium,clear,0,0,0,simulated
2026-01-27 13:00:00,P1,Central Mall Parking,Mall,12.9719,77.5937,200,121,79,0.605,0.8,40,medium,cloudy,0,0,0,simulated
2026-01-27 13:00:00,P2,City Office Parking,Office,12.975,77.5945,150,137,13,0.9133,1.4,30,medium,cloudy,0,0,0,simulated
2026-01-27 13:00:00,P3,Market Road Parking,Street,12.9698,77.5962,80,46,34,0.575,0.5,20,medium,cloudy,0,0,0,simulated
2026-01-27 13:00:00,P4,Metro Station Parking,Transit,12.9784,77.5915,250,125,125,0.5,1.8,25,medium,cloudy,0,0,0,simulated
2026-01-27 13:00:00,P5,College Campus Parking,Campus,12.9675,77.594,120,107,13,0.8917,1.0,15,medium,cloudy,0,0,0,simulated
2026-01-27 13:30:00,P1,Central Mall Parking,Mall,12.9719,77.5937,200,125,75,0.625,0.8,40,low,cloudy,0,0,0,simulated
2026-01-27 13:30:00,P2,City Office Parking,Office,12.975,77.5945,150,130,20,0.8667,1.4,30,low,cloudy,0,0,0,simulated
2026-01-27 13:30:00,P3,Market Road Parking,Street,12.9698,77.5962,80,48,32,0.6,0.5,20,low,cloudy,0,0,0,simulated
2026-01-27 13:30:00,P4,Metro Station Parking,Transit,12.9784,77.5915,250,118,132,0.472,1.8,25,low,cloudy,0,0,0,simulated
2026-01-27 13:30:00,P5,College Campus Parking,Campus,12.9675,77.594,120,107,13,0.8917,1.0,15,low,cloudy,0,0,0,simulated
2026-01-27 14:00:00,P1,Central Mall Parking,Mall,12.9719,77.5937,200,130,70,0.65,0.8,40,medium,clear,0,0,0,simulated
2026-01-27 14:00:00,P2,City Office Parking,Office,12.975,77.5945,150,127,23,0.8467,1.4,30,medium,clear,0,0,0,simulated
2026-01-27 14:00:00,P3,Market Road Parking,Street,12.9698,77.5962,80,49,31,0.6125,0.5,20,medium,clear,0,0,0,simulated
2026-01-27 14:00:00,P4,Metro Station Parking,Transit,12.9784,77.5915,250,116,134,0.464,1.8,25,medium,clear,0,0,0,simulated
2026-01-27 14:00:00,P5,College Campus Parking,Campus,12.9675,77.594,120,104,16,0.8667,1.0,15,medium,clear,0,0,0,simulated
2026-01-27 14:30:00,P1,Central Mall Parking,Mall,12.9719,77.5937,200,132,68,0.66,0.8,40,medium,clear,0,0,0,simulated
2026-01-27 14:30:00,P2,City Office Parking,Office,12.975,77.5945,150,131,19,0.8733,1.4,30,medium,clear,0,0,0,simulated
2026-01-27 14:30:00,P3,Market Road Parking,Street,12.9698,77.5962,80,46,34,0.575,0.5,20,medium,clear,0,0,0,simulated
2026-01-27 14:30:00,P4,Metro Station Parking,Transit,12.9784,77.5915,250,126,124,0.504,1.8,25,medium,clear,0,0,0,simulated
2026-01-27 14:30:00,P5,College Campus Parking,Campus,12.9675,77.594,120,101,19,0.8417,1.0,15,medium,clear,0,0,0,simulated
2026-01-27 15:00:00,P1,Central Mall Parking,Mall,12.9719,77.5937,200,131,69,0.655,0.8,40,medium,rain,0,0,0,simulated
2026-01-27 15:00:00,P2,City Office Parking,Office,12.975,77.5945,150,142,8,0.9467,1.4,30,medium,rain,0,0,0,simulated
2026-01-27 15:00:00,P3,Market Road Parking,Street,12.9698,77.5962,80,48,32,0.6,0.5,20,medium,rain,0,0,0,simulated
2026-01-27 15:00:00,P4,Metro Station Parking,Transit,12.9784,77.5915,250,150,100,0.6,1.8,25,medium,rain,0,0,0,simulated
2026-01-27 15:00:00,P5,College Campus Parking,Campus,12.9675,77.594,120,107,13,0.8917,1.0,15,medium,rain,0,0,0,simulated
2026-01-27 15:30:00,P1,Central Mall Parking,Mall,12.9719,77.5937,200,144,56,0.72,0.8,40,medium,clear,0,0,0,simulated
2026-01-27 15:30:00,P2,City Office Parking,Office,12.975,77.5945,150,120,30,0.8,1.4,30,medium,clear,0,0,0,simulated
2026-01-27 15:30:00,P3,Market Road Parking,Street,12.9698,77.5962,80,43,37,0.5375,0.5,20,medium,clear,0,0,0,simulated
2026-01-27 15:30:00,P4,Metro Station Parking,Transit,12.9784,77.5915,250,134,116,0.536,1.8,25,medium,clear,0,0,0,simulated
2026-01-27 15:30:00,P5,College Campus Parking,Campus,12.9675,77.594,120,96,24,0.8,1.0,15,medium,clear,0,0,0,simulated
2026-01-27 16:00:00,P1,Central Mall Parking,Mall,12.9719,77.5937,200,158,42,0.79,0.8,40,medium,clear,0,0,0,simulated
2026-01-27 16:00:00,P2,City Office Parking,Office,12.975,77.5945,150,124,26,0.8267,1.4,30,medium,clear,0,0,0,simulated
2026-01-27 16:00:00,P3,Market Road Parking,Street,12.9698,77.5962,80,43,37,0.5375,0.5,20,medium,clear,0,0,0,simulated
2026-01-27 16:00:00,P4,Metro Station Parking,Transit,12.9784,77.5915,250,133,117,0.532,1.8,25,medium,clear,0,0,0,simulated
2026-01-27 16:00:00,P5,College Campus Parking,Campus,12.9675,77.594,120,97,23,0.8083,1.0,15,medium,clear,0,0,0,simulated
2026-01-27 16:30:00,P1,Central Mall Parking,Mall,12.9719,77.5937,200,158,42,0.79,0.8,40,low,clear,0,0,0,simulated
2026-01-27 16:30:00,P2,City Office Parking,Office,12.975,77.5945,150,121,29,0.8067,1.4,30,low,clear,0,0,0,simulated
2026-01-27 16:30:00,P3,Market Road Parking,Street,12.9698,77.5962,80,36,44,0.45,0.5,20,low,clear,0,0,0,simulated
2026-01-27 16:30:00,P4,Metro Station Parking,Transit,12.9784,77.5915,250,130,120,0.52,1.8,25,low,clear,0,0,0,simulated
2026-01-27 16:30:00,P5,College Campus Parking,Campus,12.9675,77.594,120,61,59,0.5083,1.0,15,low,clear,0,0,0,simulated
2026-01-27 17:00:00,P1,Central Mall Parking,Mall,12.9719,77.5937,200,160,40,0.8,0.8,40,high,clear,0,1,0,simulated
2026-01-27 17:00:00,P2,City Office Parking,Office,12.975,77.5945,150,122,28,0.8133,1.4,30,high,clear,0,1,0,simulated
2026-01-27 17:00:00,P3,Market Road Parking,Street,12.9698,77.5962,80,51,29,0.6375,0.5,20,high,clear,0,1,0,simulated
2026-01-27 17:00:00,P4,Metro Station Parking,Transit,12.9784,77.5915,250,228,22,0.912,1.8,25,high,clear,0,1,0,simulated
2026-01-27 17:00:00,P5,College Campus Parking,Campus,12.9675,77.594,120,70,50,0.5833,1.0,15,high,clear,0,1,0,simulated
2026-01-27 17:30:00,P1,Central Mall Parking,Mall,12.9719,77.5937,200,168,32,0.84,0.8,40,high,clear,0,1,0,simulated
2026-01-27 17:30:00,P2,City Office Parking,Office,12.975,77.5945,150,129,21,0.86,1.4,30,high,clear,0,1,0,simulated
2026-01-27 17:30:00,P3,Market Road Parking,Street,12.9698,77.5962,80,51,29,0.6375,0.5,20,high,clear,0,1,0,simulated
2026-01-27 17:30:00,P4,Metro Station Parking,Transit,12.9784,77.5915,250,220,30,0.88,1.8,25,high,clear,0,1,0,simulated
2026-01-27 17:30:00,P5,College Campus Parking,Campus,12.9675,77.594,120,66,54,0.55,1.0,15,high,clear,0,1,0,simulated
2026-01-27 18:00:00,P1,Central Mall Parking,Mall,12.9719,77.5937,200,153,47,0.765,0.8,40,high,cloudy,0,1,0,simulated
2026-01-27 18:00:00,P2,City Office Parking,Office,12.975,77.5945,150,119,31,0.7933,1.4,30,high,cloudy,0,1,0,simulated
2026-01-27 18:00:00,P3,Market Road Parking,Street,12.9698,77.5962,80,47,33,0.5875,0.5,20,high,cloudy,0,1,0,simulated
2026-01-27 18:00:00,P4,Metro Station Parking,Transit,12.9784,77.5915,250,230,20,0.92,1.8,25,high,cloudy,0,1,0,simulated
2026-01-27 18:00:00,P5,College Campus Parking,Campus,12.9675,77.594,120,68,52,0.5667,1.0,15,high,cloudy,0,1,0,simulated
2026-01-27 18:30:00,P1,Central Mall Parking,Mall,12.9719,77.5937,200,149,51,0.745,0.8,40,high,clear,0,1,0,simulated
2026-01-27 18:30:00,P2,City Office Parking,Office,12.975,77.5945,150,79,71,0.5267,1.4,30,high,clear,0,1,0,simulated
2026-01-27 18:30:00,P3,Market Road Parking,Street,12.9698,77.5962,80,46,34,0.575,0.5,20,high,clear,0,1,0,simulated
2026-01-27 18:30:00,P4,Metro Station Parking,Transit,12.9784,77.5915,250,213,37,0.852,1.8,25,high,clear,0,1,0,simulated
2026-01-27 18:30:00,P5,College Campus Parking,Campus,12.9675,77.594,120,33,87,0.275,1.0,15,high,clear,0,1,0,simulated
2026-01-27 19:00:00,P1,Central Mall Parking,Mall,12.9719,77.5937,200,169,31,0.845,0.8,40,high,clear,0,1,0,simulated
2026-01-27 19:00:00,P2,City Office Parking,Office,12.975,77.5945,150,75,75,0.5,1.4,30,high,clear,0,1,0,simulated
2026-01-27 19:00:00,P3,Market Road Parking,Street,12.9698,77.5962,80,50,30,0.625,0.5,20,high,clear,0,1,0,simulated
2026-01-27 19:00:00,P4,Metro Station Parking,Transit,12.9784,77.5915,250,237,13,0.948,1.8,25,high,clear,0,1,0,simulated
2026-01-27 19:00:00,P5,College Campus Parking,Campus,12.9675,77.594,120,35,85,0.2917,1.0,15,high,clear,0,1,0,simulated
2026-01-27 19:30:00,P1,Central Mall Parking,Mall,12.9719,77.5937,200,148,52,0.74,0.8,40,medium,clear,0,1,0,simulated
2026-01-27 19:30:00,P2,City Office Parking,Office,12.975,77.5945,150,65,85,0.4333,1.4,30,medium,clear,0,1,0,simulated
2026-01-27 19:30:00,P3,Market Road Parking,Street,12.9698,77.5962,80,46,34,0.575,0.5,20,medium,clear,0,1,0,simulated
2026-01-27 19:30:00,P4,Metro Station Parking,Transit,12.9784,77.5915,250,226,24,0.904,1.8,25,medium,clear,0,1,0,simulated
2026-01-27 19:30:00,P5,College Campus Parking,Campus,12.9675,77.594,120,27,93,0.225,1.0,15,medium,clear,0,1,0,simulated
2026-01-27 20:00:00,P1,Central Mall Parking,Mall,12.9719,77.5937,200,148,52,0.74,0.8,40,medium,clear,0,1,0,simulated
2026-01-27 20:00:00,P2,City Office Parking,Office,12.975,77.5945,150,72,78,0.48,1.4,30,medium,clear,0,1,0,simulated
2026-01-27 20:00:00,P3,Market Road Parking,Street,12.9698,77.5962,80,42,38,0.525,0.5,20,medium,clear,0,1,0,simulated
2026-01-27 20:00:00,P4,Metro Station Parking,Transit,12.9784,77.5915,250,229,21,0.916,1.8,25,medium,clear,0,1,0,simulated
2026-01-27 20:00:00,P5,College Campus Parking,Campus,12.9675,77.594,120,28,92,0.2333,1.0,15,medium,clear,0,1,0,simulated
2026-01-28 08:00:00,P1,Central Mall Parking,Mall,12.9719,77.5937,200,65,135,0.325,0.8,40,high,cloudy,0,1,0,simulated
2026-01-28 08:00:00,P2,City Office Parking,Office,12.975,77.5945,150,61,89,0.4067,1.4,30,high,cloudy,0,1,0,simulated
2026-01-28 08:00:00,P3,Market Road Parking,Street,12.9698,77.5962,80,48,32,0.6,0.5,20,high,cloudy,0,1,0,simulated
2026-01-28 08:00:00,P4,Metro Station Parking,Transit,12.9784,77.5915,250,215,35,0.86,1.8,25,high,cloudy,0,1,0,simulated
2026-01-28 08:00:00,P5,College Campus Parking,Campus,12.9675,77.594,120,48,72,0.4,1.0,15,high,cloudy,0,1,0,simulated
2026-01-28 08:30:00,P1,Central Mall Parking,Mall,12.9719,77.5937,200,64,136,0.32,0.8,40,high,clear,0,1,0,simulated
2026-01-28 08:30:00,P2,City Office Parking,Office,12.975,77.5945,150,72,78,0.48,1.4,30,high,clear,0,1,0,simulated
2026-01-28 08:30:00,P3,Market Road Parking,Street,12.9698,77.5962,80,46,34,0.575,0.5,20,high,clear,0,1,0,simulated
2026-01-28 08:30:00,P4,Metro Station Parking,Transit,12.9784,77.5915,250,215,35,0.86,1.8,25,high,clear,0,1,0,simulated
2026-01-28 08:30:00,P5,College Campus Parking,Campus,12.9675,77.594,120,49,71,0.4083,1.0,15,high,clear,0,1,0,simulated
2026-01-28 09:00:00,P1,Central Mall Parking,Mall,12.9719,77.5937,200,57,143,0.285,0.8,40,high,cloudy,0,1,0,simulated
2026-01-28 09:00:00,P2,City Office Parking,Office,12.975,77.5945,150,113,37,0.7533,1.4,30,high,cloudy,0,1,0,simulated
2026-01-28 09:00:00,P3,Market Road Parking,Street,12.9698,77.5962,80,43,37,0.5375,0.5,20,high,cloudy,0,1,0,simulated
2026-01-28 09:00:00,P4,Metro Station Parking,Transit,12.9784,77.5915,250,213,37,0.852,1.8,25,high,cloudy,0,1,0,simulated
2026-01-28 09:00:00,P5,College Campus Parking,Campus,12.9675,77.594,120,95,25,0.7917,1.0,15,high,cloudy,0,1,0,simulated
2026-01-28 09:30:00,P1,Central Mall Parking,Mall,12.9719,77.5937,200,53,147,0.265,0.8,40,high,clear,0,1,0,simulated
2026-01-28 09:30:00,P2,City Office Parking,Office,12.975,77.5945,150,122,28,0.8133,1.4,30,high,clear,0,1,0,simulated
2026-01-28 09:30:00,P3,Market Road Parking,Street,12.9698,77.5962,80,47,33,0.5875,0.5,20,high,clear,0,1,0,simulated
2026-01-28 09:30:00,P4,Metro Station Parking,Transit,12.9784,77.5915,250,223,27,0.892,1.8,25,high,clear,0,1,0,simulated
2026-01-28 09:30:00,P5,College Campus Parking,Campus,12.9675,77.594,120,99,21,0.825,1.0,15,high,clear,0,1,0,simulated
2026-01-28 10:00:00,P1,Central Mall Parking,Mall,12.9719,77.5937,200,59,141,0.295,0.8,40,medium,clear,0,1,0,simulated
2026-01-28 10:00:00,P2,City Office Parking,Office,12.975,77.5945,150,107,43,0.7133,1.4,30,medium,clear,0,1,0,simulated
2026-01-28 10:00:00,P3,Market Road Parking,Street,12.9698,77.5962,80,43,37,0.5375,0.5,20,medium,clear,0,1,0,simulated
2026-01-28 10:00:00,P4,Metro Station Parking,Transit,12.9784,77.5915,250,207,43,0.828,1.8,25,medium,clear,0,1,0,simulated
2026-01-28 10:00:00,P5,College Campus Parking,Campus,12.9675,77.594,120,88,32,0.7333,1.0,15,medium,clear,0,1,0,simulated
2026-01-28 10:30:00,P1,Central Mall Parking,Mall,12.9719,77.5937,200,44,156,0.22,0.8,40,medium,cloudy,0,0,0,simulated
2026-01-28 10:30:00,P2,City Office Parking,Office,12.975,77.5945,150,108,42,0.72,1.4,30,medium,cloudy,0,0,0,simulated
2026-01-28 10:30:00,P3,Market Road Parking,Street,12.9698,77.5962,80,39,41,0.4875,0.5,20,medium,cloudy,0,0,0,simulated
2026-01-28 10:30:00,P4,Metro Station Parking,Transit,12.9784,77.5915,250,140,110,0.56,1.8,25,medium,cloudy,0,0,0,simulated
2026-01-28 10:30:00,P5,College Campus Parking,Campus,12.9675,77.594,120,85,35,0.7083,1.0,15,medium,cloudy,0,0,0,simulated
2026-01-28 11:00:00,P1,Central Mall Parking,Mall,12.9719,77.5937,200,131,69,0.655,0.8,40,medium,cloudy,0,0,0,simulated
2026-01-28 11:00:00,P2,City Office Parking,Office,12.975,77.5945,150,114,36,0.76,1.4,30,medium,cloudy,0,0,0,simulated
2026-01-28 11:00:00,P3,Market Road Parking,Street,12.9698,77.5962,80,50,30,0.625,0.5,20,medium,cloudy,0,0,0,simulated
2026-01-28 11:00:00,P4,Metro Station Parking,Transit,12.9784,77.5915,250,124,126,0.496,1.8,25,medium,cloudy,0,0,0,simulated
2026-01-28 11:00:00,P5,College Campus Parking,Campus,12.9675,77.594,120,95,25,0.7917,1.0,15,medium,cloudy,0,0,0,simulated
2026-01-28 11:30:00,P1,Central Mall Parking,Mall,12.9719,77.5937,200,135,65,0.675,0.8,40,medium,clear,0,0,0,simulated
2026-01-28 11:30:00,P2,City Office Parking,Office,12.975,77.5945,150,131,19,0.8733,1.4,30,medium,clear,0,0,0,simulated
2026-01-28 11:30:00,P3,Market Road Parking,Street,12.9698,77.5962,80,51,29,0.6375,0.5,20,medium,clear,0,0,0,simulated
2026-01-28 11:30:00,P4,Metro Station Parking,Transit,12.9784,77.5915,250,120,130,0.48,1.8,25,medium,clear,0,0,0,simulated
2026-01-28 11:30:00,P5,College Campus Parking,Campus,12.9675,77.594,120,89,31,0.7417,1.0,15,medium,clear,0,0,0,simulated
2026-01-28 12:00:00,P1,Central Mall Parking,Mall,12.9719,77.5937,200,118,82,0.59,0.8,40,medium,clear,0,0,0,simulated
2026-01-28 12:00:00,P2,City Office Parking,Office,12.975,77.5945,150,131,19,0.8733,1.4,30,medium,clear,0,0,0,simulated
2026-01-28 12:00:00,P3,Market Road Parking,Street,12.9698,77.5962,80,53,27,0.6625,0.5,20,medium,clear,0,0,0,simulated
2026-01-28 12:00:00,P4,Metro Station Parking,Transit,12.9784,77.5915,250,121,129,0.484,1.8,25,medium,clear,0,0,0,simulated
2026-01-28 12:00:00,P5,College Campus Parking,Campus,12.9675,77.594,120,92,28,0.7667,1.0,15,medium,clear,0,0,0,simulated
2026-01-28 12:30:00,P1,Central Mall Parking,Mall,12.9719,77.5937,200,129,71,0.645,0.8,40,medium,rain,0,0,0,simulated
2026-01-28 12:30:00,P2,City Office Parking,Office,12.975,77.5945,150,136,14,0.9067,1.4,30,medium,rain,0,0,0,simulated
2026-01-28 12:30:00,P3,Market Road Parking,Street,12.9698,77.5962,80,55,25,0.6875,0.5,20,medium,rain,0,0,0,simulated
2026-01-28 12:30:00,P4,Metro Station Parking,Transit,12.9784,77.5915,250,145,105,0.58,1.8,25,medium,rain,0,0,0,simulated
2026-01-28 12:30:00,P5,College Campus Parking,Campus,12.9675,77.594,120,99,21,0.825,1.0,15,medium,rain,0,0,0,simulated
2026-01-28 13:00:00,P1,Central Mall Parking,Mall,12.9719,77.5937,200,113,87,0.565,0.8,40,medium,clear,0,0,0,simulated
2026-01-28 13:00:00,P2,City Office Parking,Office,12.975,77.5945,150,129,21,0.86,1.4,30,medium,clear,0,0,0,simulated
2026-01-28 13:00:00,P3,Market Road Parking,Street,12.9698,77.5962,80,48,32,0.6,0.5,20,medium,clear,0,0,0,simulated
2026-01-28 13:00:00,P4,Metro Station Parking,Transit,12.9784,77.5915,250,141,109,0.564,1.8,25,medium,clear,0,0,0,simulated
2026-01-28 13:00:00,P5,College Campus Parking,Campus,12.9675,77.594,120,96,24,0.8,1.0,15,medium,clear,0,0,0,simulated
2026-01-28 13:30:00,P1,Central Mall Parking,Mall,12.9719,77.5937,200,132,68,0.66,0.8,40,medium,cloudy,0,0,0,simulated
2026-01-28 13:30:00,P2,City Office Parking,Office,12.975,77.5945,150,124,26,0.8267,1.4,30,medium,cloudy,0,0,0,simulated
2026-01-28 13:30:00,P3,Market Road Parking,Street,12.9698,77.5962,80,48,32,0.6,0.5,20,medium,cloudy,0,0,0,simulated
2026-01-28 13:30:00,P4,Metro Station Parking,Transit,12.9784,77.5915,250,141,109,0.564,1.8,25,medium,cloudy,0,0,0,simulated
2026-01-28 13:30:00,P5,College Campus Parking,Campus,12.9675,77.594,120,105,15,0.875,1.0,15,medium,cloudy,0,0,0,simulated
2026-01-28 14:00:00,P1,Central Mall Parking,Mall,12.9719,77.5937,200,136,64,0.68,0.8,40,medium,rain,0,0,0,simulated
2026-01-28 14:00:00,P2,City Office Parking,Office,12.975,77.5945,150,132,18,0.88,1.4,30,medium,rain,0,0,0,simulated
2026-01-28 14:00:00,P3,Market Road Parking,Street,12.9698,77.5962,80,54,26,0.675,0.5,20,medium,rain,0,0,0,simulated
2026-01-28 14:00:00,P4,Metro Station Parking,Transit,12.9784,77.5915,250,144,106,0.576,1.8,25,medium,rain,0,0,0,simulated
2026-01-28 14:00:00,P5,College Campus Parking,Campus,12.9675,77.594,120,108,12,0.9,1.0,15,medium,rain,0,0,0,simulated
2026-01-28 14:30:00,P1,Central Mall Parking,Mall,12.9719,77.5937,200,129,71,0.645,0.8,40,low,cloudy,0,0,0,simulated
2026-01-28 14:30:00,P2,City Office Parking,Office,12.975,77.5945,150,125,25,0.8333,1.4,30,low,cloudy,0,0,0,simulated
2026-01-28 14:30:00,P3,Market Road Parking,Street,12.9698,77.5962,80,54,26,0.675,0.5,20,low,cloudy,0,0,0,simulated
2026-01-28 14:30:00,P4,Metro Station Parking,Transit,12.9784,77.5915,250,116,134,0.464,1.8,25,low,cloudy,0,0,0,simulated
2026-01-28 14:30:00,P5,College Campus Parking,Campus,12.9675,77.594,120,97,23,0.8083,1.0,15,low,cloudy,0,0,0,simulated
2026-01-28 15:00:00,P1,Central Mall Parking,Mall,12.9719,77.5937,200,128,72,0.64,0.8,40,low,clear,0,0,0,simulated
2026-01-28 15:00:00,P2,City Office Parking,Office,12.975,77.5945,150,126,24,0.84,1.4,30,low,clear,0,0,0,simulated
2026-01-28 15:00:00,P3,Market Road Parking,Street,12.9698,77.5962,80,53,27,0.6625,0.5,20,low,clear,0,0,0,simulated
2026-01-28 15:00:00,P4,Metro Station Parking,Transit,12.9784,77.5915,250,122,128,0.488,1.8,25,low,clear,0,0,0,simulated
2026-01-28 15:00:00,P5,College Campus Parking,Campus,12.9675,77.594,120,105,15,0.875,1.0,15,low,clear,0,0,0,simulated
2026-01-28 15:30:00,P1,Central Mall Parking,Mall,12.9719,77.5937,200,162,38,0.81,0.8,40,low,clear,0,0,0,simulated
2026-01-28 15:30:00,P2,City Office Parking,Office,12.975,77.5945,150,121,29,0.8067,1.4,30,low,clear,0,0,0,simulated
2026-01-28 15:30:00,P3,Market Road Parking,Street,12.9698,77.5962,80,39,41,0.4875,0.5,20,low,clear,0,0,0,simulated
2026-01-28 15:30:00,P4,Metro Station Parking,Transit,12.9784,77.5915,250,134,116,0.536,1.8,25,low,clear,0,0,0,simulated
2026-01-28 15:30:00,P5,College Campus Parking,Campus,12.9675,77.594,120,94,26,0.7833,1.0,15,low,clear,0,0,0,simulated
2026-01-28 16:00:00,P1,Central Mall Parking,Mall,12.9719,77.5937,200,156,44,0.78,0.8,40,low,clear,0,0,0,simulated
2026-01-28 16:00:00,P2,City Office Parking,Office,12.975,77.5945,150,120,30,0.8,1.4,30,low,clear,0,0,0,simulated
2026-01-28 16:00:00,P3,Market Road Parking,Street,12.9698,77.5962,80,37,43,0.4625,0.5,20,low,clear,0,0,0,simulated
2026-01-28 16:00:00,P4,Metro Station Parking,Transit,12.9784,77.5915,250,142,108,0.568,1.8,25,low,clear,0,0,0,simulated
2026-01-28 16:00:00,P5,College Campus Parking,Campus,12.9675,77.594,120,102,18,0.85,1.0,15,low,clear,0,0,0,simulated
2026-01-28 16:30:00,P1,Central Mall Parking,Mall,12.9719,77.5937,200,159,41,0.795,0.8,40,low,cloudy,0,0,0,simulated
2026-01-28 16:30:00,P2,City Office Parking,Office,12.975,77.5945,150,117,33,0.78,1.4,30,low,cloudy,0,0,0,simulated
2026-01-28 16:30:00,P3,Market Road Parking,Street,12.9698,77.5962,80,36,44,0.45,0.5,20,low,cloudy,0,0,0,simulated
2026-01-28 16:30:00,P4,Metro Station Parking,Transit,12.9784,77.5915,250,139,111,0.556,1.8,25,low,cloudy,0,0,0,simulated
2026-01-28 16:30:00,P5,College Campus Parking,Campus,12.9675,77.594,120,55,65,0.4583,1.0,15,low,cloudy,0,0,0,simulated
2026-01-28 17:00:00,P1,Central Mall Parking,Mall,12.9719,77.5937,200,154,46,0.77,0.8,40,medium,cloudy,0,1,0,simulated
2026-01-28 17:00:00,P2,City Office Parking,Office,12.975,77.5945,150,111,39,0.74,1.4,30,medium,cloudy,0,1,0,simulated
2026-01-28 17:00:00,P3,Market Road Parking,Street,12.9698,77.5962,80,42,38,0.525,0.5,20,medium,cloudy,0,1,0,simulated
2026-01-28 17:00:00,P4,Metro Station Parking,Transit,12.9784,77.5915,250,213,37,0.852,1.8,25,medium,cloudy,0,1,0,simulated
2026-01-28 17:00:00,P5,College Campus Parking,Campus,12.9675,77.594,120,61,59,0.5083,1.0,15,medium,cloudy,0,1,0,simulated
2026-01-28 17:30:00,P1,Central Mall Parking,Mall,12.9719,77.5937,200,153,47,0.765,0.8,40,high,cloudy,0,1,0,simulated
2026-01-28 17:30:00,P2,City Office Parking,Office,12.975,77.5945,150,120,30,0.8,1.4,30,high,cloudy,0,1,0,simulated
2026-01-28 17:30:00,P3,Market Road Parking,Street,12.9698,77.5962,80,43,37,0.5375,0.5,20,high,cloudy,0,1,0,simulated
2026-01-28 17:30:00,P4,Metro Station Parking,Transit,12.9784,77.5915,250,231,19,0.924,1.8,25,high,cloudy,0,1,0,simulated
2026-01-28 17:30:00,P5,College Campus Parking,Campus,12.9675,77.594,120,59,61,0.4917,1.0,15,high,cloudy,0,1,0,simulated
2026-01-28 18:00:00,P1,Central Mall Parking,Mall,12.9719,77.5937,200,169,31,0.845,0.8,40,high,clear,0,1,0,simulated
2026-01-28 18:00:00,P2,City Office Parking,Office,12.975,77.5945,150,114,36,0.76,1.4,30,high,clear,0,1,0,simulated
2026-01-28 18:00:00,P3,Market Road Parking,Street,12.9698,77.5962,80,46,34,0.575,0.5,20,high,clear,0,1,0,simulated
2026-01-28 18:00:00,P4,Metro Station Parking,Transit,12.9784,77.5915,250,223,27,0.892,1.8,25,high,clear,0,1,0,simulated
2026-01-28 18:00:00,P5,College Campus Parking,Campus,12.9675,77.594,120,68,52,0.5667,1.0,15,high,clear,0,1,0,simulated
2026-01-28 18:30:00,P1,Central Mall Parking,Mall,12.9719,77.5937,200,168,32,0.84,0.8,40,high,clear,0,1,0,simulated
2026-01-28 18:30:00,P2,City Office Parking,Office,12.975,77.5945,150,79,71,0.5267,1.4,30,high,clear,0,1,0,simulated
2026-01-28 18:30:00,P3,Market Road Parking,Street,12.9698,77.5962,80,50,30,0.625,0.5,20,high,clear,0,1,0,simulated
2026-01-28 18:30:00,P4,Metro Station Parking,Transit,12.9784,77.5915,250,217,33,0.868,1.8,25,high,clear,0,1,0,simulated
2026-01-28 18:30:00,P5,College Campus Parking,Campus,12.9675,77.594,120,39,81,0.325,1.0,15,high,clear,0,1,0,simulated
2026-01-28 19:00:00,P1,Central Mall Parking,Mall,12.9719,77.5937,200,155,45,0.775,0.8,40,medium,cloudy,0,1,0,simulated
2026-01-28 19:00:00,P2,City Office Parking,Office,12.975,77.5945,150,68,82,0.4533,1.4,30,medium,cloudy,0,1,0,simulated
2026-01-28 19:00:00,P3,Market Road Parking,Street,12.9698,77.5962,80,43,37,0.5375,0.5,20,medium,cloudy,0,1,0,simulated
2026-01-28 19:00:00,P4,Metro Station Parking,Transit,12.9784,77.5915,250,223,27,0.892,1.8,25,medium,cloudy,0,1,0,simulated
2026-01-28 19:00:00,P5,College Campus Parking,Campus,12.9675,77.594,120,24,96,0.2,1.0,15,medium,cloudy,0,1,0,simulated
2026-01-28 19:30:00,P1,Central Mall Parking,Mall,12.9719,77.5937,200,163,37,0.815,0.8,40,high,rain,0,1,0,simulated
2026-01-28 19:30:00,P2,City Office Parking,Office,12.975,77.5945,150,76,74,0.5067,1.4,30,high,rain,0,1,0,simulated
2026-01-28 19:30:00,P3,Market Road Parking,Street,12.9698,77.5962,80,48,32,0.6,0.5,20,high,rain,0,1,0,simulated
2026-01-28 19:30:00,P4,Metro Station Parking,Transit,12.9784,77.5915,250,235,15,0.94,1.8,25,high,rain,0,1,0,simulated
2026-01-28 19:30:00,P5,College Campus Parking,Campus,12.9675,77.594,120,42,78,0.35,1.0,15,high,rain,0,1,0,simulated
2026-01-28 20:00:00,P1,Central Mall Parking,Mall,12.9719,77.5937,200,158,42,0.79,0.8,40,medium,rain,0,1,0,simulated
2026-01-28 20:00:00,P2,City Office Parking,Office,12.975,77.5945,150,68,82,0.4533,1.4,30,medium,rain,0,1,0,simulated
2026-01-28 20:00:00,P3,Market Road Parking,Street,12.9698,77.5962,80,44,36,0.55,0.5,20,medium,rain,0,1,0,simulated
2026-01-28 20:00:00,P4,Metro Station Parking,Transit,12.9784,77.5915,250,216,34,0.864,1.8,25,medium,rain,0,1,0,simulated
2026-01-28 20:00:00,P5,College Campus Parking,Campus,12.9675,77.594,120,34,86,0.2833,1.0,15,medium,rain,0,1,0,simulated
2026-01-29 08:00:00,P1,Central Mall Parking,Mall,12.9719,77.5937,200,42,158,0.21,0.8,40,medium,clear,0,1,0,simulated
2026-01-29 08:00:00,P2,City Office Parking,Office,12.975,77.5945,150,65,85,0.4333,1.4,30,medium,clear,0,1,0,simulated
2026-01-29 08:00:00,P3,Market Road Parking,Street,12.9698,77.5962,80,47,33,0.5875,0.5,20,medium,clear,0,1,0,simulated
2026-01-29 08:00:00,P4,Metro Station Parking,Transit,12.9784,77.5915,250,219,31,0.876,1.8,25,medium,clear,0,1,0,simulated
2026-01-29 08:00:00,P5,College Campus Parking,Campus,12.9675,77.594,120,49,71,0.4083,1.0,15,medium,clear,0,1,0,simulated
2026-01-29 08:30:00,P1,Central Mall Parking,Mall,12.9719,77.5937,200,55,145,0.275,0.8,40,high,clear,0,1,0,simulated
2026-01-29 08:30:00,P2,City Office Parking,Office,12.975,77.5945,150,64,86,0.4267,1.4,30,high,clear,0,1,0,simulated
2026-01-29 08:30:00,P3,Market Road Parking,Street,12.9698,77.5962,80,50,30,0.625,0.5,20,high,clear,0,1,0,simulated
2026-01-29 08:30:00,P4,Metro Station Parking,Transit,12.9784,77.5915,250,220,30,0.88,1.8,25,high,clear,0,1,0,simulated
2026-01-29 08:30:00,P5,College Campus Parking,Campus,12.9675,77.594,120,47,73,0.3917,1.0,15,high,clear,0,1,0,simulated
2026-01-29 09:00:00,P1,Central Mall Parking,Mall,12.9719,77.5937,200,51,149,0.255,0.8,40,high,clear,0,1,0,simulated
2026-01-29 09:00:00,P2,City Office Parking,Office,12.975,77.5945,150,113,37,0.7533,1.4,30,high,clear,0,1,0,simulated
2026-01-29 09:00:00,P3,Market Road Parking,Street,12.9698,77.5962,80,49,31,0.6125,0.5,20,high,clear,0,1,0,simulated
2026-01-29 09:00:00,P4,Metro Station Parking,Transit,12.9784,77.5915,250,208,42,0.832,1.8,25,high,clear,0,1,0,simulated
2026-01-29 09:00:00,P5,College Campus Parking,Campus,12.9675,77.594,120,92,28,0.7667,1.0,15,high,clear,0,1,0,simulated
2026-01-29 09:30:00,P1,Central Mall Parking,Mall,12.9719,77.5937,200,63,137,0.315,0.8,40,high,clear,0,1,0,simulated
2026-01-29 09:30:00,P2,City Office Parking,Office,12.975,77.5945,150,125,25,0.8333,1.4,30,high,clear,0,1,0,simulated
2026-01-29 09:30:00,P3,Market Road Parking,Street,12.9698,77.5962,80,46,34,0.575,0.5,20,high,clear,0,1,0,simulated
2026-01-29 09:30:00,P4,Metro Station Parking,Transit,12.9784,77.5915,250,213,37,0.852,1.8,25,high,clear,0,1,0,simulated
2026-01-29 09:30:00,P5,College Campus Parking,Campus,12.9675,77.594,120,89,31,0.7417,1.0,15,high,clear,0,1,0,simulated
2026-01-29 10:00:00,P1,Central Mall Parking,Mall,12.9719,77.5937,200,66,134,0.33,0.8,40,high,clear,0,1,0,simulated
2026-01-29 10:00:00,P2,City Office Parking,Office,12.975,77.5945,150,111,39,0.74,1.4,30,high,clear,0,1,0,simulated
2026-01-29 10:00:00,P3,Market Road Parking,Street,12.9698,77.5962,80,44,36,0.55,0.5,20,high,clear,0,1,0,simulated
2026-01-29 10:00:00,P4,Metro Station Parking,Transit,12.9784,77.5915,250,203,47,0.812,1.8,25,high,clear,0,1,0,simulated
2026-01-29 10:00:00,P5,College Campus Parking,Campus,12.9675,77.594,120,98,22,0.8167,1.0,15,high,clear,0,1,0,simulated
2026-01-29 10:30:00,P1,Central Mall Parking,Mall,12.9719,77.5937,200,50,150,0.25,0.8,40,low,clear,0,0,0,simulated
2026-01-29 10:30:00,P2,City Office Parking,Office,12.975,77.5945,150,117,33,0.78,1.4,30,low,clear,0,0,0,simulated
2026-01-29 10:30:00,P3,Market Road Parking,Street,12.9698,77.5962,80,39,41,0.4875,0.5,20,low,clear,0,0,0,simulated
2026-01-29 10:30:00,P4,Metro Station Parking,Transit,12.9784,77.5915,250,129,121,0.516,1.8,25,low,clear,0,0,0,simulated
2026-01-29 10:30:00,P5,College Campus Parking,Campus,12.9675,77.594,120,92,28,0.7667,1.0,15,low,clear,0,0,0,simulated
2026-01-29 11:00:00,P1,Central Mall Parking,Mall,12.9719,77.5937,200,123,77,0.615,0.8,40,medium,cloudy,0,0,0,simulated
2026-01-29 11:00:00,P2,City Office Parking,Office,12.975,77.5945,150,112,38,0.7467,1.4,30,medium,cloudy,0,0,0,simulated
2026-01-29 11:00:00,P3,Market Road Parking,Street,12.9698,77.5962,80,49,31,0.6125,0.5,20,medium,cloudy,0,0,0,simulated
2026-01-29 11:00:00,P4,Metro Station Parking,Transit,12.9784,77.5915,250,130,120,0.52,1.8,25,medium,cloudy,0,0,0,simulated
2026-01-29 11:00:00,P5,College Campus Parking,Campus,12.9675,77.594,120,93,27,0.775,1.0,15,medium,cloudy,0,0,0,simulated
2026-01-29 11:30:00,P1,Central Mall Parking,Mall,12.9719,77.5937,200,132,68,0.66,0.8,40,low,clear,0,0,0,simulated
2026-01-29 11:30:00,P2,City Office Parking,Office,12.975,77.5945,150,140,10,0.9333,1.4,30,low,clear,0,0,0,simulated
2026-01-29 11:30:00,P3,Market Road Parking,Street,12.9698,77.5962,80,50,30,0.625,0.5,20,low,clear,0,0,0,simulated
2026-01-29 11:30:00,P4,Metro Station Parking,Transit,12.9784,77.5915,250,124,126,0.496,1.8,25,low,clear,0,0,0,simulated
2026-01-29 11:30:00,P5,College Campus Parking,Campus,12.9675,77.594,120,88,32,0.7333,1.0,15,low,clear,0,0,0,simulated
2026-01-29 12:00:00,P1,Central Mall Parking,Mall,12.9719,77.5937,200,131,69,0.655,0.8,40,medium,clear,0,0,0,simulated
2026-01-29 12:00:00,P2,City Office Parking,Office,12.975,77.5945,150,124,26,0.8267,1.4,30,medium,clear,0,0,0,simulated
2026-01-29 12:00:00,P3,Market Road Parking,Street,12.9698,77.5962,80,48,32,0.6,0.5,20,medium,clear,0,0,0,simulated
2026-01-29 12:00:00,P4,Metro Station Parking,Transit,12.9784,77.5915,250,143,107,0.572,1.8,25,medium,clear,0,0,0,simulated
2026-01-29 12:00:00,P5,College Campus Parking,Campus,12.9675,77.594,120,86,34,0.7167,1.0,15,medium,clear,0,0,0,simulated
2026-01-29 12:30:00,P1,Central Mall Parking,Mall,12.9719,77.5937,200,125,75,0.625,0.8,40,low,clear,0,0,0,simulated
2026-01-29 12:30:00,P2,City Office Parking,Office,12.975,77.5945,150,136,14,0.9067,1.4,30,low,clear,0,0,0,simulated
2026-01-29 12:30:00,P3,Market Road Parking,Street,12.9698,77.5962,80,53,27,0.6625,0.5,20,low,clear,0,0,0,simulated
2026-01-29 12:30:00,P4,Metro Station Parking,Transit,12.9784,77.5915,250,124,126,0.496,1.8,25,low,clear,0,0,0,simulated
2026-01-29 12:30:00,P5,College Campus Parking,Campus,12.9675,77.594,120,96,24,0.8,1.0,15,low,clear,0,0,0,simulated
2026-01-29 13:00:00,P1,Central Mall Parking,Mall,12.9719,77.5937,200,113,87,0.565,0.8,40,low,clear,0,0,0,simulated
2026-01-29 13:00:00,P2,City Office Parking,Office,12.975,77.5945,150,124,26,0.8267,1.4,30,low,clear,0,0,0,simulated
2026-01-29 13:00:00,P3,Market Road Parking,Street,12.9698,77.5962,80,47,33,0.5875,0.5,20,low,clear,0,0,0,simulated
2026-01-29 13:00:00,P4,Metro Station Parking,Transit,12.9784,77.5915,250,140,110,0.56,1.8,25,low,clear,0,0,0,simulated
2026-01-29 13:00:00,P5,College Campus Parking,Campus,12.9675,77.594,120,99,21,0.825,1.0,15,low,clear,0,0,0,simulated
2026-01-29 13:30:00,P1,Central Mall Parking,Mall,12.9719,77.5937,200,120,80,0.6,0.8,40,medium,clear,0,0,0,simulated
2026-01-29 13:30:00,P2,City Office Parking,Office,12.975,77.5945,150,128,22,0.8533,1.4,30,medium,clear,0,0,0,simulated
2026-01-29 13:30:00,P3,Market Road Parking,Street,12.9698,77.5962,80,48,32,0.6,0.5,20,medium,clear,0,0,0,simulated
2026-01-29 13:30:00,P4,Metro Station Parking,Transit,12.9784,77.5915,250,140,110,0.56,1.8,25,medium,clear,0,0,0,simulated
2026-01-29 13:30:00,P5,College Campus Parking,Campus,12.9675,77.594,120,102,18,0.85,1.0,15,medium,clear,0,0,0,simulated
2026-01-29 14:00:00,P1,Central Mall Parking,Mall,12.9719,77.5937,200,138,62,0.69,0.8,40,medium,rain,0,0,0,simulated
2026-01-29 14:00:00,P2,City Office Parking,Office,12.975,77.5945,150,144,6,0.96,1.4,30,medium,rain,0,0,0,simulated
2026-01-29 14:00:00,P3,Market Road Parking,Street,12.9698,77.5962,80,52,28,0.65,0.5,20,medium,rain,0,0,0,simulated
2026-01-29 14:00:00,P4,Metro Station Parking,Transit,12.9784,77.5915,250,123,127,0.492,1.8,25,medium,rain,0,0,0,simulated
2026-01-29 14:00:00,P5,College Campus Parking,Campus,12.9675,77.594,120,109,11,0.9083,1.0,15,medium,rain,0,0,0,simulated
2026-01-29 14:30:00,P1,Central Mall Parking,Mall,12.9719,77.5937,200,115,85,0.575,0.8,40,medium,cloudy,0,0,0,simulated
2026-01-29 14:30:00,P2,City Office Parking,Office,12.975,77.5945,150,138,12,0.92,1.4,30,medium,cloudy,0,0,0,simulated
2026-01-29 14:30:00,P3,Market Road Parking,Street,12.9698,77.5962,80,47,33,0.5875,0.5,20,medium,cloudy,0,0,0,simulated
2026-01-29 14:30:00,P4,Metro Station Parking,Transit,12.9784,77.5915,250,135,115,0.54,1.8,25,medium,cloudy,0,0,0,simulated
2026-01-29 14:30:00,P5,College Campus Parking,Campus,12.9675,77.594,120,105,15,0.875,1.0,15,medium,cloudy,0,0,0,simulated
2026-01-29 15:00:00,P1,Central Mall Parking,Mall,12.9719,77.5937,200,124,76,0.62,0.8,40,medium,cloudy,0,0,0,simulated
2026-01-29 15:00:00,P2,City Office Parking,Office,12.975,77.5945,150,126,24,0.84,1.4,30,medium,cloudy,0,0,0,simulated
2026-01-29 15:00:00,P3,Market Road Parking,Street,12.9698,77.5962,80,53,27,0.6625,0.5,20,medium,cloudy,0,0,0,simulated
2026-01-29 15:00:00,P4,Metro Station Parking,Transit,12.9784,77.5915,250,120,130,0.48,1.8,25,medium,cloudy,0,0,0,simulated
2026-01-29 15:00:00,P5,College Campus Parking,Campus,12.9675,77.594,120,97,23,0.8083,1.0,15,medium,cloudy,0,0,0,simulated
2026-01-29 15:30:00,P1,Central Mall Parking,Mall,12.9719,77.5937,200,156,44,0.78,0.8,40,low,clear,0,0,0,simulated
2026-01-29 15:30:00,P2,City Office Parking,Office,12.975,77.5945,150,119,31,0.7933,1.4,30,low,clear,0,0,0,simulated
2026-01-29 15:30:00,P3,Market Road Parking,Street,12.9698,77.5962,80,42,38,0.525,0.5,20,low,clear,0,0,0,simulated
2026-01-29 15:30:00,P4,Metro Station Parking,Transit,12.9784,77.5915,250,123,127,0.492,1.8,25,low,clear,0,0,0,simulated
2026-01-29 15:30:00,P5,College Campus Parking,Campus,12.9675,77.594,120,103,17,0.8583,1.0,15,low,clear,0,0,0,simulated
2026-01-29 16:00:00,P1,Central Mall Parking,Mall,12.9719,77.5937,200,160,40,0.8,0.8,40,medium,clear,0,0,0,simulated
2026-01-29 16:00:00,P2,City Office Parking,Office,12.975,77.5945,150,115,35,0.7667,1.4,30,medium,clear,0,0,0,simulated
2026-01-29 16:00:00,P3,Market Road Parking,Street,12.9698,77.5962,80,37,43,0.4625,0.5,20,medium,clear,0,0,0,simulated
2026-01-29 16:00:00,P4,Metro Station Parking,Transit,12.9784,77.5915,250,118,132,0.472,1.8,25,medium,clear,0,0,0,simulated
2026-01-29 16:00:00,P5,College Campus Parking,Campus,12.9675,77.594,120,104,16,0.8667,1.0,15,medium,clear,0,0,0,simulated
2026-01-29 16:30:00,P1,Central Mall Parking,Mall,12.9719,77.5937,200,151,49,0.755,0.8,40,medium,clear,0,0,0,simulated
2026-01-29 16:30:00,P2,City Office Parking,Office,12.975,77.5945,150,123,27,0.82,1.4,30,medium,clear,0,0,0,simulated
2026-01-29 16:30:00,P3,Market Road Parking,Street,12.9698,77.5962,80,36,44,0.45,0.5,20,medium,clear,0,0,0,simulated
2026-01-29 16:30:00,P4,Metro Station Parking,Transit,12.9784,77.5915,250,135,115,0.54,1.8,25,medium,clear,0,0,0,simulated
2026-01-29 16:30:00,P5,College Campus Parking,Campus,12.9675,77.594,120,64,56,0.5333,1.0,15,medium,clear,0,0,0,simulated
2026-01-29 17:00:00,P1,Central Mall Parking,Mall,12.9719,77.5937,200,163,37,0.815,0.8,40,high,clear,0,1,0,simulated
2026-01-29 17:00:00,P2,City Office Parking,Office,12.975,77.5945,150,115,35,0.7667,1.4,30,high,clear,0,1,0,simulated
2026-01-29 17:00:00,P3,Market Road Parking,Street,12.9698,77.5962,80,44,36,0.55,0.5,20,high,clear,0,1,0,simulated
2026-01-29 17:00:00,P4,Metro Station Parking,Transit,12.9784,77.5915,250,226,24,0.904,1.8,25,high,clear,0,1,0,simulated
2026-01-29 17:00:00,P5,College Campus Parking,Campus,12.9675,77.594,120,64,56,0.5333,1.0,15,high,clear,0,1,0,simulated
2026-01-29 17:30:00,P1,Central Mall Parking,Mall,12.9719,77.5937,200,168,32,0.84,0.8,40,high,cloudy,0,1,0,simulated
2026-01-29 17:30:00,P2,City Office Parking,Office,12.975,77.5945,150,122,28,0.8133,1.4,30,high,cloudy,0,1,0,simulated
2026-01-29 17:30:00,P3,Market Road Parking,Street,12.9698,77.5962,80,42,38,0.525,0.5,20,high,cloudy,0,1,0,simulated
2026-01-29 17:30:00,P4,Metro Station Parking,Transit,12.9784,77.5915,250,216,34,0.864,1.8,25,high,cloudy,0,1,0,simulated
2026-01-29 17:30:00,P5,College Campus Parking,Campus,12.9675,77.594,120,59,61,0.4917,1.0,15,high,cloudy,0,1,0,simulated
2026-01-29 18:00:00,P1,Central Mall Parking,Mall,12.9719,77.5937,200,181,19,0.905,0.8,40,high,clear,0,1,1,simulated
2026-01-29 18:00:00,P2,City Office Parking,Office,12.975,77.5945,150,114,36,0.76,1.4,30,high,clear,0,1,1,simulated
2026-01-29 18:00:00,P3,Market Road Parking,Street,12.9698,77.5962,80,48,32,0.6,0.5,20,high,clear,0,1,1,simulated
2026-01-29 18:00:00,P4,Metro Station Parking,Transit,12.9784,77.5915,250,238,12,0.952,1.8,25,high,clear,0,1,1,simulated
2026-01-29 18:00:00,P5,College Campus Parking,Campus,12.9675,77.594,120,75,45,0.625,1.0,15,high,clear,0,1,1,simulated
2026-01-29 18:30:00,P1,Central Mall Parking,Mall,12.9719,77.5937,200,164,36,0.82,0.8,40,high,clear,0,1,0,simulated
2026-01-29 18:30:00,P2,City Office Parking,Office,12.975,77.5945,150,76,74,0.5067,1.4,30,high,clear,0,1,0,simulated
2026-01-29 18:30:00,P3,Market Road Parking,Street,12.9698,77.5962,80,43,37,0.5375,0.5,20,high,clear,0,1,0,simulated
2026-01-29 18:30:00,P4,Metro Station Parking,Transit,12.9784,77.5915,250,237,13,0.948,1.8,25,high,clear,0,1,0,simulated
2026-01-29 18:30:00,P5,College Campus Parking,Campus,12.9675,77.594,120,36,84,0.3,1.0,15,high,clear,0,1,0,simulated
2026-01-29 19:00:00,P1,Central Mall Parking,Mall,12.9719,77.5937,200,156,44,0.78,0.8,40,high,clear,0,1,0,simulated
2026-01-29 19:00:00,P2,City Office Parking,Office,12.975,77.5945,150,72,78,0.48,1.4,30,high,clear,0,1,0,simulated
2026-01-29 19:00:00,P3,Market Road Parking,Street,12.9698,77.5962,80,46,34,0.575,0.5,20,high,clear,0,1,0,simulated
2026-01-29 19:00:00,P4,Metro Station Parking,Transit,12.9784,77.5915,250,219,31,0.876,1.8,25,high,clear,0,1,0,simulated
2026-01-29 19:00:00,P5,College Campus Parking,Campus,12.9675,77.594,120,35,85,0.2917,1.0,15,high,clear,0,1,0,simulated
2026-01-29 19:30:00,P1,Central Mall Parking,Mall,12.9719,77.5937,200,168,32,0.84,0.8,40,high,cloudy,0,1,0,simulated
2026-01-29 19:30:00,P2,City Office Parking,Office,12.975,77.5945,150,83,67,0.5533,1.4,30,high,cloudy,0,1,0,simulated
2026-01-29 19:30:00,P3,Market Road Parking,Street,12.9698,77.5962,80,49,31,0.6125,0.5,20,high,cloudy,0,1,0,simulated
2026-01-29 19:30:00,P4,Metro Station Parking,Transit,12.9784,77.5915,250,231,19,0.924,1.8,25,high,cloudy,0,1,0,simulated
2026-01-29 19:30:00,P5,College Campus Parking,Campus,12.9675,77.594,120,28,92,0.2333,1.0,15,high,cloudy,0,1,0,simulated
2026-01-29 20:00:00,P1,Central Mall Parking,Mall,12.9719,77.5937,200,166,34,0.83,0.8,40,high,clear,0,1,0,simulated
2026-01-29 20:00:00,P2,City Office Parking,Office,12.975,77.5945,150,78,72,0.52,1.4,30,high,clear,0,1,0,simulated
2026-01-29 20:00:00,P3,Market Road Parking,Street,12.9698,77.5962,80,42,38,0.525,0.5,20,high,clear,0,1,0,simulated
2026-01-29 20:00:00,P4,Metro Station Parking,Transit,12.9784,77.5915,250,219,31,0.876,1.8,25,high,clear,0,1,0,simulated
2026-01-29 20:00:00,P5,College Campus Parking,Campus,12.9675,77.594,120,34,86,0.2833,1.0,15,high,clear,0,1,0,simulated
2026-01-30 08:00:00,P1,Central Mall Parking,Mall,12.9719,77.5937,200,58,142,0.29,0.8,40,medium,clear,0,1,0,simulated
2026-01-30 08:00:00,P2,City Office Parking,Office,12.975,77.5945,150,58,92,0.3867,1.4,30,medium,clear,0,1,0,simulated
2026-01-30 08:00:00,P3,Market Road Parking,Street,12.9698,77.5962,80,42,38,0.525,0.5,20,medium,clear,0,1,0,simulated
2026-01-30 08:00:00,P4,Metro Station Parking,Transit,12.9784,77.5915,250,196,54,0.784,1.8,25,medium,clear,0,1,0,simulated
2026-01-30 08:00:00,P5,College Campus Parking,Campus,12.9675,77.594,120,37,83,0.3083,1.0,15,medium,clear,0,1,0,simulated
2026-01-30 08:30:00,P1,Central Mall Parking,Mall,12.9719,77.5937,200,60,140,0.3,0.8,40,high,clear,0,1,0,simulated
2026-01-30 08:30:00,P2,City Office Parking,Office,12.975,77.5945,150,72,78,0.48,1.4,30,high,clear,0,1,0,simulated
2026-01-30 08:30:00,P3,Market Road Parking,Street,12.9698,77.5962,80,43,37,0.5375,0.5,20,high,clear,0,1,0,simulated
2026-01-30 08:30:00,P4,Metro Station Parking,Transit,12.9784,77.5915,250,204,46,0.816,1.8,25,high,clear,0,1,0,simulated
2026-01-30 08:30:00,P5,College Campus Parking,Campus,12.9675,77.594,120,51,69,0.425,1.0,15,high,clear,0,1,0,simulated
2026-01-30 09:00:00,P1,Central Mall Parking,Mall,12.9719,77.5937,200,52,148,0.26,0.8,40,high,clear,0,1,0,simulated
2026-01-30 09:00:00,P2,City Office Parking,Office,12.975,77.5945,150,126,24,0.84,1.4,30,high,clear,0,1,0,simulated
2026-01-30 09:00:00,P3,Market Road Parking,Street,12.9698,77.5962,80,45,35,0.5625,0.5,20,high,clear,0,1,0,simulated
2026-01-30 09:00:00,P4,Metro Station Parking,Transit,12.9784,77.5915,250,217,33,0.868,1.8,25,high,clear,0,1,0,simulated
2026-01-30 09:00:00,P5,College Campus Parking,Campus,12.9675,77.594,120,101,19,0.8417,1.0,15,high,clear,0,1,0,simulated
2026-01-30 09:30:00,P1,Central Mall Parking,Mall,12.9719,77.5937,200,54,146,0.27,0.8,40,high,clear,0,1,0,simulated
2026-01-30 09:30:00,P2,City Office Parking,Office,12.975,77.5945,150,122,28,0.8133,1.4,30,high,clear,0,1,0,simulated
2026-01-30 09:30:00,P3,Market Road Parking,Street,12.9698,77.5962,80,48,32,0.6,0.5,20,high,clear,0,1,0,simulated
2026-01-30 09:30:00,P4,Metro Station Parking,Transit,12.9784,77.5915,250,203,47,0.812,1.8,25,high,clear,0,1,0,simulated
2026-01-30 09:30:00,P5,College Campus Parking,Campus,12.9675,77.594,120,90,30,0.75,1.0,15,high,clear,0,1,0,simulated
2026-01-30 10:00:00,P1,Central Mall Parking,Mall,12.9719,77.5937,200,61,139,0.305,0.8,40,medium,clear,0,1,0,simulated
2026-01-30 10:00:00,P2,City Office Parking,Office,12.975,77.5945,150,114,36,0.76,1.4,30,medium,clear,0,1,0,simulated
2026-01-30 10:00:00,P3,Market Road Parking,Street,12.9698,77.5962,80,48,32,0.6,0.5,20,medium,clear,0,1,0,simulated
2026-01-30 10:00:00,P4,Metro Station Parking,Transit,12.9784,77.5915,250,202,48,0.808,1.8,25,medium,clear,0,1,0,simulated
2026-01-30 10:00:00,P5,College Campus Parking,Campus,12.9675,77.594,120,88,32,0.7333,1.0,15,medium,clear,0,1,0,simulated
2026-01-30 10:30:00,P1,Central Mall Parking,Mall,12.9719,77.5937,200,48,152,0.24,0.8,40,low,clear,0,0,0,simulated
2026-01-30 10:30:00,P2,City Office Parking,Office,12.975,77.5945,150,112,38,0.7467,1.4,30,low,clear,0,0,0,simulated
2026-01-30 10:30:00,P3,Market Road Parking,Street,12.9698,77.5962,80,40,40,0.5,0.5,20,low,clear,0,0,0,simulated
2026-01-30 10:30:00,P4,Metro Station Parking,Transit,12.9784,77.5915,250,125,125,0.5,1.8,25,low,clear,0,0,0,simulated
2026-01-30 10:30:00,P5,College Campus Parking,Campus,12.9675,77.594,120,85,35,0.7083,1.0,15,low,clear,0,0,0,simulated
2026-01-30 11:00:00,P1,Central Mall Parking,Mall,12.9719,77.5937,200,120,80,0.6,0.8,40,low,cloudy,0,0,0,simulated
2026-01-30 11:00:00,P2,City Office Parking,Office,12.975,77.5945,150,111,39,0.74,1.4,30,low,cloudy,0,0,0,simulated
2026-01-30 11:00:00,P3,Market Road Parking,Street,12.9698,77.5962,80,52,28,0.65,0.5,20,low,cloudy,0,0,0,simulated
2026-01-30 11:00:00,P4,Metro Station Parking,Transit,12.9784,77.5915,250,123,127,0.492,1.8,25,low,cloudy,0,0,0,simulated
2026-01-30 11:00:00,P5,College Campus Parking,Campus,12.9675,77.594,120,85,35,0.7083,1.0,15,low,cloudy,0,0,0,simulated
2026-01-30 11:30:00,P1,Central Mall Parking,Mall,12.9719,77.5937,200,123,77,0.615,0.8,40,medium,rain,0,0,0,simulated
2026-01-30 11:30:00,P2,City Office Parking,Office,12.975,77.5945,150,141,9,0.94,1.4,30,medium,rain,0,0,0,simulated
2026-01-30 11:30:00,P3,Market Road Parking,Street,12.9698,77.5962,80,52,28,0.65,0.5,20,medium,rain,0,0,0,simulated
2026-01-30 11:30:00,P4,Metro Station Parking,Transit,12.9784,77.5915,250,142,108,0.568,1.8,25,medium,rain,0,0,0,simulated
2026-01-30 11:30:00,P5,College Campus Parking,Campus,12.9675,77.594,120,98,22,0.8167,1.0,15,medium,rain,0,0,0,simulated
2026-01-30 12:00:00,P1,Central Mall Parking,Mall,12.9719,77.5937,200,134,66,0.67,0.8,40,medium,clear,0,0,0,simulated
2026-01-30 12:00:00,P2,City Office Parking,Office,12.975,77.5945,150,130,20,0.8667,1.4,30,medium,clear,0,0,0,simulated
2026-01-30 12:00:00,P3,Market Road Parking,Street,12.9698,77.5962,80,48,32,0.6,0.5,20,medium,clear,0,0,0,simulated
2026-01-30 12:00:00,P4,Metro Station Parking,Transit,12.9784,77.5915,250,130,120,0.52,1.8,25,medium,clear,0,0,0,simulated
2026-01-30 12:00:00,P5,College Campus Parking,Campus,12.9675,77.594,120,94,26,0.7833,1.0,15,medium,clear,0,0,0,simulated
2026-01-30 12:30:00,P1,Central Mall Parking,Mall,12.9719,77.5937,200,115,85,0.575,0.8,40,low,cloudy,0,0,0,simulated
2026-01-30 12:30:00,P2,City Office Parking,Office,12.975,77.5945,150,140,10,0.9333,1.4,30,low,cloudy,0,0,0,simulated
2026-01-30 12:30:00,P3,Market Road Parking,Street,12.9698,77.5962,80,51,29,0.6375,0.5,20,low,cloudy,0,0,0,simulated
2026-01-30 12:30:00,P4,Metro Station Parking,Transit,12.9784,77.5915,250,120,130,0.48,1.8,25,low,cloudy,0,0,0,simulated
2026-01-30 12:30:00,P5,College Campus Parking,Campus,12.9675,77.594,120,107,13,0.8917,1.0,15,low,cloudy,0,0,0,simulated
2026-01-30 13:00:00,P1,Central Mall Parking,Mall,12.9719,77.5937,200,122,78,0.61,0.8,40,medium,clear,0,0,0,simulated
2026-01-30 13:00:00,P2,City Office Parking,Office,12.975,77.5945,150,135,15,0.9,1.4,30,medium,clear,0,0,0,simulated
2026-01-30 13:00:00,P3,Market Road Parking,Street,12.9698,77.5962,80,46,34,0.575,0.5,20,medium,clear,0,0,0,simulated
2026-01-30 13:00:00,P4,Metro Station Parking,Transit,12.9784,77.5915,250,137,113,0.548,1.8,25,medium,clear,0,0,0,simulated
2026-01-30 13:00:00,P5,College Campus Parking,Campus,12.9675,77.594,120,100,20,0.8333,1.0,15,medium,clear,0,0,0,simulated
2026-01-30 13:30:00,P1,Central Mall Parking,Mall,12.9719,77.5937,200,130,70,0.65,0.8,40,medium,clear,0,0,0,simulated
2026-01-30 13:30:00,P2,City Office Parking,Office,12.975,77.5945,150,138,12,0.92,1.4,30,medium,clear,0,0,0,simulated
2026-01-30 13:30:00,P3,Market Road Parking,Street,12.9698,77.5962,80,49,31,0.6125,0.5,20,medium,clear,0,0,0,simulated
2026-01-30 13:30:00,P4,Metro Station Parking,Transit,12.9784,77.5915,250,117,133,0.468,1.8,25,medium,clear,0,0,0,simulated
2026-01-30 13:30:00,P5,College Campus Parking,Campus,12.9675,77.594,120,107,13,0.8917,1.0,15,medium,clear,0,0,0,simulated
2026-01-30 14:00:00,P1,Central Mall Parking,Mall,12.9719,77.5937,200,122,78,0.61,0.8,40,medium,clear,0,0,0,simulated
2026-01-30 14:00:00,P2,City Office Parking,Office,12.975,77.5945,150,133,17,0.8867,1.4,30,medium,clear,0,0,0,simulated
2026-01-30 14:00:00,P3,Market Road Parking,Street,12.9698,77.5962,80,49,31,0.6125,0.5,20,medium,clear,0,0,0,simulated
2026-01-30 14:00:00,P4,Metro Station Parking,Transit,12.9784,77.5915,250,117,133,0.468,1.8,25,medium,clear,0,0,0,simulated
2026-01-30 14:00:00,P5,College Campus Parking,Campus,12.9675,77.594,120,95,25,0.7917,1.0,15,medium,clear,0,0,0,simulated
2026-01-30 14:30:00,P1,Central Mall Parking,Mall,12.9719,77.5937,200,130,70,0.65,0.8,40,medium,cloudy,0,0,0,simulated
2026-01-30 14:30:00,P2,City Office Parking,Office,12.975,77.5945,150,132,18,0.88,1.4,30,medium,cloudy,0,0,0,simulated
2026-01-30 14:30:00,P3,Market Road Parking,Street,12.9698,77.5962,80,52,28,0.65,0.5,20,medium,cloudy,0,0,0,simulated
2026-01-30 14:30:00,P4,Metro Station Parking,Transit,12.9784,77.5915,250,119,131,0.476,1.8,25,medium,cloudy,0,0,0,simulated
2026-01-30 14:30:00,P5,College Campus Parking,Campus,12.9675,77.594,120,97,23,0.8083,1.0,15,medium,cloudy,0,0,0,simulated
2026-01-30 15:00:00,P1,Central Mall Parking,Mall,12.9719,77.5937,200,121,79,0.605,0.8,40,medium,clear,0,0,0,simulated
2026-01-30 15:00:00,P2,City Office Parking,Office,12.975,77.5945,150,131,19,0.8733,1.4,30,medium,clear,0,0,0,simulated
2026-01-30 15:00:00,P3,Market Road Parking,Street,12.9698,77.5962,80,45,35,0.5625,0.5,20,medium,clear,0,0,0,simulated
2026-01-30 15:00:00,P4,Metro Station Parking,Transit,12.9784,77.5915,250,136,114,0.544,1.8,25,medium,clear,0,0,0,simulated
2026-01-30 15:00:00,P5,College Campus Parking,Campus,12.9675,77.594,120,102,18,0.85,1.0,15,medium,clear,0,0,0,simulated
2026-01-30 15:30:00,P1,Central Mall Parking,Mall,12.9719,77.5937,200,150,50,0.75,0.8,40,medium,cloudy,0,0,0,simulated
2026-01-30 15:30:00,P2,City Office Parking,Office,12.975,77.5945,150,114,36,0.76,1.4,30,medium,cloudy,0,0,0,simulated
2026-01-30 15:30:00,P3,Market Road Parking,Street,12.9698,77.5962,80,44,36,0.55,0.5,20,medium,cloudy,0,0,0,simulated
2026-01-30 15:30:00,P4,Metro Station Parking,Transit,12.9784,77.5915,250,131,119,0.524,1.8,25,medium,cloudy,0,0,0,simulated
2026-01-30 15:30:00,P5,College Campus Parking,Campus,12.9675,77.594,120,106,14,0.8833,1.0,15,medium,cloudy,0,0,0,simulated
2026-01-30 16:00:00,P1,Central Mall Parking,Mall,12.9719,77.5937,200,157,43,0.785,0.8,40,medium,cloudy,0,0,0,simulated
2026-01-30 16:00:00,P2,City Office Parking,Office,12.975,77.5945,150,112,38,0.7467,1.4,30,medium,cloudy,0,0,0,simulated
2026-01-30 16:00:00,P3,Market Road Parking,Street,12.9698,77.5962,80,41,39,0.5125,0.5,20,medium,cloudy,0,0,0,simulated
2026-01-30 16:00:00,P4,Metro Station Parking,Transit,12.9784,77.5915,250,140,110,0.56,1.8,25,medium,cloudy,0,0,0,simulated
2026-01-30 16:00:00,P5,College Campus Parking,Campus,12.9675,77.594,120,106,14,0.8833,1.0,15,medium,cloudy,0,0,0,simulated
2026-01-30 16:30:00,P1,Central Mall Parking,Mall,12.9719,77.5937,200,158,42,0.79,0.8,40,medium,clear,0,0,0,simulated
2026-01-30 16:30:00,P2,City Office Parking,Office,12.975,77.5945,150,120,30,0.8,1.4,30,medium,clear,0,0,0,simulated
2026-01-30 16:30:00,P3,Market Road Parking,Street,12.9698,77.5962,80,41,39,0.5125,0.5,20,medium,clear,0,0,0,simulated
2026-01-30 16:30:00,P4,Metro Station Parking,Transit,12.9784,77.5915,250,118,132,0.472,1.8,25,medium,clear,0,0,0,simulated
2026-01-30 16:30:00,P5,College Campus Parking,Campus,12.9675,77.594,120,65,55,0.5417,1.0,15,medium,clear,0,0,0,simulated
2026-01-30 17:00:00,P1,Central Mall Parking,Mall,12.9719,77.5937,200,152,48,0.76,0.8,40,high,clear,0,1,0,simulated
2026-01-30 17:00:00,P2,City Office Parking,Office,12.975,77.5945,150,118,32,0.7867,1.4,30,high,clear,0,1,0,simulated
2026-01-30 17:00:00,P3,Market Road Parking,Street,12.9698,77.5962,80,49,31,0.6125,0.5,20,high,clear,0,1,0,simulated
2026-01-30 17:00:00,P4,Metro Station Parking,Transit,12.9784,77.5915,250,216,34,0.864,1.8,25,high,clear,0,1,0,simulated
2026-01-30 17:00:00,P5,College Campus Parking,Campus,12.9675,77.594,120,61,59,0.5083,1.0,15,high,clear,0,1,0,simulated
2026-01-30 17:30:00,P1,Central Mall Parking,Mall,12.9719,77.5937,200,163,37,0.815,0.8,40,high,clear,0,1,0,simulated
2026-01-30 17:30:00,P2,City Office Parking,Office,12.975,77.5945,150,124,26,0.8267,1.4,30,high,clear,0,1,0,simulated
2026-01-30 17:30:00,P3,Market Road Parking,Street,12.9698,77.5962,80,46,34,0.575,0.5,20,high,clear,0,1,0,simulated
2026-01-30 17:30:00,P4,Metro Station Parking,Transit,12.9784,77.5915,250,213,37,0.852,1.8,25,high,clear,0,1,0,simulated
2026-01-30 17:30:00,P5,College Campus Parking,Campus,12.9675,77.594,120,61,59,0.5083,1.0,15,high,clear,0,1,0,simulated
2026-01-30 18:00:00,P1,Central Mall Parking,Mall,12.9719,77.5937,200,165,35,0.825,0.8,40,high,rain,0,1,0,simulated
2026-01-30 18:00:00,P2,City Office Parking,Office,12.975,77.5945,150,126,24,0.84,1.4,30,high,rain,0,1,0,simulated
2026-01-30 18:00:00,P3,Market Road Parking,Street,12.9698,77.5962,80,48,32,0.6,0.5,20,high,rain,0,1,0,simulated
2026-01-30 18:00:00,P4,Metro Station Parking,Transit,12.9784,77.5915,250,230,20,0.92,1.8,25,high,rain,0,1,0,simulated
2026-01-30 18:00:00,P5,College Campus Parking,Campus,12.9675,77.594,120,68,52,0.5667,1.0,15,high,rain,0,1,0,simulated
2026-01-30 18:30:00,P1,Central Mall Parking,Mall,12.9719,77.5937,200,147,53,0.735,0.8,40,high,clear,0,1,0,simulated
2026-01-30 18:30:00,P2,City Office Parking,Office,12.975,77.5945,150,78,72,0.52,1.4,30,high,clear,0,1,0,simulated
2026-01-30 18:30:00,P3,Market Road Parking,Street,12.9698,77.5962,80,47,33,0.5875,0.5,20,high,clear,0,1,0,simulated
2026-01-30 18:30:00,P4,Metro Station Parking,Transit,12.9784,77.5915,250,218,32,0.872,1.8,25,high,clear,0,1,0,simulated
2026-01-30 18:30:00,P5,College Campus Parking,Campus,12.9675,77.594,120,35,85,0.2917,1.0,15,high,clear,0,1,0,simulated
2026-01-30 19:00:00,P1,Central Mall Parking,Mall,12.9719,77.5937,200,163,37,0.815,0.8,40,medium,clear,0,1,0,simulated
2026-01-30 19:00:00,P2,City Office Parking,Office,12.975,77.5945,150,76,74,0.5067,1.4,30,medium,clear,0,1,0,simulated
2026-01-30 19:00:00,P3,Market Road Parking,Street,12.9698,77.5962,80,45,35,0.5625,0.5,20,medium,clear,0,1,0,simulated
2026-01-30 19:00:00,P4,Metro Station Parking,Transit,12.9784,77.5915,250,229,21,0.916,1.8,25,medium,clear,0,1,0,simulated
2026-01-30 19:00:00,P5,College Campus Parking,Campus,12.9675,77.594,120,26,94,0.2167,1.0,15,medium,clear,0,1,0,simulated
2026-01-30 19:30:00,P1,Central Mall Parking,Mall,12.9719,77.5937,200,157,43,0.785,0.8,40,medium,clear,0,1,0,simulated
2026-01-30 19:30:00,P2,City Office Parking,Office,12.975,77.5945,150,76,74,0.5067,1.4,30,medium,clear,0,1,0,simulated
2026-01-30 19:30:00,P3,Market Road Parking,Street,12.9698,77.5962,80,44,36,0.55,0.5,20,medium,clear,0,1,0,simulated
2026-01-30 19:30:00,P4,Metro Station Parking,Transit,12.9784,77.5915,250,209,41,0.836,1.8,25,medium,clear,0,1,0,simulated
2026-01-30 19:30:00,P5,College Campus Parking,Campus,12.9675,77.594,120,27,93,0.225,1.0,15,medium,clear,0,1,0,simulated
2026-01-30 20:00:00,P1,Central Mall Parking,Mall,12.9719,77.5937,200,149,51,0.745,0.8,40,high,clear,0,1,0,simulated
2026-01-30 20:00:00,P2,City Office Parking,Office,12.975,77.5945,150,78,72,0.52,1.4,30,high,clear,0,1,0,simulated
2026-01-30 20:00:00,P3,Market Road Parking,Street,12.9698,77.5962,80,43,37,0.5375,0.5,20,high,clear,0,1,0,simulated
2026-01-30 20:00:00,P4,Metro Station Parking,Transit,12.9784,77.5915,250,224,26,0.896,1.8,25,high,clear,0,1,0,simulated
2026-01-30 20:00:00,P5,College Campus Parking,Campus,12.9675,77.594,120,33,87,0.275,1.0,15,high,clear,0,1,0,simulated
